figure	function	call	n	run	seconds	bytes	language	version
vector	sum	sum($x)	1000	0	6.75026863614529e-07	0	Stats::LikeR	0.3211
vector	sum	sum($x)	1000	1	6.66162874496358e-07	0	Stats::LikeR	0.3211
vector	sum	sum($x)	1000	2	6.71047361972887e-07	0	Stats::LikeR	0.3211
vector	sum	sum($x)	1000	3	6.80757872161375e-07	0	Stats::LikeR	0.3211
vector	sum	sum($x)	1000	4	6.71635651616857e-07	0	Stats::LikeR	0.3211
vector	sum	sum($x)	1000	5	7.38509853808698e-07	0	Stats::LikeR	0.3211
vector	sum	sum($x)	1000	6	8.29737541632126e-07	0	Stats::LikeR	0.3211
vector	min	min($x)	1000	0	1.52406238374256e-06	0	Stats::LikeR	0.3211
vector	min	min($x)	1000	1	9.84850164906133e-07	0	Stats::LikeR	0.3211
vector	min	min($x)	1000	2	9.6142476557209e-07	0	Stats::LikeR	0.3211
vector	min	min($x)	1000	3	9.72538703503895e-07	0	Stats::LikeR	0.3211
vector	min	min($x)	1000	4	1.02845001948005e-06	0	Stats::LikeR	0.3211
vector	min	min($x)	1000	5	9.86630173384064e-07	0	Stats::LikeR	0.3211
vector	min	min($x)	1000	6	9.68674913375462e-07	0	Stats::LikeR	0.3211
vector	max	max($x)	1000	0	9.67670548782658e-07	4096	Stats::LikeR	0.3211
vector	max	max($x)	1000	1	9.79739370070086e-07	4096	Stats::LikeR	0.3211
vector	max	max($x)	1000	2	9.56174415901119e-07	4096	Stats::LikeR	0.3211
vector	max	max($x)	1000	3	9.6798454194718e-07	4096	Stats::LikeR	0.3211
vector	max	max($x)	1000	4	9.70028859881598e-07	4096	Stats::LikeR	0.3211
vector	max	max($x)	1000	5	9.83192807152158e-07	4096	Stats::LikeR	0.3211
vector	max	max($x)	1000	6	9.57420894077846e-07	4096	Stats::LikeR	0.3211
vector	sum	List::Util::sum(@$x)	1000	0	4.48345030793465e-06	8192	List::Util	1.70
vector	sum	List::Util::sum(@$x)	1000	1	4.4405460357666e-06	8192	List::Util	1.70
vector	sum	List::Util::sum(@$x)	1000	2	4.47273254394531e-06	8192	List::Util	1.70
vector	sum	List::Util::sum(@$x)	1000	3	4.47886330740792e-06	8192	List::Util	1.70
vector	sum	List::Util::sum(@$x)	1000	4	4.48465347290039e-06	8192	List::Util	1.70
vector	sum	List::Util::sum(@$x)	1000	5	4.43486940293085e-06	8192	List::Util	1.70
vector	sum	List::Util::sum(@$x)	1000	6	4.43756580352783e-06	8192	List::Util	1.70
vector	min	List::Util::min(@$x)	1000	0	5.53897448948451e-06	8192	List::Util	1.70
vector	min	List::Util::min(@$x)	1000	1	5.6296193127065e-06	8192	List::Util	1.70
vector	min	List::Util::min(@$x)	1000	2	5.39840076843538e-06	8192	List::Util	1.70
vector	min	List::Util::min(@$x)	1000	3	5.02416479442766e-06	8192	List::Util	1.70
vector	min	List::Util::min(@$x)	1000	4	4.91509070763221e-06	8192	List::Util	1.70
vector	min	List::Util::min(@$x)	1000	5	5.1621966033812e-06	8192	List::Util	1.70
vector	min	List::Util::min(@$x)	1000	6	5.12905609913361e-06	8192	List::Util	1.70
vector	max	List::Util::max(@$x)	1000	0	3.92404095879917e-06	12288	List::Util	1.70
vector	max	List::Util::max(@$x)	1000	1	4.08883036872153e-06	12288	List::Util	1.70
vector	max	List::Util::max(@$x)	1000	2	4.02402310144334e-06	12288	List::Util	1.70
vector	max	List::Util::max(@$x)	1000	3	3.99138246263776e-06	12288	List::Util	1.70
vector	max	List::Util::max(@$x)	1000	4	3.96896811092601e-06	12288	List::Util	1.70
vector	max	List::Util::max(@$x)	1000	5	3.89937696785762e-06	12288	List::Util	1.70
vector	max	List::Util::max(@$x)	1000	6	3.82355492181453e-06	12288	List::Util	1.70
vector	mean	mean($x)	1000	0	6.79735713194165e-07	0	Stats::LikeR	0.3211
vector	mean	mean($x)	1000	1	6.87300079316611e-07	0	Stats::LikeR	0.3211
vector	mean	mean($x)	1000	2	6.77299681337137e-07	0	Stats::LikeR	0.3211
vector	mean	mean($x)	1000	3	6.88777410836306e-07	0	Stats::LikeR	0.3211
vector	mean	mean($x)	1000	4	6.78663371970701e-07	0	Stats::LikeR	0.3211
vector	mean	mean($x)	1000	5	6.77435855517944e-07	0	Stats::LikeR	0.3211
vector	mean	mean($x)	1000	6	6.82802190095793e-07	0	Stats::LikeR	0.3211
vector	median	median($x)	1000	0	4.2897551807005e-06	4096	Stats::LikeR	0.3211
vector	median	median($x)	1000	1	4.23252582550049e-06	4096	Stats::LikeR	0.3211
vector	median	median($x)	1000	2	4.27007675170898e-06	4096	Stats::LikeR	0.3211
vector	median	median($x)	1000	3	4.26173210144043e-06	4096	Stats::LikeR	0.3211
vector	median	median($x)	1000	4	4.27722930908203e-06	4096	Stats::LikeR	0.3211
vector	median	median($x)	1000	5	4.34759117308117e-06	4096	Stats::LikeR	0.3211
vector	median	median($x)	1000	6	4.2830194745745e-06	4096	Stats::LikeR	0.3211
vector	sd	sd($x)	1000	0	1.4427730015346e-06	4096	Stats::LikeR	0.3211
vector	sd	sd($x)	1000	1	1.4659420993675e-06	4096	Stats::LikeR	0.3211
vector	sd	sd($x)	1000	2	1.43843320660525e-06	4096	Stats::LikeR	0.3211
vector	sd	sd($x)	1000	3	1.4185905456543e-06	4096	Stats::LikeR	0.3211
vector	sd	sd($x)	1000	4	1.45121019369536e-06	4096	Stats::LikeR	0.3211
vector	sd	sd($x)	1000	5	1.4662870384617e-06	4096	Stats::LikeR	0.3211
vector	sd	sd($x)	1000	6	1.4437995411831e-06	4096	Stats::LikeR	0.3211
vector	var	var($x)	1000	0	1.43153326851981e-06	0	Stats::LikeR	0.3211
vector	var	var($x)	1000	1	1.45707811628069e-06	0	Stats::LikeR	0.3211
vector	var	var($x)	1000	2	1.4537628221069e-06	0	Stats::LikeR	0.3211
vector	var	var($x)	1000	3	1.45096683411285e-06	0	Stats::LikeR	0.3211
vector	var	var($x)	1000	4	1.4448217001503e-06	0	Stats::LikeR	0.3211
vector	var	var($x)	1000	5	1.47005850298275e-06	0	Stats::LikeR	0.3211
vector	var	var($x)	1000	6	1.46865844726563e-06	0	Stats::LikeR	0.3211
vector	quantile	quantile(x => $x, probs => [.25,.5,.75])	1000	0	6.32376897902716e-06	8192	Stats::LikeR	0.3211
vector	quantile	quantile(x => $x, probs => [.25,.5,.75])	1000	1	6.21290767894072e-06	8192	Stats::LikeR	0.3211
vector	quantile	quantile(x => $x, probs => [.25,.5,.75])	1000	2	6.2345975806356e-06	8192	Stats::LikeR	0.3211
vector	quantile	quantile(x => $x, probs => [.25,.5,.75])	1000	3	6.23354302628975e-06	8192	Stats::LikeR	0.3211
vector	quantile	quantile(x => $x, probs => [.25,.5,.75])	1000	4	6.1642889883004e-06	8192	Stats::LikeR	0.3211
vector	quantile	quantile(x => $x, probs => [.25,.5,.75])	1000	5	6.2027440862617e-06	8192	Stats::LikeR	0.3211
vector	quantile	quantile(x => $x, probs => [.25,.5,.75])	1000	6	6.14807253978292e-06	8192	Stats::LikeR	0.3211
vector	cor	cor($x, $y)	1000	0	3.11647142682757e-06	8192	Stats::LikeR	0.3211
vector	cor	cor($x, $y)	1000	1	3.10262044270833e-06	8192	Stats::LikeR	0.3211
vector	cor	cor($x, $y)	1000	2	3.09717087518601e-06	8192	Stats::LikeR	0.3211
vector	cor	cor($x, $y)	1000	3	3.13756919582846e-06	8192	Stats::LikeR	0.3211
vector	cor	cor($x, $y)	1000	4	3.09895889961768e-06	8192	Stats::LikeR	0.3211
vector	cor	cor($x, $y)	1000	5	3.1076462162651e-06	8192	Stats::LikeR	0.3211
vector	cor	cor($x, $y)	1000	6	3.08752059936523e-06	8192	Stats::LikeR	0.3211
vector	cov	cov($x, $y)	1000	0	3.51965427398682e-06	12288	Stats::LikeR	0.3211
vector	cov	cov($x, $y)	1000	1	3.53455543518066e-06	12288	Stats::LikeR	0.3211
vector	cov	cov($x, $y)	1000	2	3.48985195159912e-06	12288	Stats::LikeR	0.3211
vector	cov	cov($x, $y)	1000	3	3.48448753356934e-06	12288	Stats::LikeR	0.3211
vector	cov	cov($x, $y)	1000	4	3.51250171661377e-06	12288	Stats::LikeR	0.3211
vector	cov	cov($x, $y)	1000	5	3.48210334777832e-06	12288	Stats::LikeR	0.3211
vector	cov	cov($x, $y)	1000	6	3.48091125488281e-06	12288	Stats::LikeR	0.3211
vector	skew	skew($x)	1000	0	9.71413794017973e-06	0	Stats::LikeR	0.3211
vector	skew	skew($x)	1000	1	9.70480871982262e-06	0	Stats::LikeR	0.3211
vector	skew	skew($x)	1000	2	9.67502593994141e-06	0	Stats::LikeR	0.3211
vector	skew	skew($x)	1000	3	9.69052314758301e-06	0	Stats::LikeR	0.3211
vector	skew	skew($x)	1000	4	9.69258100626855e-06	0	Stats::LikeR	0.3211
vector	skew	skew($x)	1000	5	9.68787188087005e-06	0	Stats::LikeR	0.3211
vector	skew	skew($x)	1000	6	9.67863129406441e-06	0	Stats::LikeR	0.3211
vector	kurtosis	kurtosis($x)	1000	0	9.9227541968936e-06	0	Stats::LikeR	0.3211
vector	kurtosis	kurtosis($x)	1000	1	9.69438604969796e-06	0	Stats::LikeR	0.3211
vector	kurtosis	kurtosis($x)	1000	2	9.69959738476029e-06	0	Stats::LikeR	0.3211
vector	kurtosis	kurtosis($x)	1000	3	9.71002005488495e-06	0	Stats::LikeR	0.3211
vector	kurtosis	kurtosis($x)	1000	4	9.69438604969796e-06	0	Stats::LikeR	0.3211
vector	kurtosis	kurtosis($x)	1000	5	9.68917471463563e-06	0	Stats::LikeR	0.3211
vector	kurtosis	kurtosis($x)	1000	6	9.69308321593238e-06	0	Stats::LikeR	0.3211
vector	sum	sum($x)	3000	0	2.12013721466064e-06	0	Stats::LikeR	0.3211
vector	sum	sum($x)	3000	1	1.91177746090727e-06	0	Stats::LikeR	0.3211
vector	sum	sum($x)	3000	2	1.89000238944133e-06	0	Stats::LikeR	0.3211
vector	sum	sum($x)	3000	3	1.88557356134657e-06	0	Stats::LikeR	0.3211
vector	sum	sum($x)	3000	4	1.88282557896205e-06	0	Stats::LikeR	0.3211
vector	sum	sum($x)	3000	5	1.88852611340975e-06	0	Stats::LikeR	0.3211
vector	sum	sum($x)	3000	6	1.90587235678091e-06	0	Stats::LikeR	0.3211
vector	min	min($x)	3000	0	4.28937678962811e-06	4096	Stats::LikeR	0.3211
vector	min	min($x)	3000	1	2.71975994110107e-06	4096	Stats::LikeR	0.3211
vector	min	min($x)	3000	2	2.73664669355741e-06	4096	Stats::LikeR	0.3211
vector	min	min($x)	3000	3	2.73891788745216e-06	4096	Stats::LikeR	0.3211
vector	min	min($x)	3000	4	2.73701576256531e-06	4096	Stats::LikeR	0.3211
vector	min	min($x)	3000	5	2.72932506742932e-06	4096	Stats::LikeR	0.3211
vector	min	min($x)	3000	6	2.72580555507115e-06	4096	Stats::LikeR	0.3211
vector	max	max($x)	3000	0	3.56018543243408e-06	0	Stats::LikeR	0.3211
vector	max	max($x)	3000	1	2.7352287655785e-06	0	Stats::LikeR	0.3211
vector	max	max($x)	3000	2	2.72057799675204e-06	0	Stats::LikeR	0.3211
vector	max	max($x)	3000	3	2.7329581124442e-06	0	Stats::LikeR	0.3211
vector	max	max($x)	3000	4	2.73341224307106e-06	0	Stats::LikeR	0.3211
vector	max	max($x)	3000	5	2.7186474819415e-06	0	Stats::LikeR	0.3211
vector	max	max($x)	3000	6	2.72926531339947e-06	0	Stats::LikeR	0.3211
vector	sum	List::Util::sum(@$x)	3000	0	1.55305862426758e-05	24576	List::Util	1.70
vector	sum	List::Util::sum(@$x)	3000	1	1.35596118756195e-05	24576	List::Util	1.70
vector	sum	List::Util::sum(@$x)	3000	2	1.3262650062298e-05	24576	List::Util	1.70
vector	sum	List::Util::sum(@$x)	3000	3	1.32313975087413e-05	24576	List::Util	1.70
vector	sum	List::Util::sum(@$x)	3000	4	1.3258073713396e-05	24576	List::Util	1.70
vector	sum	List::Util::sum(@$x)	3000	5	1.309545416581e-05	24576	List::Util	1.70
vector	sum	List::Util::sum(@$x)	3000	6	1.34348035692335e-05	24576	List::Util	1.70
vector	min	List::Util::min(@$x)	3000	0	1.47294998168945e-05	24576	List::Util	1.70
vector	min	List::Util::min(@$x)	3000	1	1.37388706207275e-05	24576	List::Util	1.70
vector	min	List::Util::min(@$x)	3000	2	1.2922687690799e-05	24576	List::Util	1.70
vector	min	List::Util::min(@$x)	3000	3	1.33514404296875e-05	24576	List::Util	1.70
vector	min	List::Util::min(@$x)	3000	4	1.34898232413339e-05	24576	List::Util	1.70
vector	min	List::Util::min(@$x)	3000	5	1.38751098087856e-05	24576	List::Util	1.70
vector	min	List::Util::min(@$x)	3000	6	1.34867590826911e-05	24576	List::Util	1.70
vector	max	List::Util::max(@$x)	3000	0	1.38751098087856e-05	28672	List::Util	1.70
vector	max	List::Util::max(@$x)	3000	1	1.28828246017982e-05	28672	List::Util	1.70
vector	max	List::Util::max(@$x)	3000	2	1.32767122183273e-05	28672	List::Util	1.70
vector	max	List::Util::max(@$x)	3000	3	1.25151961597044e-05	28672	List::Util	1.70
vector	max	List::Util::max(@$x)	3000	4	1.23294083388535e-05	28672	List::Util	1.70
vector	max	List::Util::max(@$x)	3000	5	1.28660883222307e-05	28672	List::Util	1.70
vector	max	List::Util::max(@$x)	3000	6	1.23011520485473e-05	28672	List::Util	1.70
vector	mean	mean($x)	3000	0	2.50518321990967e-06	0	Stats::LikeR	0.3211
vector	mean	mean($x)	3000	1	1.91234406970796e-06	0	Stats::LikeR	0.3211
vector	mean	mean($x)	3000	2	1.88262100928339e-06	0	Stats::LikeR	0.3211
vector	mean	mean($x)	3000	3	1.89332401051241e-06	0	Stats::LikeR	0.3211
vector	mean	mean($x)	3000	4	1.89747129167829e-06	0	Stats::LikeR	0.3211
vector	mean	mean($x)	3000	5	1.89037145844923e-06	0	Stats::LikeR	0.3211
vector	mean	mean($x)	3000	6	1.8893933728039e-06	0	Stats::LikeR	0.3211
vector	median	median($x)	3000	0	1.4628394175384e-05	24576	Stats::LikeR	0.3211
vector	median	median($x)	3000	1	1.09733679355719e-05	24576	Stats::LikeR	0.3211
vector	median	median($x)	3000	2	1.0964416322254e-05	24576	Stats::LikeR	0.3211
vector	median	median($x)	3000	3	1.09690338817995e-05	24576	Stats::LikeR	0.3211
vector	median	median($x)	3000	4	1.09643647165009e-05	24576	Stats::LikeR	0.3211
vector	median	median($x)	3000	5	1.10280924829943e-05	24576	Stats::LikeR	0.3211
vector	median	median($x)	3000	6	1.09282406893643e-05	24576	Stats::LikeR	0.3211
vector	sd	sd($x)	3000	0	5.69462776184082e-06	4096	Stats::LikeR	0.3211
vector	sd	sd($x)	3000	1	4.13400786263602e-06	4096	Stats::LikeR	0.3211
vector	sd	sd($x)	3000	2	4.21702861785889e-06	4096	Stats::LikeR	0.3211
vector	sd	sd($x)	3000	3	4.14323239099412e-06	4096	Stats::LikeR	0.3211
vector	sd	sd($x)	3000	4	4.25279140472412e-06	4096	Stats::LikeR	0.3211
vector	sd	sd($x)	3000	5	4.20510768890381e-06	4096	Stats::LikeR	0.3211
vector	sd	sd($x)	3000	6	4.17232513427734e-06	4096	Stats::LikeR	0.3211
vector	var	var($x)	3000	0	6.01723080589658e-06	0	Stats::LikeR	0.3211
vector	var	var($x)	3000	1	4.14729118347168e-06	0	Stats::LikeR	0.3211
vector	var	var($x)	3000	2	4.23014163970947e-06	0	Stats::LikeR	0.3211
vector	var	var($x)	3000	3	4.07440321786063e-06	0	Stats::LikeR	0.3211
vector	var	var($x)	3000	4	4.06742095947266e-06	0	Stats::LikeR	0.3211
vector	var	var($x)	3000	5	4.14252281188965e-06	0	Stats::LikeR	0.3211
vector	var	var($x)	3000	6	4.23252582550049e-06	0	Stats::LikeR	0.3211
vector	quantile	quantile(x => $x, probs => [.25,.5,.75])	3000	0	2.94367472330729e-05	20480	Stats::LikeR	0.3211
vector	quantile	quantile(x => $x, probs => [.25,.5,.75])	3000	1	1.83657994346013e-05	20480	Stats::LikeR	0.3211
vector	quantile	quantile(x => $x, probs => [.25,.5,.75])	3000	2	2.21093495686849e-05	20480	Stats::LikeR	0.3211
vector	quantile	quantile(x => $x, probs => [.25,.5,.75])	3000	3	1.91471793434837e-05	20480	Stats::LikeR	0.3211
vector	quantile	quantile(x => $x, probs => [.25,.5,.75])	3000	4	1.87993049621582e-05	20480	Stats::LikeR	0.3211
vector	quantile	quantile(x => $x, probs => [.25,.5,.75])	3000	5	2.24908192952474e-05	20480	Stats::LikeR	0.3211
vector	quantile	quantile(x => $x, probs => [.25,.5,.75])	3000	6	2.21437337447186e-05	20480	Stats::LikeR	0.3211
vector	cor	cor($x, $y)	3000	0	1.02860586983817e-05	45056	Stats::LikeR	0.3211
vector	cor	cor($x, $y)	3000	1	9.01691249159516e-06	45056	Stats::LikeR	0.3211
vector	cor	cor($x, $y)	3000	2	8.89053761633367e-06	45056	Stats::LikeR	0.3211
vector	cor	cor($x, $y)	3000	3	8.86838944231878e-06	45056	Stats::LikeR	0.3211
vector	cor	cor($x, $y)	3000	4	8.84056091308594e-06	45056	Stats::LikeR	0.3211
vector	cor	cor($x, $y)	3000	5	8.87989997863769e-06	45056	Stats::LikeR	0.3211
vector	cor	cor($x, $y)	3000	6	8.81433486938477e-06	45056	Stats::LikeR	0.3211
vector	cov	cov($x, $y)	3000	0	1.22388203938802e-05	45056	Stats::LikeR	0.3211
vector	cov	cov($x, $y)	3000	1	1.0484184315002e-05	45056	Stats::LikeR	0.3211
vector	cov	cov($x, $y)	3000	2	1.03822822779254e-05	45056	Stats::LikeR	0.3211
vector	cov	cov($x, $y)	3000	3	9.99012931448514e-06	45056	Stats::LikeR	0.3211
vector	cov	cov($x, $y)	3000	4	1.00121611640567e-05	45056	Stats::LikeR	0.3211
vector	cov	cov($x, $y)	3000	5	1.00728942126763e-05	45056	Stats::LikeR	0.3211
vector	cov	cov($x, $y)	3000	6	1.00668582170369e-05	45056	Stats::LikeR	0.3211
vector	skew	skew($x)	3000	0	2.93973892454117e-05	0	Stats::LikeR	0.3211
vector	skew	skew($x)	3000	1	2.89233762826493e-05	0	Stats::LikeR	0.3211
vector	skew	skew($x)	3000	2	2.90309681611903e-05	0	Stats::LikeR	0.3211
vector	skew	skew($x)	3000	3	2.88970228554546e-05	0	Stats::LikeR	0.3211
vector	skew	skew($x)	3000	4	2.90427889142718e-05	0	Stats::LikeR	0.3211
vector	skew	skew($x)	3000	5	2.9193821238048e-05	0	Stats::LikeR	0.3211
vector	skew	skew($x)	3000	6	2.89269347689045e-05	0	Stats::LikeR	0.3211
vector	kurtosis	kurtosis($x)	3000	0	2.93537721795551e-05	0	Stats::LikeR	0.3211
vector	kurtosis	kurtosis($x)	3000	1	2.89981044940094e-05	0	Stats::LikeR	0.3211
vector	kurtosis	kurtosis($x)	3000	2	2.90700367518834e-05	0	Stats::LikeR	0.3211
vector	kurtosis	kurtosis($x)	3000	3	2.88522065575443e-05	0	Stats::LikeR	0.3211
vector	kurtosis	kurtosis($x)	3000	4	2.88664405025653e-05	0	Stats::LikeR	0.3211
vector	kurtosis	kurtosis($x)	3000	5	2.89554026589465e-05	0	Stats::LikeR	0.3211
vector	kurtosis	kurtosis($x)	3000	6	2.88866568302763e-05	0	Stats::LikeR	0.3211
vector	sum	sum($x)	10000	0	6.12768112804016e-06	0	Stats::LikeR	0.3211
vector	sum	sum($x)	10000	1	5.93335020775888e-06	0	Stats::LikeR	0.3211
vector	sum	sum($x)	10000	2	5.88236183955752e-06	0	Stats::LikeR	0.3211
vector	sum	sum($x)	10000	3	5.89660235813686e-06	0	Stats::LikeR	0.3211
vector	sum	sum($x)	10000	4	5.86041382380894e-06	0	Stats::LikeR	0.3211
vector	sum	sum($x)	10000	5	6.27127736203584e-06	0	Stats::LikeR	0.3211
vector	sum	sum($x)	10000	6	6.01061459245353e-06	0	Stats::LikeR	0.3211
vector	min	min($x)	10000	0	1.15417298816499e-05	0	Stats::LikeR	0.3211
vector	min	min($x)	10000	1	8.74042510986328e-06	0	Stats::LikeR	0.3211
vector	min	min($x)	10000	2	8.78453254699707e-06	0	Stats::LikeR	0.3211
vector	min	min($x)	10000	3	8.67009162902832e-06	0	Stats::LikeR	0.3211
vector	min	min($x)	10000	4	8.75949859619141e-06	0	Stats::LikeR	0.3211
vector	min	min($x)	10000	5	8.72007861935715e-06	0	Stats::LikeR	0.3211
vector	min	min($x)	10000	6	8.93473625183106e-06	0	Stats::LikeR	0.3211
vector	max	max($x)	10000	0	1.18899345397949e-05	0	Stats::LikeR	0.3211
vector	max	max($x)	10000	1	8.74042510986328e-06	0	Stats::LikeR	0.3211
vector	max	max($x)	10000	2	8.74042510986328e-06	0	Stats::LikeR	0.3211
vector	max	max($x)	10000	3	8.72969627380371e-06	0	Stats::LikeR	0.3211
vector	max	max($x)	10000	4	8.74996185302734e-06	0	Stats::LikeR	0.3211
vector	max	max($x)	10000	5	8.77499580383301e-06	0	Stats::LikeR	0.3211
vector	max	max($x)	10000	6	8.71330630936812e-06	0	Stats::LikeR	0.3211
vector	sum	List::Util::sum(@$x)	10000	0	4.64144875021542e-05	81920	List::Util	1.70
vector	sum	List::Util::sum(@$x)	10000	1	4.45577833387587e-05	81920	List::Util	1.70
vector	sum	List::Util::sum(@$x)	10000	2	4.41489012345024e-05	81920	List::Util	1.70
vector	sum	List::Util::sum(@$x)	10000	3	4.48836836703988e-05	81920	List::Util	1.70
vector	sum	List::Util::sum(@$x)	10000	4	4.54342883566151e-05	81920	List::Util	1.70
vector	sum	List::Util::sum(@$x)	10000	5	4.34543775475544e-05	81920	List::Util	1.70
vector	sum	List::Util::sum(@$x)	10000	6	4.44759022105824e-05	81920	List::Util	1.70
vector	min	List::Util::min(@$x)	10000	0	4.3140138898577e-05	81920	List::Util	1.70
vector	min	List::Util::min(@$x)	10000	1	3.99483574761285e-05	81920	List::Util	1.70
vector	min	List::Util::min(@$x)	10000	2	3.98646701465954e-05	81920	List::Util	1.70
vector	min	List::Util::min(@$x)	10000	3	4.02775216609874e-05	81920	List::Util	1.70
vector	min	List::Util::min(@$x)	10000	4	3.96115439278739e-05	81920	List::Util	1.70
vector	min	List::Util::min(@$x)	10000	5	3.99570075833068e-05	81920	List::Util	1.70
vector	min	List::Util::min(@$x)	10000	6	3.96164096131617e-05	81920	List::Util	1.70
vector	max	List::Util::max(@$x)	10000	0	4.2880282682531e-05	81920	List::Util	1.70
vector	max	List::Util::max(@$x)	10000	1	3.90021697334621e-05	81920	List::Util	1.70
vector	max	List::Util::max(@$x)	10000	2	4.1498587681697e-05	81920	List::Util	1.70
vector	max	List::Util::max(@$x)	10000	3	4.02975082397461e-05	81920	List::Util	1.70
vector	max	List::Util::max(@$x)	10000	4	4.07600402832031e-05	81920	List::Util	1.70
vector	max	List::Util::max(@$x)	10000	5	4.0168563524882e-05	81920	List::Util	1.70
vector	max	List::Util::max(@$x)	10000	6	3.97043025239985e-05	81920	List::Util	1.70
vector	mean	mean($x)	10000	0	8.26896183074467e-06	0	Stats::LikeR	0.3211
vector	mean	mean($x)	10000	1	5.9276457257599e-06	0	Stats::LikeR	0.3211
vector	mean	mean($x)	10000	2	5.93744475266029e-06	0	Stats::LikeR	0.3211
vector	mean	mean($x)	10000	3	5.87328156428551e-06	0	Stats::LikeR	0.3211
vector	mean	mean($x)	10000	4	5.87631674373851e-06	0	Stats::LikeR	0.3211
vector	mean	mean($x)	10000	5	5.88236183955752e-06	0	Stats::LikeR	0.3211
vector	mean	mean($x)	10000	6	5.8361462184361e-06	0	Stats::LikeR	0.3211
vector	median	median($x)	10000	0	0.000103913820706881	81920	Stats::LikeR	0.3211
vector	median	median($x)	10000	1	8.29178354014521e-05	81920	Stats::LikeR	0.3211
vector	median	median($x)	10000	2	8.52465629577637e-05	81920	Stats::LikeR	0.3211
vector	median	median($x)	10000	3	8.49008560180664e-05	81920	Stats::LikeR	0.3211
vector	median	median($x)	10000	4	8.74519348144531e-05	81920	Stats::LikeR	0.3211
vector	median	median($x)	10000	5	8.14199447631836e-05	81920	Stats::LikeR	0.3211
vector	median	median($x)	10000	6	8.30037253243583e-05	81920	Stats::LikeR	0.3211
vector	sd	sd($x)	10000	0	1.73867638431378e-05	4096	Stats::LikeR	0.3211
vector	sd	sd($x)	10000	1	1.32149663464776e-05	4096	Stats::LikeR	0.3211
vector	sd	sd($x)	10000	2	1.32714118157233e-05	4096	Stats::LikeR	0.3211
vector	sd	sd($x)	10000	3	1.36408312567349e-05	4096	Stats::LikeR	0.3211
vector	sd	sd($x)	10000	4	1.31350605427718e-05	4096	Stats::LikeR	0.3211
vector	sd	sd($x)	10000	5	1.35164994459886e-05	4096	Stats::LikeR	0.3211
vector	sd	sd($x)	10000	6	1.32281204749798e-05	4096	Stats::LikeR	0.3211
vector	var	var($x)	10000	0	1.64442592196994e-05	0	Stats::LikeR	0.3211
vector	var	var($x)	10000	1	1.3461606255893e-05	0	Stats::LikeR	0.3211
vector	var	var($x)	10000	2	1.32797481296779e-05	0	Stats::LikeR	0.3211
vector	var	var($x)	10000	3	1.38693842394599e-05	0	Stats::LikeR	0.3211
vector	var	var($x)	10000	4	1.34270766685749e-05	0	Stats::LikeR	0.3211
vector	var	var($x)	10000	5	1.3290602585365e-05	0	Stats::LikeR	0.3211
vector	var	var($x)	10000	6	1.35306654305294e-05	0	Stats::LikeR	0.3211
vector	quantile	quantile(x => $x, probs => [.25,.5,.75])	10000	0	0.000161462359958225	81920	Stats::LikeR	0.3211
vector	quantile	quantile(x => $x, probs => [.25,.5,.75])	10000	1	0.000141007559640067	81920	Stats::LikeR	0.3211
vector	quantile	quantile(x => $x, probs => [.25,.5,.75])	10000	2	0.00014338126549354	81920	Stats::LikeR	0.3211
vector	quantile	quantile(x => $x, probs => [.25,.5,.75])	10000	3	0.000138060251871745	81920	Stats::LikeR	0.3211
vector	quantile	quantile(x => $x, probs => [.25,.5,.75])	10000	4	0.000143014467679537	81920	Stats::LikeR	0.3211
vector	quantile	quantile(x => $x, probs => [.25,.5,.75])	10000	5	0.000138664245605469	81920	Stats::LikeR	0.3211
vector	quantile	quantile(x => $x, probs => [.25,.5,.75])	10000	6	0.000140070915222168	81920	Stats::LikeR	0.3211
vector	cor	cor($x, $y)	10000	0	3.35447715990471e-05	131072	Stats::LikeR	0.3211
vector	cor	cor($x, $y)	10000	1	3.09467315673828e-05	131072	Stats::LikeR	0.3211
vector	cor	cor($x, $y)	10000	2	2.95459099535672e-05	131072	Stats::LikeR	0.3211
vector	cor	cor($x, $y)	10000	3	3.06203447539231e-05	131072	Stats::LikeR	0.3211
vector	cor	cor($x, $y)	10000	4	2.96055324493893e-05	131072	Stats::LikeR	0.3211
vector	cor	cor($x, $y)	10000	5	2.99385615757533e-05	131072	Stats::LikeR	0.3211
vector	cor	cor($x, $y)	10000	6	2.9553228349828e-05	131072	Stats::LikeR	0.3211
vector	cov	cov($x, $y)	10000	0	3.73681386311849e-05	131072	Stats::LikeR	0.3211
vector	cov	cov($x, $y)	10000	1	3.35630380882407e-05	131072	Stats::LikeR	0.3211
vector	cov	cov($x, $y)	10000	2	3.55807217684659e-05	131072	Stats::LikeR	0.3211
vector	cov	cov($x, $y)	10000	3	3.39108844136083e-05	131072	Stats::LikeR	0.3211
vector	cov	cov($x, $y)	10000	4	3.36005769926926e-05	131072	Stats::LikeR	0.3211
vector	cov	cov($x, $y)	10000	5	3.4196036202567e-05	131072	Stats::LikeR	0.3211
vector	cov	cov($x, $y)	10000	6	3.41279166085379e-05	131072	Stats::LikeR	0.3211
vector	skew	skew($x)	10000	0	9.72986221313477e-05	0	Stats::LikeR	0.3211
vector	skew	skew($x)	10000	1	9.63778722853888e-05	0	Stats::LikeR	0.3211
vector	skew	skew($x)	10000	2	9.62583642256887e-05	0	Stats::LikeR	0.3211
vector	skew	skew($x)	10000	3	9.60486275809152e-05	0	Stats::LikeR	0.3211
vector	skew	skew($x)	10000	4	9.63778722853888e-05	0	Stats::LikeR	0.3211
vector	skew	skew($x)	10000	5	9.57965850830078e-05	0	Stats::LikeR	0.3211
vector	skew	skew($x)	10000	6	9.62018966674805e-05	0	Stats::LikeR	0.3211
vector	kurtosis	kurtosis($x)	10000	0	9.66850079988178e-05	4096	Stats::LikeR	0.3211
vector	kurtosis	kurtosis($x)	10000	1	9.59578014555432e-05	4096	Stats::LikeR	0.3211
vector	kurtosis	kurtosis($x)	10000	2	9.60940406436012e-05	4096	Stats::LikeR	0.3211
vector	kurtosis	kurtosis($x)	10000	3	9.60486275809152e-05	4096	Stats::LikeR	0.3211
vector	kurtosis	kurtosis($x)	10000	4	9.65254647391183e-05	4096	Stats::LikeR	0.3211
vector	kurtosis	kurtosis($x)	10000	5	9.59010351271856e-05	4096	Stats::LikeR	0.3211
vector	kurtosis	kurtosis($x)	10000	6	9.59010351271856e-05	4096	Stats::LikeR	0.3211
vector	sum	sum($x)	30000	0	1.74373388290405e-05	0	Stats::LikeR	0.3211
vector	sum	sum($x)	30000	1	1.7524900890532e-05	0	Stats::LikeR	0.3211
vector	sum	sum($x)	30000	2	1.74000149681455e-05	0	Stats::LikeR	0.3211
vector	sum	sum($x)	30000	3	1.74903869628906e-05	0	Stats::LikeR	0.3211
vector	sum	sum($x)	30000	4	1.84377034505208e-05	0	Stats::LikeR	0.3211
vector	sum	sum($x)	30000	5	1.75137386143765e-05	0	Stats::LikeR	0.3211
vector	sum	sum($x)	30000	6	1.8490397411844e-05	0	Stats::LikeR	0.3211
vector	min	min($x)	30000	0	2.69842929527408e-05	0	Stats::LikeR	0.3211
vector	min	min($x)	30000	1	2.59216015155499e-05	0	Stats::LikeR	0.3211
vector	min	min($x)	30000	2	2.59048408932156e-05	0	Stats::LikeR	0.3211
vector	min	min($x)	30000	3	2.58954366048177e-05	0	Stats::LikeR	0.3211
vector	min	min($x)	30000	4	2.59176890055339e-05	0	Stats::LikeR	0.3211
vector	min	min($x)	30000	5	2.63774717176283e-05	0	Stats::LikeR	0.3211
vector	min	min($x)	30000	6	2.58823493858436e-05	0	Stats::LikeR	0.3211
vector	max	max($x)	30000	0	2.73008195180742e-05	0	Stats::LikeR	0.3211
vector	max	max($x)	30000	1	2.59235723694759e-05	0	Stats::LikeR	0.3211
vector	max	max($x)	30000	2	2.59081522623698e-05	0	Stats::LikeR	0.3211
vector	max	max($x)	30000	3	2.59494781494141e-05	0	Stats::LikeR	0.3211
vector	max	max($x)	30000	4	2.62133280436198e-05	0	Stats::LikeR	0.3211
vector	max	max($x)	30000	5	2.61370815447907e-05	0	Stats::LikeR	0.3211
vector	max	max($x)	30000	6	2.59328532863308e-05	0	Stats::LikeR	0.3211
vector	sum	List::Util::sum(@$x)	30000	0	0.000146667162577311	241664	List::Util	1.70
vector	sum	List::Util::sum(@$x)	30000	1	0.000139745076497396	241664	List::Util	1.70
vector	sum	List::Util::sum(@$x)	30000	2	0.000140360423496791	241664	List::Util	1.70
vector	sum	List::Util::sum(@$x)	30000	3	0.000140701021466936	241664	List::Util	1.70
vector	sum	List::Util::sum(@$x)	30000	4	0.000139268239339193	241664	List::Util	1.70
vector	sum	List::Util::sum(@$x)	30000	5	0.00014371531350272	241664	List::Util	1.70
vector	sum	List::Util::sum(@$x)	30000	6	0.000136264165242513	241664	List::Util	1.70
vector	min	List::Util::min(@$x)	30000	0	0.000130256017049154	245760	List::Util	1.70
vector	min	List::Util::min(@$x)	30000	1	0.000121341811286079	245760	List::Util	1.70
vector	min	List::Util::min(@$x)	30000	2	0.000119405634262983	245760	List::Util	1.70
vector	min	List::Util::min(@$x)	30000	3	0.000119756249820485	245760	List::Util	1.70
vector	min	List::Util::min(@$x)	30000	4	0.000123322010040283	245760	List::Util	1.70
vector	min	List::Util::min(@$x)	30000	5	0.000126361846923828	245760	List::Util	1.70
vector	min	List::Util::min(@$x)	30000	6	0.000121705672320198	245760	List::Util	1.70
vector	max	List::Util::max(@$x)	30000	0	0.000129079818725586	241664	List::Util	1.70
vector	max	List::Util::max(@$x)	30000	1	0.000123247504234314	241664	List::Util	1.70
vector	max	List::Util::max(@$x)	30000	2	0.000123341878255208	241664	List::Util	1.70
vector	max	List::Util::max(@$x)	30000	3	0.000124633312225342	241664	List::Util	1.70
vector	max	List::Util::max(@$x)	30000	4	0.000142610990084135	241664	List::Util	1.70
vector	max	List::Util::max(@$x)	30000	5	0.000133223003811306	241664	List::Util	1.70
vector	max	List::Util::max(@$x)	30000	6	0.000122182509478401	241664	List::Util	1.70
vector	mean	mean($x)	30000	0	1.78105122334248e-05	0	Stats::LikeR	0.3211
vector	mean	mean($x)	30000	1	1.75779516046697e-05	0	Stats::LikeR	0.3211
vector	mean	mean($x)	30000	2	1.78591113224208e-05	0	Stats::LikeR	0.3211
vector	mean	mean($x)	30000	3	1.78721043970678e-05	0	Stats::LikeR	0.3211
vector	mean	mean($x)	30000	4	1.75191210461901e-05	0	Stats::LikeR	0.3211
vector	mean	mean($x)	30000	5	1.75998324439639e-05	0	Stats::LikeR	0.3211
vector	mean	mean($x)	30000	6	1.75562771883878e-05	0	Stats::LikeR	0.3211
vector	median	median($x)	30000	0	0.000222853251865932	118784	Stats::LikeR	0.3211
vector	median	median($x)	30000	1	0.000213861465454102	118784	Stats::LikeR	0.3211
vector	median	median($x)	30000	2	0.000221878290176392	118784	Stats::LikeR	0.3211
vector	median	median($x)	30000	3	0.000211864709854126	118784	Stats::LikeR	0.3211
vector	median	median($x)	30000	4	0.000211238861083984	118784	Stats::LikeR	0.3211
vector	median	median($x)	30000	5	0.000211000442504883	118784	Stats::LikeR	0.3211
vector	median	median($x)	30000	6	0.000216275453567505	118784	Stats::LikeR	0.3211
vector	sd	sd($x)	30000	0	4.13235496072208e-05	0	Stats::LikeR	0.3211
vector	sd	sd($x)	30000	1	4.00591869743503e-05	0	Stats::LikeR	0.3211
vector	sd	sd($x)	30000	2	4.03912171073582e-05	0	Stats::LikeR	0.3211
vector	sd	sd($x)	30000	3	3.93293341811822e-05	0	Stats::LikeR	0.3211
vector	sd	sd($x)	30000	4	3.95427147547404e-05	0	Stats::LikeR	0.3211
vector	sd	sd($x)	30000	5	3.99208068847656e-05	0	Stats::LikeR	0.3211
vector	sd	sd($x)	30000	6	4.14290326706907e-05	0	Stats::LikeR	0.3211
vector	var	var($x)	30000	0	4.26458275836447e-05	0	Stats::LikeR	0.3211
vector	var	var($x)	30000	1	3.93487969223334e-05	0	Stats::LikeR	0.3211
vector	var	var($x)	30000	2	3.98212009006076e-05	0	Stats::LikeR	0.3211
vector	var	var($x)	30000	3	4.00441758176114e-05	0	Stats::LikeR	0.3211
vector	var	var($x)	30000	4	3.95093645368304e-05	0	Stats::LikeR	0.3211
vector	var	var($x)	30000	5	4.07218933105469e-05	0	Stats::LikeR	0.3211
vector	var	var($x)	30000	6	4.03383944896942e-05	0	Stats::LikeR	0.3211
vector	quantile	quantile(x => $x, probs => [.25,.5,.75])	30000	0	0.000445961952209473	53248	Stats::LikeR	0.3211
vector	quantile	quantile(x => $x, probs => [.25,.5,.75])	30000	1	0.000435400009155273	53248	Stats::LikeR	0.3211
vector	quantile	quantile(x => $x, probs => [.25,.5,.75])	30000	2	0.000436484813690186	53248	Stats::LikeR	0.3211
vector	quantile	quantile(x => $x, probs => [.25,.5,.75])	30000	3	0.000436210632324219	53248	Stats::LikeR	0.3211
vector	quantile	quantile(x => $x, probs => [.25,.5,.75])	30000	4	0.000437831878662109	53248	Stats::LikeR	0.3211
vector	quantile	quantile(x => $x, probs => [.25,.5,.75])	30000	5	0.000429010391235352	53248	Stats::LikeR	0.3211
vector	quantile	quantile(x => $x, probs => [.25,.5,.75])	30000	6	0.000438356399536133	53248	Stats::LikeR	0.3211
vector	cor	cor($x, $y)	30000	0	0.000178873538970947	262144	Stats::LikeR	0.3211
vector	cor	cor($x, $y)	30000	1	0.000178635120391846	262144	Stats::LikeR	0.3211
vector	cor	cor($x, $y)	30000	2	0.000173286958174272	262144	Stats::LikeR	0.3211
vector	cor	cor($x, $y)	30000	3	0.000173005190762607	262144	Stats::LikeR	0.3211
vector	cor	cor($x, $y)	30000	4	0.000170993804931641	262144	Stats::LikeR	0.3211
vector	cor	cor($x, $y)	30000	5	0.000205397605895996	262144	Stats::LikeR	0.3211
vector	cor	cor($x, $y)	30000	6	0.00017549991607666	262144	Stats::LikeR	0.3211
vector	cov	cov($x, $y)	30000	0	0.0001944899559021	299008	Stats::LikeR	0.3211
vector	cov	cov($x, $y)	30000	1	0.000182604789733887	299008	Stats::LikeR	0.3211
vector	cov	cov($x, $y)	30000	2	0.000182509422302246	299008	Stats::LikeR	0.3211
vector	cov	cov($x, $y)	30000	3	0.000184297561645508	299008	Stats::LikeR	0.3211
vector	cov	cov($x, $y)	30000	4	0.000193381309509277	299008	Stats::LikeR	0.3211
vector	cov	cov($x, $y)	30000	5	0.000189569261338976	299008	Stats::LikeR	0.3211
vector	cov	cov($x, $y)	30000	6	0.00018620491027832	299008	Stats::LikeR	0.3211
vector	skew	skew($x)	30000	0	0.000289440155029297	0	Stats::LikeR	0.3211
vector	skew	skew($x)	30000	1	0.000288282121930804	0	Stats::LikeR	0.3211
vector	skew	skew($x)	30000	2	0.000288724899291992	0	Stats::LikeR	0.3211
vector	skew	skew($x)	30000	3	0.000287566866193499	0	Stats::LikeR	0.3211
vector	skew	skew($x)	30000	4	0.000287703105381557	0	Stats::LikeR	0.3211
vector	skew	skew($x)	30000	5	0.000287737165178571	0	Stats::LikeR	0.3211
vector	skew	skew($x)	30000	6	0.000288418361118862	0	Stats::LikeR	0.3211
vector	kurtosis	kurtosis($x)	30000	0	0.000287975583757673	0	Stats::LikeR	0.3211
vector	kurtosis	kurtosis($x)	30000	1	0.000287566866193499	0	Stats::LikeR	0.3211
vector	kurtosis	kurtosis($x)	30000	2	0.000287839344569615	0	Stats::LikeR	0.3211
vector	kurtosis	kurtosis($x)	30000	3	0.000287566866193499	0	Stats::LikeR	0.3211
vector	kurtosis	kurtosis($x)	30000	4	0.000289269856044224	0	Stats::LikeR	0.3211
vector	kurtosis	kurtosis($x)	30000	5	0.000287703105381557	0	Stats::LikeR	0.3211
vector	kurtosis	kurtosis($x)	30000	6	0.000287737165178571	0	Stats::LikeR	0.3211
vector	sum	sum($x)	100000	0	7.18086957931519e-05	0	Stats::LikeR	0.3211
vector	sum	sum($x)	100000	1	7.14659690856934e-05	0	Stats::LikeR	0.3211
vector	sum	sum($x)	100000	2	7.12530953543527e-05	0	Stats::LikeR	0.3211
vector	sum	sum($x)	100000	3	6.99666830209585e-05	0	Stats::LikeR	0.3211
vector	sum	sum($x)	100000	4	7.21931457519531e-05	0	Stats::LikeR	0.3211
vector	sum	sum($x)	100000	5	7.31503521954572e-05	0	Stats::LikeR	0.3211
vector	sum	sum($x)	100000	6	7.18402862548828e-05	0	Stats::LikeR	0.3211
vector	min	min($x)	100000	0	9.03606414794922e-05	0	Stats::LikeR	0.3211
vector	min	min($x)	100000	1	0.000104539534624885	0	Stats::LikeR	0.3211
vector	min	min($x)	100000	2	8.79526138305664e-05	0	Stats::LikeR	0.3211
vector	min	min($x)	100000	3	8.71782717497452e-05	0	Stats::LikeR	0.3211
vector	min	min($x)	100000	4	8.74788864799168e-05	0	Stats::LikeR	0.3211
vector	min	min($x)	100000	5	8.97754322398793e-05	0	Stats::LikeR	0.3211
vector	min	min($x)	100000	6	8.70986418290572e-05	0	Stats::LikeR	0.3211
vector	max	max($x)	100000	0	9.14610349214994e-05	4096	Stats::LikeR	0.3211
vector	max	max($x)	100000	1	8.74374223792035e-05	4096	Stats::LikeR	0.3211
vector	max	max($x)	100000	2	9.10542228005149e-05	4096	Stats::LikeR	0.3211
vector	max	max($x)	100000	3	8.82281197441949e-05	4096	Stats::LikeR	0.3211
vector	max	max($x)	100000	4	8.75618146813434e-05	4096	Stats::LikeR	0.3211
vector	max	max($x)	100000	5	8.98187810724432e-05	4096	Stats::LikeR	0.3211
vector	max	max($x)	100000	6	8.82288988898782e-05	4096	Stats::LikeR	0.3211
vector	sum	List::Util::sum(@$x)	100000	0	0.000477981567382812	802816	List::Util	1.70
vector	sum	List::Util::sum(@$x)	100000	1	0.000485992431640625	802816	List::Util	1.70
vector	sum	List::Util::sum(@$x)	100000	2	0.000506019592285156	802816	List::Util	1.70
vector	sum	List::Util::sum(@$x)	100000	3	0.000473260879516602	802816	List::Util	1.70
vector	sum	List::Util::sum(@$x)	100000	4	0.000485241413116455	802816	List::Util	1.70
vector	sum	List::Util::sum(@$x)	100000	5	0.000491237640380859	802816	List::Util	1.70
vector	sum	List::Util::sum(@$x)	100000	6	0.000480234622955322	802816	List::Util	1.70
vector	min	List::Util::min(@$x)	100000	0	0.000432395935058594	806912	List::Util	1.70
vector	min	List::Util::min(@$x)	100000	1	0.000418996810913086	806912	List::Util	1.70
vector	min	List::Util::min(@$x)	100000	2	0.000428628921508789	806912	List::Util	1.70
vector	min	List::Util::min(@$x)	100000	3	0.000419378280639648	806912	List::Util	1.70
vector	min	List::Util::min(@$x)	100000	4	0.000438213348388672	806912	List::Util	1.70
vector	min	List::Util::min(@$x)	100000	5	0.000424814224243164	806912	List::Util	1.70
vector	min	List::Util::min(@$x)	100000	6	0.000411176681518555	806912	List::Util	1.70
vector	max	List::Util::max(@$x)	100000	0	0.000442028045654297	802816	List::Util	1.70
vector	max	List::Util::max(@$x)	100000	1	0.000425004959106445	802816	List::Util	1.70
vector	max	List::Util::max(@$x)	100000	2	0.000415229797363281	802816	List::Util	1.70
vector	max	List::Util::max(@$x)	100000	3	0.00047677755355835	802816	List::Util	1.70
vector	max	List::Util::max(@$x)	100000	4	0.000415182113647461	802816	List::Util	1.70
vector	max	List::Util::max(@$x)	100000	5	0.000412225723266602	802816	List::Util	1.70
vector	max	List::Util::max(@$x)	100000	6	0.000425815582275391	802816	List::Util	1.70
vector	mean	mean($x)	100000	0	7.23141890305739e-05	4096	Stats::LikeR	0.3211
vector	mean	mean($x)	100000	1	7.43369261423747e-05	4096	Stats::LikeR	0.3211
vector	mean	mean($x)	100000	2	7.32541084289551e-05	4096	Stats::LikeR	0.3211
vector	mean	mean($x)	100000	3	7.19626744588216e-05	4096	Stats::LikeR	0.3211
vector	mean	mean($x)	100000	4	7.03334808349609e-05	4096	Stats::LikeR	0.3211
vector	mean	mean($x)	100000	5	7.17375013563368e-05	4096	Stats::LikeR	0.3211
vector	mean	mean($x)	100000	6	7.14659690856934e-05	4096	Stats::LikeR	0.3211
vector	median	median($x)	100000	0	0.000926971435546875	724992	Stats::LikeR	0.3211
vector	median	median($x)	100000	1	0.00101101398468018	724992	Stats::LikeR	0.3211
vector	median	median($x)	100000	2	0.000931978225708008	724992	Stats::LikeR	0.3211
vector	median	median($x)	100000	3	0.000924468040466309	724992	Stats::LikeR	0.3211
vector	median	median($x)	100000	4	0.00102448463439941	724992	Stats::LikeR	0.3211
vector	median	median($x)	100000	5	0.000932931900024414	724992	Stats::LikeR	0.3211
vector	median	median($x)	100000	6	0.000929951667785645	724992	Stats::LikeR	0.3211
vector	sd	sd($x)	100000	0	0.000163390086247371	0	Stats::LikeR	0.3211
vector	sd	sd($x)	100000	1	0.000150772241445688	0	Stats::LikeR	0.3211
vector	sd	sd($x)	100000	2	0.000155925750732422	0	Stats::LikeR	0.3211
vector	sd	sd($x)	100000	3	0.000174467380230243	0	Stats::LikeR	0.3211
vector	sd	sd($x)	100000	4	0.000157466301551232	0	Stats::LikeR	0.3211
vector	sd	sd($x)	100000	5	0.000150714601789202	0	Stats::LikeR	0.3211
vector	sd	sd($x)	100000	6	0.000151497977120536	0	Stats::LikeR	0.3211
vector	var	var($x)	100000	0	0.000168919563293457	0	Stats::LikeR	0.3211
vector	var	var($x)	100000	1	0.00015722788297213	0	Stats::LikeR	0.3211
vector	var	var($x)	100000	2	0.000161244319035457	0	Stats::LikeR	0.3211
vector	var	var($x)	100000	3	0.000151395797729492	0	Stats::LikeR	0.3211
vector	var	var($x)	100000	4	0.00015636852809361	0	Stats::LikeR	0.3211
vector	var	var($x)	100000	5	0.000150295404287485	0	Stats::LikeR	0.3211
vector	var	var($x)	100000	6	0.000153848103114537	0	Stats::LikeR	0.3211
vector	quantile	quantile(x => $x, probs => [.25,.5,.75])	100000	0	0.00171256065368652	749568	Stats::LikeR	0.3211
vector	quantile	quantile(x => $x, probs => [.25,.5,.75])	100000	1	0.00168406963348389	749568	Stats::LikeR	0.3211
vector	quantile	quantile(x => $x, probs => [.25,.5,.75])	100000	2	0.00168049335479736	749568	Stats::LikeR	0.3211
vector	quantile	quantile(x => $x, probs => [.25,.5,.75])	100000	3	0.0017085075378418	749568	Stats::LikeR	0.3211
vector	quantile	quantile(x => $x, probs => [.25,.5,.75])	100000	4	0.00167655944824219	749568	Stats::LikeR	0.3211
vector	quantile	quantile(x => $x, probs => [.25,.5,.75])	100000	5	0.00181794166564941	749568	Stats::LikeR	0.3211
vector	quantile	quantile(x => $x, probs => [.25,.5,.75])	100000	6	0.00168454647064209	749568	Stats::LikeR	0.3211
vector	cor	cor($x, $y)	100000	0	0.000644048055013021	1507328	Stats::LikeR	0.3211
vector	cor	cor($x, $y)	100000	1	0.000632365544637044	1507328	Stats::LikeR	0.3211
vector	cor	cor($x, $y)	100000	2	0.000645001729329427	1507328	Stats::LikeR	0.3211
vector	cor	cor($x, $y)	100000	3	0.000642299652099609	1507328	Stats::LikeR	0.3211
vector	cor	cor($x, $y)	100000	4	0.000642716884613037	1507328	Stats::LikeR	0.3211
vector	cor	cor($x, $y)	100000	5	0.000708341598510742	1507328	Stats::LikeR	0.3211
vector	cor	cor($x, $y)	100000	6	0.000632047653198242	1507328	Stats::LikeR	0.3211
vector	cov	cov($x, $y)	100000	0	0.000681956609090169	1564672	Stats::LikeR	0.3211
vector	cov	cov($x, $y)	100000	1	0.000660975774129232	1564672	Stats::LikeR	0.3211
vector	cov	cov($x, $y)	100000	2	0.000670989354451497	1564672	Stats::LikeR	0.3211
vector	cov	cov($x, $y)	100000	3	0.000830332438151042	1564672	Stats::LikeR	0.3211
vector	cov	cov($x, $y)	100000	4	0.000677982966105143	1564672	Stats::LikeR	0.3211
vector	cov	cov($x, $y)	100000	5	0.000674327214558919	1564672	Stats::LikeR	0.3211
vector	cov	cov($x, $y)	100000	6	0.000700712203979492	1564672	Stats::LikeR	0.3211
vector	skew	skew($x)	100000	0	0.000959515571594238	0	Stats::LikeR	0.3211
vector	skew	skew($x)	100000	1	0.000967025756835938	0	Stats::LikeR	0.3211
vector	skew	skew($x)	100000	2	0.000965595245361328	0	Stats::LikeR	0.3211
vector	skew	skew($x)	100000	3	0.0009613037109375	0	Stats::LikeR	0.3211
vector	skew	skew($x)	100000	4	0.000960350036621094	0	Stats::LikeR	0.3211
vector	skew	skew($x)	100000	5	0.000970681508382161	0	Stats::LikeR	0.3211
vector	skew	skew($x)	100000	6	0.000962336858113607	0	Stats::LikeR	0.3211
vector	kurtosis	kurtosis($x)	100000	0	0.000972986221313477	0	Stats::LikeR	0.3211
vector	kurtosis	kurtosis($x)	100000	1	0.000960667928059896	0	Stats::LikeR	0.3211
vector	kurtosis	kurtosis($x)	100000	2	0.000960032145182292	0	Stats::LikeR	0.3211
vector	kurtosis	kurtosis($x)	100000	3	0.000959515571594238	0	Stats::LikeR	0.3211
vector	kurtosis	kurtosis($x)	100000	4	0.00095971425374349	0	Stats::LikeR	0.3211
vector	kurtosis	kurtosis($x)	100000	5	0.000960667928059896	0	Stats::LikeR	0.3211
vector	kurtosis	kurtosis($x)	100000	6	0.000958363215128581	0	Stats::LikeR	0.3211
vector	sum	sum($x)	300000	0	0.000220179557800293	4096	Stats::LikeR	0.3211
vector	sum	sum($x)	300000	1	0.000212997198104858	4096	Stats::LikeR	0.3211
vector	sum	sum($x)	300000	2	0.00021211306254069	4096	Stats::LikeR	0.3211
vector	sum	sum($x)	300000	3	0.000212457444932726	4096	Stats::LikeR	0.3211
vector	sum	sum($x)	300000	4	0.0002174973487854	4096	Stats::LikeR	0.3211
vector	sum	sum($x)	300000	5	0.000212022236415318	4096	Stats::LikeR	0.3211
vector	sum	sum($x)	300000	6	0.000216987397935655	4096	Stats::LikeR	0.3211
vector	min	min($x)	300000	0	0.000278313954671224	0	Stats::LikeR	0.3211
vector	min	min($x)	300000	1	0.000271141529083252	0	Stats::LikeR	0.3211
vector	min	min($x)	300000	2	0.000332151140485491	0	Stats::LikeR	0.3211
vector	min	min($x)	300000	3	0.000271320343017578	0	Stats::LikeR	0.3211
vector	min	min($x)	300000	4	0.000300765037536621	0	Stats::LikeR	0.3211
vector	min	min($x)	300000	5	0.000262856483459473	0	Stats::LikeR	0.3211
vector	min	min($x)	300000	6	0.000262022018432617	0	Stats::LikeR	0.3211
vector	max	max($x)	300000	0	0.000277423858642578	0	Stats::LikeR	0.3211
vector	max	max($x)	300000	1	0.000271286283220564	0	Stats::LikeR	0.3211
vector	max	max($x)	300000	2	0.000261851719447545	0	Stats::LikeR	0.3211
vector	max	max($x)	300000	3	0.000263869762420654	0	Stats::LikeR	0.3211
vector	max	max($x)	300000	4	0.000271260738372803	0	Stats::LikeR	0.3211
vector	max	max($x)	300000	5	0.000261276960372925	0	Stats::LikeR	0.3211
vector	max	max($x)	300000	6	0.000263997486659459	0	Stats::LikeR	0.3211
vector	sum	List::Util::sum(@$x)	300000	0	0.00150144100189209	2404352	List::Util	1.70
vector	sum	List::Util::sum(@$x)	300000	1	0.00139391422271729	2404352	List::Util	1.70
vector	sum	List::Util::sum(@$x)	300000	2	0.00148952007293701	2404352	List::Util	1.70
vector	sum	List::Util::sum(@$x)	300000	3	0.00143647193908691	2404352	List::Util	1.70
vector	sum	List::Util::sum(@$x)	300000	4	0.00146353244781494	2404352	List::Util	1.70
vector	sum	List::Util::sum(@$x)	300000	5	0.0014801025390625	2404352	List::Util	1.70
vector	sum	List::Util::sum(@$x)	300000	6	0.00143647193908691	2404352	List::Util	1.70
vector	min	List::Util::min(@$x)	300000	0	0.0013124942779541	2400256	List::Util	1.70
vector	min	List::Util::min(@$x)	300000	1	0.0012439489364624	2400256	List::Util	1.70
vector	min	List::Util::min(@$x)	300000	2	0.00141716003417969	2400256	List::Util	1.70
vector	min	List::Util::min(@$x)	300000	3	0.00137591361999512	2400256	List::Util	1.70
vector	min	List::Util::min(@$x)	300000	4	0.00151944160461426	2400256	List::Util	1.70
vector	min	List::Util::min(@$x)	300000	5	0.00119757652282715	2400256	List::Util	1.70
vector	min	List::Util::min(@$x)	300000	6	0.00140702724456787	2400256	List::Util	1.70
vector	max	List::Util::max(@$x)	300000	0	0.0012669563293457	2404352	List::Util	1.70
vector	max	List::Util::max(@$x)	300000	1	0.00134098529815674	2404352	List::Util	1.70
vector	max	List::Util::max(@$x)	300000	2	0.00138294696807861	2404352	List::Util	1.70
vector	max	List::Util::max(@$x)	300000	3	0.00130391120910645	2404352	List::Util	1.70
vector	max	List::Util::max(@$x)	300000	4	0.00129795074462891	2404352	List::Util	1.70
vector	max	List::Util::max(@$x)	300000	5	0.00146007537841797	2404352	List::Util	1.70
vector	max	List::Util::max(@$x)	300000	6	0.00127899646759033	2404352	List::Util	1.70
vector	mean	mean($x)	300000	0	0.000249385833740234	0	Stats::LikeR	0.3211
vector	mean	mean($x)	300000	1	0.000220974286397298	0	Stats::LikeR	0.3211
vector	mean	mean($x)	300000	2	0.000222355127334595	0	Stats::LikeR	0.3211
vector	mean	mean($x)	300000	3	0.00021113289727105	0	Stats::LikeR	0.3211
vector	mean	mean($x)	300000	4	0.000236776140001085	0	Stats::LikeR	0.3211
vector	mean	mean($x)	300000	5	0.000225186347961426	0	Stats::LikeR	0.3211
vector	mean	mean($x)	300000	6	0.000235974788665771	0	Stats::LikeR	0.3211
vector	median	median($x)	300000	0	0.00341296195983887	2166784	Stats::LikeR	0.3211
vector	median	median($x)	300000	1	0.0033571720123291	2166784	Stats::LikeR	0.3211
vector	median	median($x)	300000	2	0.00342106819152832	2166784	Stats::LikeR	0.3211
vector	median	median($x)	300000	3	0.00425004959106445	2166784	Stats::LikeR	0.3211
vector	median	median($x)	300000	4	0.00351405143737793	2166784	Stats::LikeR	0.3211
vector	median	median($x)	300000	5	0.00334382057189941	2166784	Stats::LikeR	0.3211
vector	median	median($x)	300000	6	0.00335884094238281	2166784	Stats::LikeR	0.3211
vector	sd	sd($x)	300000	0	0.000489950180053711	0	Stats::LikeR	0.3211
vector	sd	sd($x)	300000	1	0.000483989715576172	0	Stats::LikeR	0.3211
vector	sd	sd($x)	300000	2	0.000489425659179688	0	Stats::LikeR	0.3211
vector	sd	sd($x)	300000	3	0.000471401214599609	0	Stats::LikeR	0.3211
vector	sd	sd($x)	300000	4	0.000458574295043945	0	Stats::LikeR	0.3211
vector	sd	sd($x)	300000	5	0.000459766387939453	0	Stats::LikeR	0.3211
vector	sd	sd($x)	300000	6	0.000457382202148438	0	Stats::LikeR	0.3211
vector	var	var($x)	300000	0	0.000473403930664062	0	Stats::LikeR	0.3211
vector	var	var($x)	300000	1	0.000466203689575195	0	Stats::LikeR	0.3211
vector	var	var($x)	300000	2	0.000824642181396484	0	Stats::LikeR	0.3211
vector	var	var($x)	300000	3	0.000460433959960938	0	Stats::LikeR	0.3211
vector	var	var($x)	300000	4	0.000461816787719727	0	Stats::LikeR	0.3211
vector	var	var($x)	300000	5	0.000496196746826172	0	Stats::LikeR	0.3211
vector	var	var($x)	300000	6	0.000460577011108398	0	Stats::LikeR	0.3211
vector	quantile	quantile(x => $x, probs => [.25,.5,.75])	300000	0	0.00517487525939941	2158592	Stats::LikeR	0.3211
vector	quantile	quantile(x => $x, probs => [.25,.5,.75])	300000	1	0.0051720142364502	2158592	Stats::LikeR	0.3211
vector	quantile	quantile(x => $x, probs => [.25,.5,.75])	300000	2	0.00501298904418945	2158592	Stats::LikeR	0.3211
vector	quantile	quantile(x => $x, probs => [.25,.5,.75])	300000	3	0.00485706329345703	2158592	Stats::LikeR	0.3211
vector	quantile	quantile(x => $x, probs => [.25,.5,.75])	300000	4	0.00494503974914551	2158592	Stats::LikeR	0.3211
vector	quantile	quantile(x => $x, probs => [.25,.5,.75])	300000	5	0.00508308410644531	2158592	Stats::LikeR	0.3211
vector	quantile	quantile(x => $x, probs => [.25,.5,.75])	300000	6	0.00495290756225586	2158592	Stats::LikeR	0.3211
vector	cor	cor($x, $y)	300000	0	0.00397777557373047	4632576	Stats::LikeR	0.3211
vector	cor	cor($x, $y)	300000	1	0.00243592262268066	4632576	Stats::LikeR	0.3211
vector	cor	cor($x, $y)	300000	2	0.0023350715637207	4632576	Stats::LikeR	0.3211
vector	cor	cor($x, $y)	300000	3	0.00237798690795898	4632576	Stats::LikeR	0.3211
vector	cor	cor($x, $y)	300000	4	0.0023648738861084	4632576	Stats::LikeR	0.3211
vector	cor	cor($x, $y)	300000	5	0.00248003005981445	4632576	Stats::LikeR	0.3211
vector	cor	cor($x, $y)	300000	6	0.00224995613098145	4632576	Stats::LikeR	0.3211
vector	cov	cov($x, $y)	300000	0	0.002471923828125	4558848	Stats::LikeR	0.3211
vector	cov	cov($x, $y)	300000	1	0.00237011909484863	4558848	Stats::LikeR	0.3211
vector	cov	cov($x, $y)	300000	2	0.00232100486755371	4558848	Stats::LikeR	0.3211
vector	cov	cov($x, $y)	300000	3	0.002471923828125	4558848	Stats::LikeR	0.3211
vector	cov	cov($x, $y)	300000	4	0.00261402130126953	4558848	Stats::LikeR	0.3211
vector	cov	cov($x, $y)	300000	5	0.00262713432312012	4558848	Stats::LikeR	0.3211
vector	cov	cov($x, $y)	300000	6	0.00264215469360352	4558848	Stats::LikeR	0.3211
vector	skew	skew($x)	300000	0	0.00295400619506836	0	Stats::LikeR	0.3211
vector	skew	skew($x)	300000	1	0.00288200378417969	0	Stats::LikeR	0.3211
vector	skew	skew($x)	300000	2	0.0029149055480957	0	Stats::LikeR	0.3211
vector	skew	skew($x)	300000	3	0.0028841495513916	0	Stats::LikeR	0.3211
vector	skew	skew($x)	300000	4	0.00288915634155273	0	Stats::LikeR	0.3211
vector	skew	skew($x)	300000	5	0.00288105010986328	0	Stats::LikeR	0.3211
vector	skew	skew($x)	300000	6	0.00297784805297852	0	Stats::LikeR	0.3211
vector	kurtosis	kurtosis($x)	300000	0	0.00296497344970703	4096	Stats::LikeR	0.3211
vector	kurtosis	kurtosis($x)	300000	1	0.0028841495513916	4096	Stats::LikeR	0.3211
vector	kurtosis	kurtosis($x)	300000	2	0.00287795066833496	4096	Stats::LikeR	0.3211
vector	kurtosis	kurtosis($x)	300000	3	0.00288200378417969	4096	Stats::LikeR	0.3211
vector	kurtosis	kurtosis($x)	300000	4	0.00288510322570801	4096	Stats::LikeR	0.3211
vector	kurtosis	kurtosis($x)	300000	5	0.00299787521362305	4096	Stats::LikeR	0.3211
vector	kurtosis	kurtosis($x)	300000	6	0.00288009643554688	4096	Stats::LikeR	0.3211
vector	sum	sum($x)	1000000	0	0.0012974739074707	0	Stats::LikeR	0.3211
vector	sum	sum($x)	1000000	1	0.00121140480041504	0	Stats::LikeR	0.3211
vector	sum	sum($x)	1000000	2	0.00134706497192383	0	Stats::LikeR	0.3211
vector	sum	sum($x)	1000000	3	0.00130093097686768	0	Stats::LikeR	0.3211
vector	sum	sum($x)	1000000	4	0.00119900703430176	0	Stats::LikeR	0.3211
vector	sum	sum($x)	1000000	5	0.00122606754302979	0	Stats::LikeR	0.3211
vector	sum	sum($x)	1000000	6	0.00147950649261475	0	Stats::LikeR	0.3211
vector	min	min($x)	1000000	0	0.00132346153259277	0	Stats::LikeR	0.3211
vector	min	min($x)	1000000	1	0.00137746334075928	0	Stats::LikeR	0.3211
vector	min	min($x)	1000000	2	0.00135493278503418	0	Stats::LikeR	0.3211
vector	min	min($x)	1000000	3	0.00130343437194824	0	Stats::LikeR	0.3211
vector	min	min($x)	1000000	4	0.00220298767089844	0	Stats::LikeR	0.3211
vector	min	min($x)	1000000	5	0.0013129711151123	0	Stats::LikeR	0.3211
vector	min	min($x)	1000000	6	0.00128853321075439	0	Stats::LikeR	0.3211
vector	max	max($x)	1000000	0	0.0013420581817627	0	Stats::LikeR	0.3211
vector	max	max($x)	1000000	1	0.00165295600891113	0	Stats::LikeR	0.3211
vector	max	max($x)	1000000	2	0.00194144248962402	0	Stats::LikeR	0.3211
vector	max	max($x)	1000000	3	0.0012819766998291	0	Stats::LikeR	0.3211
vector	max	max($x)	1000000	4	0.00148355960845947	0	Stats::LikeR	0.3211
vector	max	max($x)	1000000	5	0.00170493125915527	0	Stats::LikeR	0.3211
vector	max	max($x)	1000000	6	0.00127255916595459	0	Stats::LikeR	0.3211
vector	sum	List::Util::sum(@$x)	1000000	0	0.0067899227142334	8003584	List::Util	1.70
vector	sum	List::Util::sum(@$x)	1000000	1	0.0059349536895752	8003584	List::Util	1.70
vector	sum	List::Util::sum(@$x)	1000000	2	0.00625085830688477	8003584	List::Util	1.70
vector	sum	List::Util::sum(@$x)	1000000	3	0.00558209419250488	8003584	List::Util	1.70
vector	sum	List::Util::sum(@$x)	1000000	4	0.00647997856140137	8003584	List::Util	1.70
vector	sum	List::Util::sum(@$x)	1000000	5	0.00580906867980957	8003584	List::Util	1.70
vector	sum	List::Util::sum(@$x)	1000000	6	0.00830507278442383	8003584	List::Util	1.70
vector	min	List::Util::min(@$x)	1000000	0	0.00536799430847168	8003584	List::Util	1.70
vector	min	List::Util::min(@$x)	1000000	1	0.00589609146118164	8003584	List::Util	1.70
vector	min	List::Util::min(@$x)	1000000	2	0.0052490234375	8003584	List::Util	1.70
vector	min	List::Util::min(@$x)	1000000	3	0.00683212280273438	8003584	List::Util	1.70
vector	min	List::Util::min(@$x)	1000000	4	0.00541210174560547	8003584	List::Util	1.70
vector	min	List::Util::min(@$x)	1000000	5	0.00561904907226562	8003584	List::Util	1.70
vector	min	List::Util::min(@$x)	1000000	6	0.00559711456298828	8003584	List::Util	1.70
vector	max	List::Util::max(@$x)	1000000	0	0.00595998764038086	8007680	List::Util	1.70
vector	max	List::Util::max(@$x)	1000000	1	0.0054328441619873	8007680	List::Util	1.70
vector	max	List::Util::max(@$x)	1000000	2	0.00586605072021484	8007680	List::Util	1.70
vector	max	List::Util::max(@$x)	1000000	3	0.0071260929107666	8007680	List::Util	1.70
vector	max	List::Util::max(@$x)	1000000	4	0.00522589683532715	8007680	List::Util	1.70
vector	max	List::Util::max(@$x)	1000000	5	0.0058290958404541	8007680	List::Util	1.70
vector	max	List::Util::max(@$x)	1000000	6	0.00571799278259277	8007680	List::Util	1.70
vector	mean	mean($x)	1000000	0	0.00137996673583984	0	Stats::LikeR	0.3211
vector	mean	mean($x)	1000000	1	0.00125300884246826	0	Stats::LikeR	0.3211
vector	mean	mean($x)	1000000	2	0.00150454044342041	0	Stats::LikeR	0.3211
vector	mean	mean($x)	1000000	3	0.00129151344299316	0	Stats::LikeR	0.3211
vector	mean	mean($x)	1000000	4	0.00121307373046875	0	Stats::LikeR	0.3211
vector	mean	mean($x)	1000000	5	0.00124549865722656	0	Stats::LikeR	0.3211
vector	mean	mean($x)	1000000	6	0.00160300731658936	0	Stats::LikeR	0.3211
vector	median	median($x)	1000000	0	0.0108070373535156	7856128	Stats::LikeR	0.3211
vector	median	median($x)	1000000	1	0.0104858875274658	7856128	Stats::LikeR	0.3211
vector	median	median($x)	1000000	2	0.0110061168670654	7856128	Stats::LikeR	0.3211
vector	median	median($x)	1000000	3	0.0107758045196533	7856128	Stats::LikeR	0.3211
vector	median	median($x)	1000000	4	0.0111260414123535	7856128	Stats::LikeR	0.3211
vector	median	median($x)	1000000	5	0.0106868743896484	7856128	Stats::LikeR	0.3211
vector	median	median($x)	1000000	6	0.0122439861297607	7856128	Stats::LikeR	0.3211
vector	sd	sd($x)	1000000	0	0.00406694412231445	0	Stats::LikeR	0.3211
vector	sd	sd($x)	1000000	1	0.00297212600708008	0	Stats::LikeR	0.3211
vector	sd	sd($x)	1000000	2	0.00274991989135742	0	Stats::LikeR	0.3211
vector	sd	sd($x)	1000000	3	0.00251102447509766	0	Stats::LikeR	0.3211
vector	sd	sd($x)	1000000	4	0.00257492065429688	0	Stats::LikeR	0.3211
vector	sd	sd($x)	1000000	5	0.00317001342773438	0	Stats::LikeR	0.3211
vector	sd	sd($x)	1000000	6	0.00276994705200195	0	Stats::LikeR	0.3211
vector	var	var($x)	1000000	0	0.0034480094909668	4096	Stats::LikeR	0.3211
vector	var	var($x)	1000000	1	0.00284004211425781	4096	Stats::LikeR	0.3211
vector	var	var($x)	1000000	2	0.00298285484313965	4096	Stats::LikeR	0.3211
vector	var	var($x)	1000000	3	0.0025169849395752	4096	Stats::LikeR	0.3211
vector	var	var($x)	1000000	4	0.00258994102478027	4096	Stats::LikeR	0.3211
vector	var	var($x)	1000000	5	0.00249695777893066	4096	Stats::LikeR	0.3211
vector	var	var($x)	1000000	6	0.00290393829345703	4096	Stats::LikeR	0.3211
vector	quantile	quantile(x => $x, probs => [.25,.5,.75])	1000000	0	0.0155439376831055	7892992	Stats::LikeR	0.3211
vector	quantile	quantile(x => $x, probs => [.25,.5,.75])	1000000	1	0.0164318084716797	7892992	Stats::LikeR	0.3211
vector	quantile	quantile(x => $x, probs => [.25,.5,.75])	1000000	2	0.0155470371246338	7892992	Stats::LikeR	0.3211
vector	quantile	quantile(x => $x, probs => [.25,.5,.75])	1000000	3	0.0153970718383789	7892992	Stats::LikeR	0.3211
vector	quantile	quantile(x => $x, probs => [.25,.5,.75])	1000000	4	0.0160388946533203	7892992	Stats::LikeR	0.3211
vector	quantile	quantile(x => $x, probs => [.25,.5,.75])	1000000	5	0.0158889293670654	7892992	Stats::LikeR	0.3211
vector	quantile	quantile(x => $x, probs => [.25,.5,.75])	1000000	6	0.0158348083496094	7892992	Stats::LikeR	0.3211
vector	cor	cor($x, $y)	1000000	0	0.00920701026916504	15839232	Stats::LikeR	0.3211
vector	cor	cor($x, $y)	1000000	1	0.00884103775024414	15839232	Stats::LikeR	0.3211
vector	cor	cor($x, $y)	1000000	2	0.00900793075561523	15839232	Stats::LikeR	0.3211
vector	cor	cor($x, $y)	1000000	3	0.0101258754730225	15839232	Stats::LikeR	0.3211
vector	cor	cor($x, $y)	1000000	4	0.0096580982208252	15839232	Stats::LikeR	0.3211
vector	cor	cor($x, $y)	1000000	5	0.00989103317260742	15839232	Stats::LikeR	0.3211
vector	cor	cor($x, $y)	1000000	6	0.00870394706726074	15839232	Stats::LikeR	0.3211
vector	cov	cov($x, $y)	1000000	0	0.00904297828674316	15945728	Stats::LikeR	0.3211
vector	cov	cov($x, $y)	1000000	1	0.0104219913482666	15945728	Stats::LikeR	0.3211
vector	cov	cov($x, $y)	1000000	2	0.00898599624633789	15945728	Stats::LikeR	0.3211
vector	cov	cov($x, $y)	1000000	3	0.0101521015167236	15945728	Stats::LikeR	0.3211
vector	cov	cov($x, $y)	1000000	4	0.00914883613586426	15945728	Stats::LikeR	0.3211
vector	cov	cov($x, $y)	1000000	5	0.00885510444641113	15945728	Stats::LikeR	0.3211
vector	cov	cov($x, $y)	1000000	6	0.00913906097412109	15945728	Stats::LikeR	0.3211
vector	skew	skew($x)	1000000	0	0.00959897041320801	4096	Stats::LikeR	0.3211
vector	skew	skew($x)	1000000	1	0.00963306427001953	4096	Stats::LikeR	0.3211
vector	skew	skew($x)	1000000	2	0.00959897041320801	4096	Stats::LikeR	0.3211
vector	skew	skew($x)	1000000	3	0.00961899757385254	4096	Stats::LikeR	0.3211
vector	skew	skew($x)	1000000	4	0.00959897041320801	4096	Stats::LikeR	0.3211
vector	skew	skew($x)	1000000	5	0.00961089134216309	4096	Stats::LikeR	0.3211
vector	skew	skew($x)	1000000	6	0.00960803031921387	4096	Stats::LikeR	0.3211
vector	kurtosis	kurtosis($x)	1000000	0	0.00965499877929688	4096	Stats::LikeR	0.3211
vector	kurtosis	kurtosis($x)	1000000	1	0.0096278190612793	4096	Stats::LikeR	0.3211
vector	kurtosis	kurtosis($x)	1000000	2	0.00964808464050293	4096	Stats::LikeR	0.3211
vector	kurtosis	kurtosis($x)	1000000	3	0.00968289375305176	4096	Stats::LikeR	0.3211
vector	kurtosis	kurtosis($x)	1000000	4	0.00962996482849121	4096	Stats::LikeR	0.3211
vector	kurtosis	kurtosis($x)	1000000	5	0.00960612297058105	4096	Stats::LikeR	0.3211
vector	kurtosis	kurtosis($x)	1000000	6	0.00961494445800781	4096	Stats::LikeR	0.3211
transform	rank	rank($x)	1000	0	3.18180431019176e-05	69632	Stats::LikeR	0.3211
transform	rank	rank($x)	1000	1	3.23131680488586e-05	69632	Stats::LikeR	0.3211
transform	rank	rank($x)	1000	2	2.69607621796277e-05	69632	Stats::LikeR	0.3211
transform	rank	rank($x)	1000	3	2.61702436081907e-05	69632	Stats::LikeR	0.3211
transform	rank	rank($x)	1000	4	2.77452690656795e-05	69632	Stats::LikeR	0.3211
transform	rank	rank($x)	1000	5	2.55199579092172e-05	69632	Stats::LikeR	0.3211
transform	rank	rank($x)	1000	6	2.74578730265299e-05	69632	Stats::LikeR	0.3211
transform	uniq	uniq($x)	1000	0	7.46117697821723e-05	122880	Stats::LikeR	0.3211
transform	uniq	uniq($x)	1000	1	7.3605113559299e-05	122880	Stats::LikeR	0.3211
transform	uniq	uniq($x)	1000	2	7.01384110884233e-05	122880	Stats::LikeR	0.3211
transform	uniq	uniq($x)	1000	3	7.07778063687411e-05	122880	Stats::LikeR	0.3211
transform	uniq	uniq($x)	1000	4	7.11896202780984e-05	122880	Stats::LikeR	0.3211
transform	uniq	uniq($x)	1000	5	7.08243426154642e-05	122880	Stats::LikeR	0.3211
transform	uniq	uniq($x)	1000	6	7.11395626976377e-05	122880	Stats::LikeR	0.3211
transform	scale	scale($x)	1000	0	1.45567788018121e-05	61440	Stats::LikeR	0.3211
transform	scale	scale($x)	1000	1	1.4443246145097e-05	61440	Stats::LikeR	0.3211
transform	scale	scale($x)	1000	2	1.4420539613754e-05	61440	Stats::LikeR	0.3211
transform	scale	scale($x)	1000	3	1.43727259849434e-05	61440	Stats::LikeR	0.3211
transform	scale	scale($x)	1000	4	1.44285815102713e-05	61440	Stats::LikeR	0.3211
transform	scale	scale($x)	1000	5	1.46419282943483e-05	61440	Stats::LikeR	0.3211
transform	scale	scale($x)	1000	6	1.44705843569627e-05	61440	Stats::LikeR	0.3211
transform	sample	sample($x, n/10)	1000	0	1.41313684131452e-06	4096	Stats::LikeR	0.3211
transform	sample	sample($x, n/10)	1000	1	1.45162854875837e-06	4096	Stats::LikeR	0.3211
transform	sample	sample($x, n/10)	1000	2	1.48546128045945e-06	4096	Stats::LikeR	0.3211
transform	sample	sample($x, n/10)	1000	3	1.41313684131452e-06	4096	Stats::LikeR	0.3211
transform	sample	sample($x, n/10)	1000	4	1.42571357750671e-06	4096	Stats::LikeR	0.3211
transform	sample	sample($x, n/10)	1000	5	1.55857631138393e-06	4096	Stats::LikeR	0.3211
transform	sample	sample($x, n/10)	1000	6	1.53385079682058e-06	4096	Stats::LikeR	0.3211
transform	seq	seq(1, n)	1000	0	7.71045684814453e-06	61440	Stats::LikeR	0.3211
transform	seq	seq(1, n)	1000	1	7.7966111817511e-06	61440	Stats::LikeR	0.3211
transform	seq	seq(1, n)	1000	2	7.7513008635508e-06	61440	Stats::LikeR	0.3211
transform	seq	seq(1, n)	1000	3	8.03470611572266e-06	61440	Stats::LikeR	0.3211
transform	seq	seq(1, n)	1000	4	7.67902011785033e-06	61440	Stats::LikeR	0.3211
transform	seq	seq(1, n)	1000	5	7.79986381530762e-06	61440	Stats::LikeR	0.3211
transform	seq	seq(1, n)	1000	6	7.73727624125071e-06	61440	Stats::LikeR	0.3211
transform	auc	auc($y, $label)	1000	0	5.85425983775746e-05	114688	Stats::LikeR	0.3211
transform	auc	auc($y, $label)	1000	1	5.73396682739258e-05	114688	Stats::LikeR	0.3211
transform	auc	auc($y, $label)	1000	2	5.20619479092685e-05	114688	Stats::LikeR	0.3211
transform	auc	auc($y, $label)	1000	3	5.61674435933431e-05	114688	Stats::LikeR	0.3211
transform	auc	auc($y, $label)	1000	4	5.63493141761193e-05	114688	Stats::LikeR	0.3211
transform	auc	auc($y, $label)	1000	5	5.56157185481145e-05	114688	Stats::LikeR	0.3211
transform	auc	auc($y, $label)	1000	6	5.54598294771635e-05	114688	Stats::LikeR	0.3211
transform	rank	rank($x)	3000	0	0.000162911415100098	229376	Stats::LikeR	0.3211
transform	rank	rank($x)	3000	1	0.000160910866477273	229376	Stats::LikeR	0.3211
transform	rank	rank($x)	3000	2	0.000164465470747514	229376	Stats::LikeR	0.3211
transform	rank	rank($x)	3000	3	0.000159176913174716	229376	Stats::LikeR	0.3211
transform	rank	rank($x)	3000	4	0.000162016261707653	229376	Stats::LikeR	0.3211
transform	rank	rank($x)	3000	5	0.000160415967305501	229376	Stats::LikeR	0.3211
transform	rank	rank($x)	3000	6	0.000159164269765218	229376	Stats::LikeR	0.3211
transform	uniq	uniq($x)	3000	0	0.000246150153023856	372736	Stats::LikeR	0.3211
transform	uniq	uniq($x)	3000	1	0.000241726636886597	372736	Stats::LikeR	0.3211
transform	uniq	uniq($x)	3000	2	0.00024038553237915	372736	Stats::LikeR	0.3211
transform	uniq	uniq($x)	3000	3	0.000236988067626953	372736	Stats::LikeR	0.3211
transform	uniq	uniq($x)	3000	4	0.000237852334976196	372736	Stats::LikeR	0.3211
transform	uniq	uniq($x)	3000	5	0.000238507986068726	372736	Stats::LikeR	0.3211
transform	uniq	uniq($x)	3000	6	0.000240504741668701	372736	Stats::LikeR	0.3211
transform	scale	scale($x)	3000	0	4.43458557128906e-05	200704	Stats::LikeR	0.3211
transform	scale	scale($x)	3000	1	4.38213348388672e-05	200704	Stats::LikeR	0.3211
transform	scale	scale($x)	3000	2	4.36772470888884e-05	200704	Stats::LikeR	0.3211
transform	scale	scale($x)	3000	3	4.36204545041348e-05	200704	Stats::LikeR	0.3211
transform	scale	scale($x)	3000	4	4.42836595618206e-05	200704	Stats::LikeR	0.3211
transform	scale	scale($x)	3000	5	4.35839528622835e-05	200704	Stats::LikeR	0.3211
transform	scale	scale($x)	3000	6	4.33714493461277e-05	200704	Stats::LikeR	0.3211
transform	sample	sample($x, n/10)	3000	0	3.75678182130883e-06	24576	Stats::LikeR	0.3211
transform	sample	sample($x, n/10)	3000	1	3.793321806809e-06	24576	Stats::LikeR	0.3211
transform	sample	sample($x, n/10)	3000	2	3.92404095879917e-06	24576	Stats::LikeR	0.3211
transform	sample	sample($x, n/10)	3000	3	3.67845807756696e-06	24576	Stats::LikeR	0.3211
transform	sample	sample($x, n/10)	3000	4	3.62807796114967e-06	24576	Stats::LikeR	0.3211
transform	sample	sample($x, n/10)	3000	5	3.64297912234352e-06	24576	Stats::LikeR	0.3211
transform	sample	sample($x, n/10)	3000	6	3.69974545070103e-06	24576	Stats::LikeR	0.3211
transform	seq	seq(1, n)	3000	0	2.45323428859958e-05	176128	Stats::LikeR	0.3211
transform	seq	seq(1, n)	3000	1	2.3949146270752e-05	176128	Stats::LikeR	0.3211
transform	seq	seq(1, n)	3000	2	2.42350937484147e-05	176128	Stats::LikeR	0.3211
transform	seq	seq(1, n)	3000	3	2.41756439208984e-05	176128	Stats::LikeR	0.3211
transform	seq	seq(1, n)	3000	4	2.38001346588135e-05	176128	Stats::LikeR	0.3211
transform	seq	seq(1, n)	3000	5	2.37882137298584e-05	176128	Stats::LikeR	0.3211
transform	seq	seq(1, n)	3000	6	2.44570367130232e-05	176128	Stats::LikeR	0.3211
transform	auc	auc($y, $label)	3000	0	0.000294719423566546	327680	Stats::LikeR	0.3211
transform	auc	auc($y, $label)	3000	1	0.00029029164995466	327680	Stats::LikeR	0.3211
transform	auc	auc($y, $label)	3000	2	0.000289576394217355	327680	Stats::LikeR	0.3211
transform	auc	auc($y, $label)	3000	3	0.000293425151279994	327680	Stats::LikeR	0.3211
transform	auc	auc($y, $label)	3000	4	0.000289985111781529	327680	Stats::LikeR	0.3211
transform	auc	auc($y, $label)	3000	5	0.000291551862444196	327680	Stats::LikeR	0.3211
transform	auc	auc($y, $label)	3000	6	0.000290836606706892	327680	Stats::LikeR	0.3211
transform	rank	rank($x)	10000	0	0.000630617141723633	749568	Stats::LikeR	0.3211
transform	rank	rank($x)	10000	1	0.000633001327514648	749568	Stats::LikeR	0.3211
transform	rank	rank($x)	10000	2	0.000619967778523763	749568	Stats::LikeR	0.3211
transform	rank	rank($x)	10000	3	0.000626961390177409	749568	Stats::LikeR	0.3211
transform	rank	rank($x)	10000	4	0.000639041264851888	749568	Stats::LikeR	0.3211
transform	rank	rank($x)	10000	5	0.000632286071777344	749568	Stats::LikeR	0.3211
transform	rank	rank($x)	10000	6	0.000624974568684896	749568	Stats::LikeR	0.3211
transform	uniq	uniq($x)	10000	0	0.000869512557983398	1126400	Stats::LikeR	0.3211
transform	uniq	uniq($x)	10000	1	0.000841697057088216	1126400	Stats::LikeR	0.3211
transform	uniq	uniq($x)	10000	2	0.000843365987141927	1126400	Stats::LikeR	0.3211
transform	uniq	uniq($x)	10000	3	0.000842014948527018	1126400	Stats::LikeR	0.3211
transform	uniq	uniq($x)	10000	4	0.000836292902628581	1126400	Stats::LikeR	0.3211
transform	uniq	uniq($x)	10000	5	0.000833988189697266	1126400	Stats::LikeR	0.3211
transform	uniq	uniq($x)	10000	6	0.000833272933959961	1126400	Stats::LikeR	0.3211
transform	scale	scale($x)	10000	0	0.000151361737932478	663552	Stats::LikeR	0.3211
transform	scale	scale($x)	10000	1	0.000145350183759417	663552	Stats::LikeR	0.3211
transform	scale	scale($x)	10000	2	0.000144634928022112	663552	Stats::LikeR	0.3211
transform	scale	scale($x)	10000	3	0.000146065439496722	663552	Stats::LikeR	0.3211
transform	scale	scale($x)	10000	4	0.000144856316702706	663552	Stats::LikeR	0.3211
transform	scale	scale($x)	10000	5	0.000145009585789272	663552	Stats::LikeR	0.3211
transform	scale	scale($x)	10000	6	0.000146916934422084	663552	Stats::LikeR	0.3211
transform	sample	sample($x, n/10)	10000	0	1.11735056317042e-05	81920	Stats::LikeR	0.3211
transform	sample	sample($x, n/10)	10000	1	1.11133821548954e-05	81920	Stats::LikeR	0.3211
transform	sample	sample($x, n/10)	10000	2	1.13570500933935e-05	81920	Stats::LikeR	0.3211
transform	sample	sample($x, n/10)	10000	3	1.11711436304553e-05	81920	Stats::LikeR	0.3211
transform	sample	sample($x, n/10)	10000	4	1.11389827061366e-05	81920	Stats::LikeR	0.3211
transform	sample	sample($x, n/10)	10000	5	1.15741382945668e-05	81920	Stats::LikeR	0.3211
transform	sample	sample($x, n/10)	10000	6	1.10989683991546e-05	81920	Stats::LikeR	0.3211
transform	seq	seq(1, n)	10000	0	8.07571411132813e-05	581632	Stats::LikeR	0.3211
transform	seq	seq(1, n)	10000	1	8.08334350585938e-05	581632	Stats::LikeR	0.3211
transform	seq	seq(1, n)	10000	2	8.0683014609597e-05	581632	Stats::LikeR	0.3211
transform	seq	seq(1, n)	10000	3	8.29046422784979e-05	581632	Stats::LikeR	0.3211
transform	seq	seq(1, n)	10000	4	8.00967216491699e-05	581632	Stats::LikeR	0.3211
transform	seq	seq(1, n)	10000	5	8.04424285888672e-05	581632	Stats::LikeR	0.3211
transform	seq	seq(1, n)	10000	6	8.10432434082031e-05	581632	Stats::LikeR	0.3211
transform	auc	auc($y, $label)	10000	0	0.00112152099609375	1114112	Stats::LikeR	0.3211
transform	auc	auc($y, $label)	10000	1	0.00114500522613525	1114112	Stats::LikeR	0.3211
transform	auc	auc($y, $label)	10000	2	0.00112998485565186	1114112	Stats::LikeR	0.3211
transform	auc	auc($y, $label)	10000	3	0.00112545490264893	1114112	Stats::LikeR	0.3211
transform	auc	auc($y, $label)	10000	4	0.00111746788024902	1114112	Stats::LikeR	0.3211
transform	auc	auc($y, $label)	10000	5	0.00111949443817139	1114112	Stats::LikeR	0.3211
transform	auc	auc($y, $label)	10000	6	0.00112402439117432	1114112	Stats::LikeR	0.3211
transform	rank	rank($x)	30000	0	0.00212717056274414	1757184	Stats::LikeR	0.3211
transform	rank	rank($x)	30000	1	0.00211882591247559	1757184	Stats::LikeR	0.3211
transform	rank	rank($x)	30000	2	0.00212407112121582	1757184	Stats::LikeR	0.3211
transform	rank	rank($x)	30000	3	0.00210213661193848	1757184	Stats::LikeR	0.3211
transform	rank	rank($x)	30000	4	0.00219893455505371	1757184	Stats::LikeR	0.3211
transform	rank	rank($x)	30000	5	0.00213408470153809	1757184	Stats::LikeR	0.3211
transform	rank	rank($x)	30000	6	0.00210714340209961	1757184	Stats::LikeR	0.3211
transform	uniq	uniq($x)	30000	0	0.00275516510009766	2785280	Stats::LikeR	0.3211
transform	uniq	uniq($x)	30000	1	0.00279593467712402	2785280	Stats::LikeR	0.3211
transform	uniq	uniq($x)	30000	2	0.00272583961486816	2785280	Stats::LikeR	0.3211
transform	uniq	uniq($x)	30000	3	0.00274395942687988	2785280	Stats::LikeR	0.3211
transform	uniq	uniq($x)	30000	4	0.00276494026184082	2785280	Stats::LikeR	0.3211
transform	uniq	uniq($x)	30000	5	0.00272893905639648	2785280	Stats::LikeR	0.3211
transform	uniq	uniq($x)	30000	6	0.00272107124328613	2785280	Stats::LikeR	0.3211
transform	scale	scale($x)	30000	0	0.000448524951934814	1712128	Stats::LikeR	0.3211
transform	scale	scale($x)	30000	1	0.000442981719970703	1712128	Stats::LikeR	0.3211
transform	scale	scale($x)	30000	2	0.000442218780517578	1712128	Stats::LikeR	0.3211
transform	scale	scale($x)	30000	3	0.000442361831665039	1712128	Stats::LikeR	0.3211
transform	scale	scale($x)	30000	4	0.000442790985107422	1712128	Stats::LikeR	0.3211
transform	scale	scale($x)	30000	5	0.000440788269042969	1712128	Stats::LikeR	0.3211
transform	scale	scale($x)	30000	6	0.000441980361938477	1712128	Stats::LikeR	0.3211
transform	sample	sample($x, n/10)	30000	0	3.70246608082841e-05	167936	Stats::LikeR	0.3211
transform	sample	sample($x, n/10)	30000	1	3.65361934754907e-05	167936	Stats::LikeR	0.3211
transform	sample	sample($x, n/10)	30000	2	3.67747412787543e-05	167936	Stats::LikeR	0.3211
transform	sample	sample($x, n/10)	30000	3	3.57985496520996e-05	167936	Stats::LikeR	0.3211
transform	sample	sample($x, n/10)	30000	4	3.55194012324015e-05	167936	Stats::LikeR	0.3211
transform	sample	sample($x, n/10)	30000	5	3.62694263458252e-05	167936	Stats::LikeR	0.3211
transform	sample	sample($x, n/10)	30000	6	3.60012054443359e-05	167936	Stats::LikeR	0.3211
transform	seq	seq(1, n)	30000	0	0.000257134437561035	1601536	Stats::LikeR	0.3211
transform	seq	seq(1, n)	30000	1	0.000249505043029785	1601536	Stats::LikeR	0.3211
transform	seq	seq(1, n)	30000	2	0.000251024961471558	1601536	Stats::LikeR	0.3211
transform	seq	seq(1, n)	30000	3	0.00025448203086853	1601536	Stats::LikeR	0.3211
transform	seq	seq(1, n)	30000	4	0.000252753496170044	1601536	Stats::LikeR	0.3211
transform	seq	seq(1, n)	30000	5	0.000249236822128296	1601536	Stats::LikeR	0.3211
transform	seq	seq(1, n)	30000	6	0.000251352787017822	1601536	Stats::LikeR	0.3211
transform	auc	auc($y, $label)	30000	0	0.00374197959899902	3264512	Stats::LikeR	0.3211
transform	auc	auc($y, $label)	30000	1	0.00373196601867676	3264512	Stats::LikeR	0.3211
transform	auc	auc($y, $label)	30000	2	0.00375485420227051	3264512	Stats::LikeR	0.3211
transform	auc	auc($y, $label)	30000	3	0.0037529468536377	3264512	Stats::LikeR	0.3211
transform	auc	auc($y, $label)	30000	4	0.00374078750610352	3264512	Stats::LikeR	0.3211
transform	auc	auc($y, $label)	30000	5	0.00374078750610352	3264512	Stats::LikeR	0.3211
transform	auc	auc($y, $label)	30000	6	0.00374293327331543	3264512	Stats::LikeR	0.3211
transform	rank	rank($x)	100000	0	0.00781011581420898	5820416	Stats::LikeR	0.3211
transform	rank	rank($x)	100000	1	0.00780200958251953	5820416	Stats::LikeR	0.3211
transform	rank	rank($x)	100000	2	0.00782084465026855	5820416	Stats::LikeR	0.3211
transform	rank	rank($x)	100000	3	0.00780582427978516	5820416	Stats::LikeR	0.3211
transform	rank	rank($x)	100000	4	0.00785207748413086	5820416	Stats::LikeR	0.3211
transform	rank	rank($x)	100000	5	0.00779891014099121	5820416	Stats::LikeR	0.3211
transform	rank	rank($x)	100000	6	0.00780606269836426	5820416	Stats::LikeR	0.3211
transform	uniq	uniq($x)	100000	0	0.0100061893463135	9474048	Stats::LikeR	0.3211
transform	uniq	uniq($x)	100000	1	0.00991320610046387	9474048	Stats::LikeR	0.3211
transform	uniq	uniq($x)	100000	2	0.0100059509277344	9474048	Stats::LikeR	0.3211
transform	uniq	uniq($x)	100000	3	0.00999021530151367	9474048	Stats::LikeR	0.3211
transform	uniq	uniq($x)	100000	4	0.0099790096282959	9474048	Stats::LikeR	0.3211
transform	uniq	uniq($x)	100000	5	0.0100259780883789	9474048	Stats::LikeR	0.3211
transform	uniq	uniq($x)	100000	6	0.0101900100708008	9474048	Stats::LikeR	0.3211
transform	scale	scale($x)	100000	0	0.00187802314758301	5644288	Stats::LikeR	0.3211
transform	scale	scale($x)	100000	1	0.00155854225158691	5644288	Stats::LikeR	0.3211
transform	scale	scale($x)	100000	2	0.00153195858001709	5644288	Stats::LikeR	0.3211
transform	scale	scale($x)	100000	3	0.00154554843902588	5644288	Stats::LikeR	0.3211
transform	scale	scale($x)	100000	4	0.00151407718658447	5644288	Stats::LikeR	0.3211
transform	scale	scale($x)	100000	5	0.00155150890350342	5644288	Stats::LikeR	0.3211
transform	scale	scale($x)	100000	6	0.00150394439697266	5644288	Stats::LikeR	0.3211
transform	sample	sample($x, n/10)	100000	0	0.000172641542222765	778240	Stats::LikeR	0.3211
transform	sample	sample($x, n/10)	100000	1	0.000172831795432351	778240	Stats::LikeR	0.3211
transform	sample	sample($x, n/10)	100000	2	0.000146223948552058	778240	Stats::LikeR	0.3211
transform	sample	sample($x, n/10)	100000	3	0.000146065439496722	778240	Stats::LikeR	0.3211
transform	sample	sample($x, n/10)	100000	4	0.000182628631591797	778240	Stats::LikeR	0.3211
transform	sample	sample($x, n/10)	100000	5	0.000170999103122287	778240	Stats::LikeR	0.3211
transform	sample	sample($x, n/10)	100000	6	0.000156243642171224	778240	Stats::LikeR	0.3211
transform	seq	seq(1, n)	100000	0	0.000885327657063802	5439488	Stats::LikeR	0.3211
transform	seq	seq(1, n)	100000	1	0.000875711441040039	5439488	Stats::LikeR	0.3211
transform	seq	seq(1, n)	100000	2	0.00088198979695638	5439488	Stats::LikeR	0.3211
transform	seq	seq(1, n)	100000	3	0.000876665115356445	5439488	Stats::LikeR	0.3211
transform	seq	seq(1, n)	100000	4	0.000875314076741536	5439488	Stats::LikeR	0.3211
transform	seq	seq(1, n)	100000	5	0.000880638758341471	5439488	Stats::LikeR	0.3211
transform	seq	seq(1, n)	100000	6	0.000874678293863932	5439488	Stats::LikeR	0.3211
transform	auc	auc($y, $label)	100000	0	0.013779878616333	10940416	Stats::LikeR	0.3211
transform	auc	auc($y, $label)	100000	1	0.0136830806732178	10940416	Stats::LikeR	0.3211
transform	auc	auc($y, $label)	100000	2	0.0139229297637939	10940416	Stats::LikeR	0.3211
transform	auc	auc($y, $label)	100000	3	0.0136909484863281	10940416	Stats::LikeR	0.3211
transform	auc	auc($y, $label)	100000	4	0.0136928558349609	10940416	Stats::LikeR	0.3211
transform	auc	auc($y, $label)	100000	5	0.0136849880218506	10940416	Stats::LikeR	0.3211
transform	auc	auc($y, $label)	100000	6	0.0138270854949951	10940416	Stats::LikeR	0.3211
transform	rank	rank($x)	300000	0	0.0258030891418457	18149376	Stats::LikeR	0.3211
transform	rank	rank($x)	300000	1	0.026494026184082	18149376	Stats::LikeR	0.3211
transform	rank	rank($x)	300000	2	0.0267479419708252	18149376	Stats::LikeR	0.3211
transform	rank	rank($x)	300000	3	0.0264649391174316	18149376	Stats::LikeR	0.3211
transform	rank	rank($x)	300000	4	0.0260109901428223	18149376	Stats::LikeR	0.3211
transform	rank	rank($x)	300000	5	0.0265188217163086	18149376	Stats::LikeR	0.3211
transform	rank	rank($x)	300000	6	0.0258469581604004	18149376	Stats::LikeR	0.3211
transform	uniq	uniq($x)	300000	0	0.0399808883666992	30793728	Stats::LikeR	0.3211
transform	uniq	uniq($x)	300000	1	0.0403201580047607	30793728	Stats::LikeR	0.3211
transform	uniq	uniq($x)	300000	2	0.0425858497619629	30793728	Stats::LikeR	0.3211
transform	uniq	uniq($x)	300000	3	0.0421490669250488	30793728	Stats::LikeR	0.3211
transform	uniq	uniq($x)	300000	4	0.0414190292358398	30793728	Stats::LikeR	0.3211
transform	uniq	uniq($x)	300000	5	0.04315185546875	30793728	Stats::LikeR	0.3211
transform	uniq	uniq($x)	300000	6	0.0424809455871582	30793728	Stats::LikeR	0.3211
transform	scale	scale($x)	300000	0	0.00503921508789062	16891904	Stats::LikeR	0.3211
transform	scale	scale($x)	300000	1	0.00484490394592285	16891904	Stats::LikeR	0.3211
transform	scale	scale($x)	300000	2	0.00519990921020508	16891904	Stats::LikeR	0.3211
transform	scale	scale($x)	300000	3	0.0049598217010498	16891904	Stats::LikeR	0.3211
transform	scale	scale($x)	300000	4	0.00489401817321777	16891904	Stats::LikeR	0.3211
transform	scale	scale($x)	300000	5	0.00489497184753418	16891904	Stats::LikeR	0.3211
transform	scale	scale($x)	300000	6	0.00485992431640625	16891904	Stats::LikeR	0.3211
transform	sample	sample($x, n/10)	300000	0	0.000788052876790365	2437120	Stats::LikeR	0.3211
transform	sample	sample($x, n/10)	300000	1	0.000619967778523763	2437120	Stats::LikeR	0.3211
transform	sample	sample($x, n/10)	300000	2	0.000611305236816406	2437120	Stats::LikeR	0.3211
transform	sample	sample($x, n/10)	300000	3	0.00060272216796875	2437120	Stats::LikeR	0.3211
transform	sample	sample($x, n/10)	300000	4	0.00061798095703125	2437120	Stats::LikeR	0.3211
transform	sample	sample($x, n/10)	300000	5	0.000803629557291667	2437120	Stats::LikeR	0.3211
transform	sample	sample($x, n/10)	300000	6	0.000730991363525391	2437120	Stats::LikeR	0.3211
transform	seq	seq(1, n)	300000	0	0.00268888473510742	16809984	Stats::LikeR	0.3211
transform	seq	seq(1, n)	300000	1	0.00269389152526855	16809984	Stats::LikeR	0.3211
transform	seq	seq(1, n)	300000	2	0.00269317626953125	16809984	Stats::LikeR	0.3211
transform	seq	seq(1, n)	300000	3	0.00294709205627441	16809984	Stats::LikeR	0.3211
transform	seq	seq(1, n)	300000	4	0.0027000904083252	16809984	Stats::LikeR	0.3211
transform	seq	seq(1, n)	300000	5	0.00269198417663574	16809984	Stats::LikeR	0.3211
transform	seq	seq(1, n)	300000	6	0.00266599655151367	16809984	Stats::LikeR	0.3211
transform	auc	auc($y, $label)	300000	0	0.0436239242553711	31043584	Stats::LikeR	0.3211
transform	auc	auc($y, $label)	300000	1	0.0436789989471436	31043584	Stats::LikeR	0.3211
transform	auc	auc($y, $label)	300000	2	0.043795108795166	31043584	Stats::LikeR	0.3211
transform	auc	auc($y, $label)	300000	3	0.0437860488891602	31043584	Stats::LikeR	0.3211
transform	auc	auc($y, $label)	300000	4	0.0437140464782715	31043584	Stats::LikeR	0.3211
transform	auc	auc($y, $label)	300000	5	0.0436031818389893	31043584	Stats::LikeR	0.3211
transform	auc	auc($y, $label)	300000	6	0.0435030460357666	31043584	Stats::LikeR	0.3211
transform	rank	rank($x)	1000000	0	0.0959579944610596	61378560	Stats::LikeR	0.3211
transform	rank	rank($x)	1000000	1	0.0957779884338379	61378560	Stats::LikeR	0.3211
transform	rank	rank($x)	1000000	2	0.0953550338745117	61378560	Stats::LikeR	0.3211
transform	rank	rank($x)	1000000	3	0.0954341888427734	61378560	Stats::LikeR	0.3211
transform	rank	rank($x)	1000000	4	0.096970796585083	61378560	Stats::LikeR	0.3211
transform	rank	rank($x)	1000000	5	0.097661018371582	61378560	Stats::LikeR	0.3211
transform	rank	rank($x)	1000000	6	0.0969059467315674	61378560	Stats::LikeR	0.3211
transform	uniq	uniq($x)	1000000	0	0.177670001983643	92581888	Stats::LikeR	0.3211
transform	uniq	uniq($x)	1000000	1	0.183111906051636	92581888	Stats::LikeR	0.3211
transform	uniq	uniq($x)	1000000	2	0.188190937042236	92581888	Stats::LikeR	0.3211
transform	uniq	uniq($x)	1000000	3	0.195916175842285	92581888	Stats::LikeR	0.3211
transform	uniq	uniq($x)	1000000	4	0.166536092758179	92581888	Stats::LikeR	0.3211
transform	uniq	uniq($x)	1000000	5	0.171524047851562	92581888	Stats::LikeR	0.3211
transform	uniq	uniq($x)	1000000	6	0.180597066879272	92581888	Stats::LikeR	0.3211
transform	scale	scale($x)	1000000	0	0.0191140174865723	56262656	Stats::LikeR	0.3211
transform	scale	scale($x)	1000000	1	0.0190401077270508	56262656	Stats::LikeR	0.3211
transform	scale	scale($x)	1000000	2	0.0189578533172607	56262656	Stats::LikeR	0.3211
transform	scale	scale($x)	1000000	3	0.0190820693969727	56262656	Stats::LikeR	0.3211
transform	scale	scale($x)	1000000	4	0.0191581249237061	56262656	Stats::LikeR	0.3211
transform	scale	scale($x)	1000000	5	0.019885778427124	56262656	Stats::LikeR	0.3211
transform	scale	scale($x)	1000000	6	0.0195729732513428	56262656	Stats::LikeR	0.3211
transform	sample	sample($x, n/10)	1000000	0	0.00556302070617676	8617984	Stats::LikeR	0.3211
transform	sample	sample($x, n/10)	1000000	1	0.0052189826965332	8617984	Stats::LikeR	0.3211
transform	sample	sample($x, n/10)	1000000	2	0.00480294227600098	8617984	Stats::LikeR	0.3211
transform	sample	sample($x, n/10)	1000000	3	0.0066680908203125	8617984	Stats::LikeR	0.3211
transform	sample	sample($x, n/10)	1000000	4	0.00541210174560547	8617984	Stats::LikeR	0.3211
transform	sample	sample($x, n/10)	1000000	5	0.00555419921875	8617984	Stats::LikeR	0.3211
transform	sample	sample($x, n/10)	1000000	6	0.00587606430053711	8617984	Stats::LikeR	0.3211
transform	seq	seq(1, n)	1000000	0	0.0121428966522217	55988224	Stats::LikeR	0.3211
transform	seq	seq(1, n)	1000000	1	0.0120201110839844	55988224	Stats::LikeR	0.3211
transform	seq	seq(1, n)	1000000	2	0.0120639801025391	55988224	Stats::LikeR	0.3211
transform	seq	seq(1, n)	1000000	3	0.0120820999145508	55988224	Stats::LikeR	0.3211
transform	seq	seq(1, n)	1000000	4	0.0120549201965332	55988224	Stats::LikeR	0.3211
transform	seq	seq(1, n)	1000000	5	0.012225866317749	55988224	Stats::LikeR	0.3211
transform	seq	seq(1, n)	1000000	6	0.0119771957397461	55988224	Stats::LikeR	0.3211
transform	auc	auc($y, $label)	1000000	0	0.171634912490845	112164864	Stats::LikeR	0.3211
transform	auc	auc($y, $label)	1000000	1	0.171414136886597	112164864	Stats::LikeR	0.3211
transform	auc	auc($y, $label)	1000000	2	0.171635150909424	112164864	Stats::LikeR	0.3211
transform	auc	auc($y, $label)	1000000	3	0.17165994644165	112164864	Stats::LikeR	0.3211
transform	auc	auc($y, $label)	1000000	4	0.171540975570679	112164864	Stats::LikeR	0.3211
transform	auc	auc($y, $label)	1000000	5	0.176673173904419	112164864	Stats::LikeR	0.3211
transform	auc	auc($y, $label)	1000000	6	0.176084995269775	112164864	Stats::LikeR	0.3211
io	read_table (csv, numeric)	read_table('num.csv')	1000	0	0.000458765029907227	479232	Stats::LikeR	0.3211
io	read_table (csv, numeric)	read_table('num.csv')	1000	1	0.000439596176147461	479232	Stats::LikeR	0.3211
io	read_table (csv, numeric)	read_table('num.csv')	1000	2	0.000449991226196289	479232	Stats::LikeR	0.3211
io	read_table (csv, numeric)	read_table('num.csv')	1000	3	0.00043635368347168	479232	Stats::LikeR	0.3211
io	read_table (csv, numeric)	read_table('num.csv')	1000	4	0.000433778762817383	479232	Stats::LikeR	0.3211
io	read_table (csv, numeric)	read_table('num.csv')	1000	5	0.000434398651123047	479232	Stats::LikeR	0.3211
io	read_table (csv, numeric)	read_table('num.csv')	1000	6	0.00043339729309082	479232	Stats::LikeR	0.3211
io	read_table (csv, mixed)	read_table('mix.csv')	1000	0	0.000510513782501221	573440	Stats::LikeR	0.3211
io	read_table (csv, mixed)	read_table('mix.csv')	1000	1	0.000495731830596924	573440	Stats::LikeR	0.3211
io	read_table (csv, mixed)	read_table('mix.csv')	1000	2	0.000496745109558105	573440	Stats::LikeR	0.3211
io	read_table (csv, mixed)	read_table('mix.csv')	1000	3	0.000490248203277588	573440	Stats::LikeR	0.3211
io	read_table (csv, mixed)	read_table('mix.csv')	1000	4	0.000495254993438721	573440	Stats::LikeR	0.3211
io	read_table (csv, mixed)	read_table('mix.csv')	1000	5	0.000495254993438721	573440	Stats::LikeR	0.3211
io	read_table (csv, mixed)	read_table('mix.csv')	1000	6	0.000488996505737305	573440	Stats::LikeR	0.3211
io	read_table (tsv, mixed)	read_table('mix.tsv')	1000	0	0.000511229038238525	573440	Stats::LikeR	0.3211
io	read_table (tsv, mixed)	read_table('mix.tsv')	1000	1	0.000498771667480469	573440	Stats::LikeR	0.3211
io	read_table (tsv, mixed)	read_table('mix.tsv')	1000	2	0.000494241714477539	573440	Stats::LikeR	0.3211
io	read_table (tsv, mixed)	read_table('mix.tsv')	1000	3	0.000488996505737305	573440	Stats::LikeR	0.3211
io	read_table (tsv, mixed)	read_table('mix.tsv')	1000	4	0.000489950180053711	573440	Stats::LikeR	0.3211
io	read_table (tsv, mixed)	read_table('mix.tsv')	1000	5	0.000493228435516357	573440	Stats::LikeR	0.3211
io	read_table (tsv, mixed)	read_table('mix.tsv')	1000	6	0.000494241714477539	573440	Stats::LikeR	0.3211
io	read_table (csv, hoa)	read_table('mix.csv', 'output.type' => 'hoa')	1000	0	0.000385379791259766	344064	Stats::LikeR	0.3211
io	read_table (csv, hoa)	read_table('mix.csv', 'output.type' => 'hoa')	1000	1	0.000377416610717773	344064	Stats::LikeR	0.3211
io	read_table (csv, hoa)	read_table('mix.csv', 'output.type' => 'hoa')	1000	2	0.000378608703613281	344064	Stats::LikeR	0.3211
io	read_table (csv, hoa)	read_table('mix.csv', 'output.type' => 'hoa')	1000	3	0.000374841690063477	344064	Stats::LikeR	0.3211
io	read_table (csv, hoa)	read_table('mix.csv', 'output.type' => 'hoa')	1000	4	0.000375986099243164	344064	Stats::LikeR	0.3211
io	read_table (csv, hoa)	read_table('mix.csv', 'output.type' => 'hoa')	1000	5	0.000382804870605469	344064	Stats::LikeR	0.3211
io	read_table (csv, hoa)	read_table('mix.csv', 'output.type' => 'hoa')	1000	6	0.000372982025146484	344064	Stats::LikeR	0.3211
io	read_table (xlsx)	read_table('mix.xlsx')	1000	0	0.0016399621963501	630784	Stats::LikeR	0.3211
io	read_table (xlsx)	read_table('mix.xlsx')	1000	1	0.00160598754882812	630784	Stats::LikeR	0.3211
io	read_table (xlsx)	read_table('mix.xlsx')	1000	2	0.00161194801330566	630784	Stats::LikeR	0.3211
io	read_table (xlsx)	read_table('mix.xlsx')	1000	3	0.00162601470947266	630784	Stats::LikeR	0.3211
io	read_table (xlsx)	read_table('mix.xlsx')	1000	4	0.00161945819854736	630784	Stats::LikeR	0.3211
io	read_table (xlsx)	read_table('mix.xlsx')	1000	5	0.00160706043243408	630784	Stats::LikeR	0.3211
io	read_table (xlsx)	read_table('mix.xlsx')	1000	6	0.00160598754882812	630784	Stats::LikeR	0.3211
io	write_table (csv, hoa)	write_table($hoa, file, 'row.names' => 0)	1000	0	0.000794546944754464	8192	Stats::LikeR	0.3211
io	write_table (csv, hoa)	write_table($hoa, file, 'row.names' => 0)	1000	1	0.000327553067888532	8192	Stats::LikeR	0.3211
io	write_table (csv, hoa)	write_table($hoa, file, 'row.names' => 0)	1000	2	0.000283854348318917	8192	Stats::LikeR	0.3211
io	write_table (csv, hoa)	write_table($hoa, file, 'row.names' => 0)	1000	3	0.000285238027572632	8192	Stats::LikeR	0.3211
io	write_table (csv, hoa)	write_table($hoa, file, 'row.names' => 0)	1000	4	0.000288486480712891	8192	Stats::LikeR	0.3211
io	write_table (csv, hoa)	write_table($hoa, file, 'row.names' => 0)	1000	5	0.000286545072283064	8192	Stats::LikeR	0.3211
io	write_table (csv, hoa)	write_table($hoa, file, 'row.names' => 0)	1000	6	0.00028035044670105	8192	Stats::LikeR	0.3211
io	write_table (tsv, hoa)	"write_table($hoa, file, sep => ""\t"", 'row.names' => 0)"	1000	0	0.000363032023111979	0	Stats::LikeR	0.3211
io	write_table (tsv, hoa)	"write_table($hoa, file, sep => ""\t"", 'row.names' => 0)"	1000	1	0.00033085686819894	0	Stats::LikeR	0.3211
io	write_table (tsv, hoa)	"write_table($hoa, file, sep => ""\t"", 'row.names' => 0)"	1000	2	0.000337839126586914	0	Stats::LikeR	0.3211
io	write_table (tsv, hoa)	"write_table($hoa, file, sep => ""\t"", 'row.names' => 0)"	1000	3	0.000339120626449585	0	Stats::LikeR	0.3211
io	write_table (tsv, hoa)	"write_table($hoa, file, sep => ""\t"", 'row.names' => 0)"	1000	4	0.000352660814921061	0	Stats::LikeR	0.3211
io	write_table (tsv, hoa)	"write_table($hoa, file, sep => ""\t"", 'row.names' => 0)"	1000	5	0.000372171401977539	0	Stats::LikeR	0.3211
io	write_table (tsv, hoa)	"write_table($hoa, file, sep => ""\t"", 'row.names' => 0)"	1000	6	0.000373323758443197	0	Stats::LikeR	0.3211
io	write_table (csv, aoa)	write_table($aoa, file, 'row.names' => 0)	1000	0	0.00030102048601423	8192	Stats::LikeR	0.3211
io	write_table (csv, aoa)	write_table($aoa, file, 'row.names' => 0)	1000	1	0.000258139201572963	8192	Stats::LikeR	0.3211
io	write_table (csv, aoa)	write_table($aoa, file, 'row.names' => 0)	1000	2	0.000229888492160373	8192	Stats::LikeR	0.3211
io	write_table (csv, aoa)	write_table($aoa, file, 'row.names' => 0)	1000	3	0.000220239162445068	8192	Stats::LikeR	0.3211
io	write_table (csv, aoa)	write_table($aoa, file, 'row.names' => 0)	1000	4	0.000222265720367432	8192	Stats::LikeR	0.3211
io	write_table (csv, aoa)	write_table($aoa, file, 'row.names' => 0)	1000	5	0.000222182273864746	8192	Stats::LikeR	0.3211
io	write_table (csv, aoa)	write_table($aoa, file, 'row.names' => 0)	1000	6	0.000226868523491753	8192	Stats::LikeR	0.3211
io	write_table (csv, row.names)	write_table($hoa, file, 'row.names' => 1)	1000	0	0.000507974624633789	0	Stats::LikeR	0.3211
io	write_table (csv, row.names)	write_table($hoa, file, 'row.names' => 1)	1000	1	0.00042724609375	0	Stats::LikeR	0.3211
io	write_table (csv, row.names)	write_table($hoa, file, 'row.names' => 1)	1000	2	0.000398295266287667	0	Stats::LikeR	0.3211
io	write_table (csv, row.names)	write_table($hoa, file, 'row.names' => 1)	1000	3	0.000373411178588867	0	Stats::LikeR	0.3211
io	write_table (csv, row.names)	write_table($hoa, file, 'row.names' => 1)	1000	4	0.000372171401977539	0	Stats::LikeR	0.3211
io	write_table (csv, row.names)	write_table($hoa, file, 'row.names' => 1)	1000	5	0.000368158022562663	0	Stats::LikeR	0.3211
io	write_table (csv, row.names)	write_table($hoa, file, 'row.names' => 1)	1000	6	0.000351150830586751	0	Stats::LikeR	0.3211
io	write_table (xlsx, hoa)	write_table($hoa, file.xlsx, 'row.names' => 0)	1000	0	0.00156807899475098	888832	Stats::LikeR	0.3211
io	write_table (xlsx, hoa)	write_table($hoa, file.xlsx, 'row.names' => 0)	1000	1	0.00158345699310303	888832	Stats::LikeR	0.3211
io	write_table (xlsx, hoa)	write_table($hoa, file.xlsx, 'row.names' => 0)	1000	2	0.00159645080566406	888832	Stats::LikeR	0.3211
io	write_table (xlsx, hoa)	write_table($hoa, file.xlsx, 'row.names' => 0)	1000	3	0.00162947177886963	888832	Stats::LikeR	0.3211
io	write_table (xlsx, hoa)	write_table($hoa, file.xlsx, 'row.names' => 0)	1000	4	0.00160396099090576	888832	Stats::LikeR	0.3211
io	write_table (xlsx, hoa)	write_table($hoa, file.xlsx, 'row.names' => 0)	1000	5	0.00157999992370605	888832	Stats::LikeR	0.3211
io	write_table (xlsx, hoa)	write_table($hoa, file.xlsx, 'row.names' => 0)	1000	6	0.00158095359802246	888832	Stats::LikeR	0.3211
io	read_table (csv, numeric)	read_table('num.csv')	3000	0	0.00121450424194336	1495040	Stats::LikeR	0.3211
io	read_table (csv, numeric)	read_table('num.csv')	3000	1	0.00119805335998535	1495040	Stats::LikeR	0.3211
io	read_table (csv, numeric)	read_table('num.csv')	3000	2	0.00119495391845703	1495040	Stats::LikeR	0.3211
io	read_table (csv, numeric)	read_table('num.csv')	3000	3	0.00119900703430176	1495040	Stats::LikeR	0.3211
io	read_table (csv, numeric)	read_table('num.csv')	3000	4	0.00119197368621826	1495040	Stats::LikeR	0.3211
io	read_table (csv, numeric)	read_table('num.csv')	3000	5	0.0011899471282959	1495040	Stats::LikeR	0.3211
io	read_table (csv, numeric)	read_table('num.csv')	3000	6	0.00119209289550781	1495040	Stats::LikeR	0.3211
io	read_table (csv, mixed)	read_table('mix.csv')	3000	0	0.00140905380249023	1785856	Stats::LikeR	0.3211
io	read_table (csv, mixed)	read_table('mix.csv')	3000	1	0.00137042999267578	1785856	Stats::LikeR	0.3211
io	read_table (csv, mixed)	read_table('mix.csv')	3000	2	0.00136351585388184	1785856	Stats::LikeR	0.3211
io	read_table (csv, mixed)	read_table('mix.csv')	3000	3	0.00136196613311768	1785856	Stats::LikeR	0.3211
io	read_table (csv, mixed)	read_table('mix.csv')	3000	4	0.00136542320251465	1785856	Stats::LikeR	0.3211
io	read_table (csv, mixed)	read_table('mix.csv')	3000	5	0.00136995315551758	1785856	Stats::LikeR	0.3211
io	read_table (csv, mixed)	read_table('mix.csv')	3000	6	0.00137042999267578	1785856	Stats::LikeR	0.3211
io	read_table (tsv, mixed)	read_table('mix.tsv')	3000	0	0.00138747692108154	1785856	Stats::LikeR	0.3211
io	read_table (tsv, mixed)	read_table('mix.tsv')	3000	1	0.00135946273803711	1785856	Stats::LikeR	0.3211
io	read_table (tsv, mixed)	read_table('mix.tsv')	3000	2	0.0013735294342041	1785856	Stats::LikeR	0.3211
io	read_table (tsv, mixed)	read_table('mix.tsv')	3000	3	0.00138199329376221	1785856	Stats::LikeR	0.3211
io	read_table (tsv, mixed)	read_table('mix.tsv')	3000	4	0.00137448310852051	1785856	Stats::LikeR	0.3211
io	read_table (tsv, mixed)	read_table('mix.tsv')	3000	5	0.00138199329376221	1785856	Stats::LikeR	0.3211
io	read_table (tsv, mixed)	read_table('mix.tsv')	3000	6	0.00137543678283691	1785856	Stats::LikeR	0.3211
io	read_table (csv, hoa)	read_table('mix.csv', 'output.type' => 'hoa')	3000	0	0.00103855133056641	1060864	Stats::LikeR	0.3211
io	read_table (csv, hoa)	read_table('mix.csv', 'output.type' => 'hoa')	3000	1	0.00104093551635742	1060864	Stats::LikeR	0.3211
io	read_table (csv, hoa)	read_table('mix.csv', 'output.type' => 'hoa')	3000	2	0.00101590156555176	1060864	Stats::LikeR	0.3211
io	read_table (csv, hoa)	read_table('mix.csv', 'output.type' => 'hoa')	3000	3	0.00102853775024414	1060864	Stats::LikeR	0.3211
io	read_table (csv, hoa)	read_table('mix.csv', 'output.type' => 'hoa')	3000	4	0.00102496147155762	1060864	Stats::LikeR	0.3211
io	read_table (csv, hoa)	read_table('mix.csv', 'output.type' => 'hoa')	3000	5	0.00103199481964111	1060864	Stats::LikeR	0.3211
io	read_table (csv, hoa)	read_table('mix.csv', 'output.type' => 'hoa')	3000	6	0.00100851058959961	1060864	Stats::LikeR	0.3211
io	read_table (xlsx)	read_table('mix.xlsx')	3000	0	0.00425291061401367	2367488	Stats::LikeR	0.3211
io	read_table (xlsx)	read_table('mix.xlsx')	3000	1	0.00423383712768555	2367488	Stats::LikeR	0.3211
io	read_table (xlsx)	read_table('mix.xlsx')	3000	2	0.004241943359375	2367488	Stats::LikeR	0.3211
io	read_table (xlsx)	read_table('mix.xlsx')	3000	3	0.00422191619873047	2367488	Stats::LikeR	0.3211
io	read_table (xlsx)	read_table('mix.xlsx')	3000	4	0.004241943359375	2367488	Stats::LikeR	0.3211
io	read_table (xlsx)	read_table('mix.xlsx')	3000	5	0.00424718856811523	2367488	Stats::LikeR	0.3211
io	read_table (xlsx)	read_table('mix.xlsx')	3000	6	0.00424289703369141	2367488	Stats::LikeR	0.3211
io	write_table (csv, hoa)	write_table($hoa, file, 'row.names' => 0)	3000	0	0.00101518630981445	4096	Stats::LikeR	0.3211
io	write_table (csv, hoa)	write_table($hoa, file, 'row.names' => 0)	3000	1	0.000881671905517578	4096	Stats::LikeR	0.3211
io	write_table (csv, hoa)	write_table($hoa, file, 'row.names' => 0)	3000	2	0.000894705454508464	4096	Stats::LikeR	0.3211
io	write_table (csv, hoa)	write_table($hoa, file, 'row.names' => 0)	3000	3	0.000891367594401042	4096	Stats::LikeR	0.3211
io	write_table (csv, hoa)	write_table($hoa, file, 'row.names' => 0)	3000	4	0.000886281331380208	4096	Stats::LikeR	0.3211
io	write_table (csv, hoa)	write_table($hoa, file, 'row.names' => 0)	3000	5	0.000876665115356445	4096	Stats::LikeR	0.3211
io	write_table (csv, hoa)	write_table($hoa, file, 'row.names' => 0)	3000	6	0.00086510181427002	4096	Stats::LikeR	0.3211
io	write_table (tsv, hoa)	"write_table($hoa, file, sep => ""\t"", 'row.names' => 0)"	3000	0	0.000911633173624674	0	Stats::LikeR	0.3211
io	write_table (tsv, hoa)	"write_table($hoa, file, sep => ""\t"", 'row.names' => 0)"	3000	1	0.000876665115356445	0	Stats::LikeR	0.3211
io	write_table (tsv, hoa)	"write_table($hoa, file, sep => ""\t"", 'row.names' => 0)"	3000	2	0.000907977422078451	0	Stats::LikeR	0.3211
io	write_table (tsv, hoa)	"write_table($hoa, file, sep => ""\t"", 'row.names' => 0)"	3000	3	0.000828663508097331	0	Stats::LikeR	0.3211
io	write_table (tsv, hoa)	"write_table($hoa, file, sep => ""\t"", 'row.names' => 0)"	3000	4	0.000873645146687826	0	Stats::LikeR	0.3211
io	write_table (tsv, hoa)	"write_table($hoa, file, sep => ""\t"", 'row.names' => 0)"	3000	5	0.000891288121541341	0	Stats::LikeR	0.3211
io	write_table (tsv, hoa)	"write_table($hoa, file, sep => ""\t"", 'row.names' => 0)"	3000	6	0.000870704650878906	0	Stats::LikeR	0.3211
io	write_table (csv, aoa)	write_table($aoa, file, 'row.names' => 0)	3000	0	0.00077660878499349	0	Stats::LikeR	0.3211
io	write_table (csv, aoa)	write_table($aoa, file, 'row.names' => 0)	3000	1	0.00070031483968099	0	Stats::LikeR	0.3211
io	write_table (csv, aoa)	write_table($aoa, file, 'row.names' => 0)	3000	2	0.000719388326009115	0	Stats::LikeR	0.3211
io	write_table (csv, aoa)	write_table($aoa, file, 'row.names' => 0)	3000	3	0.000687042872111003	0	Stats::LikeR	0.3211
io	write_table (csv, aoa)	write_table($aoa, file, 'row.names' => 0)	3000	4	0.000709374745686849	0	Stats::LikeR	0.3211
io	write_table (csv, aoa)	write_table($aoa, file, 'row.names' => 0)	3000	5	0.000657002131144206	0	Stats::LikeR	0.3211
io	write_table (csv, aoa)	write_table($aoa, file, 'row.names' => 0)	3000	6	0.000676314036051432	0	Stats::LikeR	0.3211
io	write_table (csv, row.names)	write_table($hoa, file, 'row.names' => 1)	3000	0	0.00120508670806885	0	Stats::LikeR	0.3211
io	write_table (csv, row.names)	write_table($hoa, file, 'row.names' => 1)	3000	1	0.00109350681304932	0	Stats::LikeR	0.3211
io	write_table (csv, row.names)	write_table($hoa, file, 'row.names' => 1)	3000	2	0.00106704235076904	0	Stats::LikeR	0.3211
io	write_table (csv, row.names)	write_table($hoa, file, 'row.names' => 1)	3000	3	0.00109648704528809	0	Stats::LikeR	0.3211
io	write_table (csv, row.names)	write_table($hoa, file, 'row.names' => 1)	3000	4	0.00107455253601074	0	Stats::LikeR	0.3211
io	write_table (csv, row.names)	write_table($hoa, file, 'row.names' => 1)	3000	5	0.00107705593109131	0	Stats::LikeR	0.3211
io	write_table (csv, row.names)	write_table($hoa, file, 'row.names' => 1)	3000	6	0.00106906890869141	0	Stats::LikeR	0.3211
io	write_table (xlsx, hoa)	write_table($hoa, file.xlsx, 'row.names' => 0)	3000	0	0.00475788116455078	2736128	Stats::LikeR	0.3211
io	write_table (xlsx, hoa)	write_table($hoa, file.xlsx, 'row.names' => 0)	3000	1	0.00510907173156738	2736128	Stats::LikeR	0.3211
io	write_table (xlsx, hoa)	write_table($hoa, file.xlsx, 'row.names' => 0)	3000	2	0.00604701042175293	2736128	Stats::LikeR	0.3211
io	write_table (xlsx, hoa)	write_table($hoa, file.xlsx, 'row.names' => 0)	3000	3	0.00498509407043457	2736128	Stats::LikeR	0.3211
io	write_table (xlsx, hoa)	write_table($hoa, file.xlsx, 'row.names' => 0)	3000	4	0.00497603416442871	2736128	Stats::LikeR	0.3211
io	write_table (xlsx, hoa)	write_table($hoa, file.xlsx, 'row.names' => 0)	3000	5	0.00551891326904297	2736128	Stats::LikeR	0.3211
io	write_table (xlsx, hoa)	write_table($hoa, file.xlsx, 'row.names' => 0)	3000	6	0.0053708553314209	2736128	Stats::LikeR	0.3211
io	read_table (csv, numeric)	read_table('num.csv')	10000	0	0.00409603118896484	5070848	Stats::LikeR	0.3211
io	read_table (csv, numeric)	read_table('num.csv')	10000	1	0.00406980514526367	5070848	Stats::LikeR	0.3211
io	read_table (csv, numeric)	read_table('num.csv')	10000	2	0.0039060115814209	5070848	Stats::LikeR	0.3211
io	read_table (csv, numeric)	read_table('num.csv')	10000	3	0.00389504432678223	5070848	Stats::LikeR	0.3211
io	read_table (csv, numeric)	read_table('num.csv')	10000	4	0.00390505790710449	5070848	Stats::LikeR	0.3211
io	read_table (csv, numeric)	read_table('num.csv')	10000	5	0.00393486022949219	5070848	Stats::LikeR	0.3211
io	read_table (csv, numeric)	read_table('num.csv')	10000	6	0.00395607948303223	5070848	Stats::LikeR	0.3211
io	read_table (csv, mixed)	read_table('mix.csv')	10000	0	0.00448799133300781	6029312	Stats::LikeR	0.3211
io	read_table (csv, mixed)	read_table('mix.csv')	10000	1	0.00467896461486816	6029312	Stats::LikeR	0.3211
io	read_table (csv, mixed)	read_table('mix.csv')	10000	2	0.00452399253845215	6029312	Stats::LikeR	0.3211
io	read_table (csv, mixed)	read_table('mix.csv')	10000	3	0.00465297698974609	6029312	Stats::LikeR	0.3211
io	read_table (csv, mixed)	read_table('mix.csv')	10000	4	0.00468897819519043	6029312	Stats::LikeR	0.3211
io	read_table (csv, mixed)	read_table('mix.csv')	10000	5	0.00482392311096191	6029312	Stats::LikeR	0.3211
io	read_table (csv, mixed)	read_table('mix.csv')	10000	6	0.00481486320495605	6029312	Stats::LikeR	0.3211
io	read_table (tsv, mixed)	read_table('mix.tsv')	10000	0	0.00500392913818359	6029312	Stats::LikeR	0.3211
io	read_table (tsv, mixed)	read_table('mix.tsv')	10000	1	0.00475883483886719	6029312	Stats::LikeR	0.3211
io	read_table (tsv, mixed)	read_table('mix.tsv')	10000	2	0.00458002090454102	6029312	Stats::LikeR	0.3211
io	read_table (tsv, mixed)	read_table('mix.tsv')	10000	3	0.00454807281494141	6029312	Stats::LikeR	0.3211
io	read_table (tsv, mixed)	read_table('mix.tsv')	10000	4	0.00510501861572266	6029312	Stats::LikeR	0.3211
io	read_table (tsv, mixed)	read_table('mix.tsv')	10000	5	0.00472497940063477	6029312	Stats::LikeR	0.3211
io	read_table (tsv, mixed)	read_table('mix.tsv')	10000	6	0.00454306602478027	6029312	Stats::LikeR	0.3211
io	read_table (csv, hoa)	read_table('mix.csv', 'output.type' => 'hoa')	10000	0	0.00365877151489258	3612672	Stats::LikeR	0.3211
io	read_table (csv, hoa)	read_table('mix.csv', 'output.type' => 'hoa')	10000	1	0.00396609306335449	3612672	Stats::LikeR	0.3211
io	read_table (csv, hoa)	read_table('mix.csv', 'output.type' => 'hoa')	10000	2	0.00346112251281738	3612672	Stats::LikeR	0.3211
io	read_table (csv, hoa)	read_table('mix.csv', 'output.type' => 'hoa')	10000	3	0.00372219085693359	3612672	Stats::LikeR	0.3211
io	read_table (csv, hoa)	read_table('mix.csv', 'output.type' => 'hoa')	10000	4	0.00347089767456055	3612672	Stats::LikeR	0.3211
io	read_table (csv, hoa)	read_table('mix.csv', 'output.type' => 'hoa')	10000	5	0.00356197357177734	3612672	Stats::LikeR	0.3211
io	read_table (csv, hoa)	read_table('mix.csv', 'output.type' => 'hoa')	10000	6	0.00340008735656738	3612672	Stats::LikeR	0.3211
io	read_table (xlsx)	read_table('mix.xlsx')	10000	0	0.0144510269165039	8286208	Stats::LikeR	0.3211
io	read_table (xlsx)	read_table('mix.xlsx')	10000	1	0.0143938064575195	8286208	Stats::LikeR	0.3211
io	read_table (xlsx)	read_table('mix.xlsx')	10000	2	0.014214038848877	8286208	Stats::LikeR	0.3211
io	read_table (xlsx)	read_table('mix.xlsx')	10000	3	0.0144081115722656	8286208	Stats::LikeR	0.3211
io	read_table (xlsx)	read_table('mix.xlsx')	10000	4	0.0142149925231934	8286208	Stats::LikeR	0.3211
io	read_table (xlsx)	read_table('mix.xlsx')	10000	5	0.0141870975494385	8286208	Stats::LikeR	0.3211
io	read_table (xlsx)	read_table('mix.xlsx')	10000	6	0.0141739845275879	8286208	Stats::LikeR	0.3211
io	write_table (csv, hoa)	write_table($hoa, file, 'row.names' => 0)	10000	0	0.00260305404663086	4096	Stats::LikeR	0.3211
io	write_table (csv, hoa)	write_table($hoa, file, 'row.names' => 0)	10000	1	0.00272202491760254	4096	Stats::LikeR	0.3211
io	write_table (csv, hoa)	write_table($hoa, file, 'row.names' => 0)	10000	2	0.00249886512756348	4096	Stats::LikeR	0.3211
io	write_table (csv, hoa)	write_table($hoa, file, 'row.names' => 0)	10000	3	0.00257682800292969	4096	Stats::LikeR	0.3211
io	write_table (csv, hoa)	write_table($hoa, file, 'row.names' => 0)	10000	4	0.0047450065612793	4096	Stats::LikeR	0.3211
io	write_table (csv, hoa)	write_table($hoa, file, 'row.names' => 0)	10000	5	0.00253796577453613	4096	Stats::LikeR	0.3211
io	write_table (csv, hoa)	write_table($hoa, file, 'row.names' => 0)	10000	6	0.00255393981933594	4096	Stats::LikeR	0.3211
io	write_table (tsv, hoa)	"write_table($hoa, file, sep => ""\t"", 'row.names' => 0)"	10000	0	0.00257396697998047	4096	Stats::LikeR	0.3211
io	write_table (tsv, hoa)	"write_table($hoa, file, sep => ""\t"", 'row.names' => 0)"	10000	1	0.00257301330566406	4096	Stats::LikeR	0.3211
io	write_table (tsv, hoa)	"write_table($hoa, file, sep => ""\t"", 'row.names' => 0)"	10000	2	0.00256991386413574	4096	Stats::LikeR	0.3211
io	write_table (tsv, hoa)	"write_table($hoa, file, sep => ""\t"", 'row.names' => 0)"	10000	3	0.0027008056640625	4096	Stats::LikeR	0.3211
io	write_table (tsv, hoa)	"write_table($hoa, file, sep => ""\t"", 'row.names' => 0)"	10000	4	0.00266480445861816	4096	Stats::LikeR	0.3211
io	write_table (tsv, hoa)	"write_table($hoa, file, sep => ""\t"", 'row.names' => 0)"	10000	5	0.00262618064880371	4096	Stats::LikeR	0.3211
io	write_table (tsv, hoa)	"write_table($hoa, file, sep => ""\t"", 'row.names' => 0)"	10000	6	0.00257396697998047	4096	Stats::LikeR	0.3211
io	write_table (csv, aoa)	write_table($aoa, file, 'row.names' => 0)	10000	0	0.00196313858032227	4096	Stats::LikeR	0.3211
io	write_table (csv, aoa)	write_table($aoa, file, 'row.names' => 0)	10000	1	0.00201106071472168	4096	Stats::LikeR	0.3211
io	write_table (csv, aoa)	write_table($aoa, file, 'row.names' => 0)	10000	2	0.00201797485351562	4096	Stats::LikeR	0.3211
io	write_table (csv, aoa)	write_table($aoa, file, 'row.names' => 0)	10000	3	0.00208497047424316	4096	Stats::LikeR	0.3211
io	write_table (csv, aoa)	write_table($aoa, file, 'row.names' => 0)	10000	4	0.00202107429504395	4096	Stats::LikeR	0.3211
io	write_table (csv, aoa)	write_table($aoa, file, 'row.names' => 0)	10000	5	0.00199508666992188	4096	Stats::LikeR	0.3211
io	write_table (csv, aoa)	write_table($aoa, file, 'row.names' => 0)	10000	6	0.00202250480651855	4096	Stats::LikeR	0.3211
io	write_table (csv, row.names)	write_table($hoa, file, 'row.names' => 1)	10000	0	0.00322890281677246	0	Stats::LikeR	0.3211
io	write_table (csv, row.names)	write_table($hoa, file, 'row.names' => 1)	10000	1	0.00323200225830078	0	Stats::LikeR	0.3211
io	write_table (csv, row.names)	write_table($hoa, file, 'row.names' => 1)	10000	2	0.00330710411071777	0	Stats::LikeR	0.3211
io	write_table (csv, row.names)	write_table($hoa, file, 'row.names' => 1)	10000	3	0.00333285331726074	0	Stats::LikeR	0.3211
io	write_table (csv, row.names)	write_table($hoa, file, 'row.names' => 1)	10000	4	0.00349593162536621	0	Stats::LikeR	0.3211
io	write_table (csv, row.names)	write_table($hoa, file, 'row.names' => 1)	10000	5	0.00328898429870605	0	Stats::LikeR	0.3211
io	write_table (csv, row.names)	write_table($hoa, file, 'row.names' => 1)	10000	6	0.00333714485168457	0	Stats::LikeR	0.3211
io	write_table (xlsx, hoa)	write_table($hoa, file.xlsx, 'row.names' => 0)	10000	0	0.0163328647613525	9543680	Stats::LikeR	0.3211
io	write_table (xlsx, hoa)	write_table($hoa, file.xlsx, 'row.names' => 0)	10000	1	0.0168800354003906	9543680	Stats::LikeR	0.3211
io	write_table (xlsx, hoa)	write_table($hoa, file.xlsx, 'row.names' => 0)	10000	2	0.0168938636779785	9543680	Stats::LikeR	0.3211
io	write_table (xlsx, hoa)	write_table($hoa, file.xlsx, 'row.names' => 0)	10000	3	0.0162770748138428	9543680	Stats::LikeR	0.3211
io	write_table (xlsx, hoa)	write_table($hoa, file.xlsx, 'row.names' => 0)	10000	4	0.0168149471282959	9543680	Stats::LikeR	0.3211
io	write_table (xlsx, hoa)	write_table($hoa, file.xlsx, 'row.names' => 0)	10000	5	0.0166521072387695	9543680	Stats::LikeR	0.3211
io	write_table (xlsx, hoa)	write_table($hoa, file.xlsx, 'row.names' => 0)	10000	6	0.0172128677368164	9543680	Stats::LikeR	0.3211
io	read_table (csv, numeric)	read_table('num.csv')	30000	0	0.0128028392791748	15097856	Stats::LikeR	0.3211
io	read_table (csv, numeric)	read_table('num.csv')	30000	1	0.0133140087127686	15097856	Stats::LikeR	0.3211
io	read_table (csv, numeric)	read_table('num.csv')	30000	2	0.0122621059417725	15097856	Stats::LikeR	0.3211
io	read_table (csv, numeric)	read_table('num.csv')	30000	3	0.0130691528320312	15097856	Stats::LikeR	0.3211
io	read_table (csv, numeric)	read_table('num.csv')	30000	4	0.0128819942474365	15097856	Stats::LikeR	0.3211
io	read_table (csv, numeric)	read_table('num.csv')	30000	5	0.0136709213256836	15097856	Stats::LikeR	0.3211
io	read_table (csv, numeric)	read_table('num.csv')	30000	6	0.0144999027252197	15097856	Stats::LikeR	0.3211
io	read_table (csv, mixed)	read_table('mix.csv')	30000	0	0.0148160457611084	17854464	Stats::LikeR	0.3211
io	read_table (csv, mixed)	read_table('mix.csv')	30000	1	0.0146431922912598	17854464	Stats::LikeR	0.3211
io	read_table (csv, mixed)	read_table('mix.csv')	30000	2	0.0148420333862305	17854464	Stats::LikeR	0.3211
io	read_table (csv, mixed)	read_table('mix.csv')	30000	3	0.0146069526672363	17854464	Stats::LikeR	0.3211
io	read_table (csv, mixed)	read_table('mix.csv')	30000	4	0.015070915222168	17854464	Stats::LikeR	0.3211
io	read_table (csv, mixed)	read_table('mix.csv')	30000	5	0.0165770053863525	17854464	Stats::LikeR	0.3211
io	read_table (csv, mixed)	read_table('mix.csv')	30000	6	0.0181260108947754	17854464	Stats::LikeR	0.3211
io	read_table (tsv, mixed)	read_table('mix.tsv')	30000	0	0.0141339302062988	17936384	Stats::LikeR	0.3211
io	read_table (tsv, mixed)	read_table('mix.tsv')	30000	1	0.0147199630737305	17936384	Stats::LikeR	0.3211
io	read_table (tsv, mixed)	read_table('mix.tsv')	30000	2	0.0143752098083496	17936384	Stats::LikeR	0.3211
io	read_table (tsv, mixed)	read_table('mix.tsv')	30000	3	0.0155138969421387	17936384	Stats::LikeR	0.3211
io	read_table (tsv, mixed)	read_table('mix.tsv')	30000	4	0.0158450603485107	17936384	Stats::LikeR	0.3211
io	read_table (tsv, mixed)	read_table('mix.tsv')	30000	5	0.0171689987182617	17936384	Stats::LikeR	0.3211
io	read_table (tsv, mixed)	read_table('mix.tsv')	30000	6	0.0144810676574707	17936384	Stats::LikeR	0.3211
io	read_table (csv, hoa)	read_table('mix.csv', 'output.type' => 'hoa')	30000	0	0.0118000507354736	10686464	Stats::LikeR	0.3211
io	read_table (csv, hoa)	read_table('mix.csv', 'output.type' => 'hoa')	30000	1	0.0111432075500488	10686464	Stats::LikeR	0.3211
io	read_table (csv, hoa)	read_table('mix.csv', 'output.type' => 'hoa')	30000	2	0.0120158195495605	10686464	Stats::LikeR	0.3211
io	read_table (csv, hoa)	read_table('mix.csv', 'output.type' => 'hoa')	30000	3	0.0113899707794189	10686464	Stats::LikeR	0.3211
io	read_table (csv, hoa)	read_table('mix.csv', 'output.type' => 'hoa')	30000	4	0.0143170356750488	10686464	Stats::LikeR	0.3211
io	read_table (csv, hoa)	read_table('mix.csv', 'output.type' => 'hoa')	30000	5	0.0120620727539062	10686464	Stats::LikeR	0.3211
io	read_table (csv, hoa)	read_table('mix.csv', 'output.type' => 'hoa')	30000	6	0.0129520893096924	10686464	Stats::LikeR	0.3211
io	read_table (xlsx)	read_table('mix.xlsx')	30000	0	0.0414519309997559	25362432	Stats::LikeR	0.3211
io	read_table (xlsx)	read_table('mix.xlsx')	30000	1	0.0433712005615234	25362432	Stats::LikeR	0.3211
io	read_table (xlsx)	read_table('mix.xlsx')	30000	2	0.0406239032745361	25362432	Stats::LikeR	0.3211
io	read_table (xlsx)	read_table('mix.xlsx')	30000	3	0.0405189990997314	25362432	Stats::LikeR	0.3211
io	read_table (xlsx)	read_table('mix.xlsx')	30000	4	0.0402350425720215	25362432	Stats::LikeR	0.3211
io	read_table (xlsx)	read_table('mix.xlsx')	30000	5	0.0407109260559082	25362432	Stats::LikeR	0.3211
io	read_table (xlsx)	read_table('mix.xlsx')	30000	6	0.0424361228942871	25362432	Stats::LikeR	0.3211
io	write_table (csv, hoa)	write_table($hoa, file, 'row.names' => 0)	30000	0	0.00772500038146973	4096	Stats::LikeR	0.3211
io	write_table (csv, hoa)	write_table($hoa, file, 'row.names' => 0)	30000	1	0.00774884223937988	4096	Stats::LikeR	0.3211
io	write_table (csv, hoa)	write_table($hoa, file, 'row.names' => 0)	30000	2	0.00818991661071777	4096	Stats::LikeR	0.3211
io	write_table (csv, hoa)	write_table($hoa, file, 'row.names' => 0)	30000	3	0.00759720802307129	4096	Stats::LikeR	0.3211
io	write_table (csv, hoa)	write_table($hoa, file, 'row.names' => 0)	30000	4	0.00772905349731445	4096	Stats::LikeR	0.3211
io	write_table (csv, hoa)	write_table($hoa, file, 'row.names' => 0)	30000	5	0.00778913497924805	4096	Stats::LikeR	0.3211
io	write_table (csv, hoa)	write_table($hoa, file, 'row.names' => 0)	30000	6	0.00794792175292969	4096	Stats::LikeR	0.3211
io	write_table (tsv, hoa)	"write_table($hoa, file, sep => ""\t"", 'row.names' => 0)"	30000	0	0.00847291946411133	4096	Stats::LikeR	0.3211
io	write_table (tsv, hoa)	"write_table($hoa, file, sep => ""\t"", 'row.names' => 0)"	30000	1	0.00800609588623047	4096	Stats::LikeR	0.3211
io	write_table (tsv, hoa)	"write_table($hoa, file, sep => ""\t"", 'row.names' => 0)"	30000	2	0.00758099555969238	4096	Stats::LikeR	0.3211
io	write_table (tsv, hoa)	"write_table($hoa, file, sep => ""\t"", 'row.names' => 0)"	30000	3	0.00763106346130371	4096	Stats::LikeR	0.3211
io	write_table (tsv, hoa)	"write_table($hoa, file, sep => ""\t"", 'row.names' => 0)"	30000	4	0.0075829029083252	4096	Stats::LikeR	0.3211
io	write_table (tsv, hoa)	"write_table($hoa, file, sep => ""\t"", 'row.names' => 0)"	30000	5	0.00795793533325195	4096	Stats::LikeR	0.3211
io	write_table (tsv, hoa)	"write_table($hoa, file, sep => ""\t"", 'row.names' => 0)"	30000	6	0.00797390937805176	4096	Stats::LikeR	0.3211
io	write_table (csv, aoa)	write_table($aoa, file, 'row.names' => 0)	30000	0	0.00606298446655273	4096	Stats::LikeR	0.3211
io	write_table (csv, aoa)	write_table($aoa, file, 'row.names' => 0)	30000	1	0.00574803352355957	4096	Stats::LikeR	0.3211
io	write_table (csv, aoa)	write_table($aoa, file, 'row.names' => 0)	30000	2	0.00661396980285645	4096	Stats::LikeR	0.3211
io	write_table (csv, aoa)	write_table($aoa, file, 'row.names' => 0)	30000	3	0.00597906112670898	4096	Stats::LikeR	0.3211
io	write_table (csv, aoa)	write_table($aoa, file, 'row.names' => 0)	30000	4	0.00574398040771484	4096	Stats::LikeR	0.3211
io	write_table (csv, aoa)	write_table($aoa, file, 'row.names' => 0)	30000	5	0.00649404525756836	4096	Stats::LikeR	0.3211
io	write_table (csv, aoa)	write_table($aoa, file, 'row.names' => 0)	30000	6	0.00594091415405273	4096	Stats::LikeR	0.3211
io	write_table (csv, row.names)	write_table($hoa, file, 'row.names' => 1)	30000	0	0.00998210906982422	4096	Stats::LikeR	0.3211
io	write_table (csv, row.names)	write_table($hoa, file, 'row.names' => 1)	30000	1	0.0101008415222168	4096	Stats::LikeR	0.3211
io	write_table (csv, row.names)	write_table($hoa, file, 'row.names' => 1)	30000	2	0.00981783866882324	4096	Stats::LikeR	0.3211
io	write_table (csv, row.names)	write_table($hoa, file, 'row.names' => 1)	30000	3	0.0101559162139893	4096	Stats::LikeR	0.3211
io	write_table (csv, row.names)	write_table($hoa, file, 'row.names' => 1)	30000	4	0.00990605354309082	4096	Stats::LikeR	0.3211
io	write_table (csv, row.names)	write_table($hoa, file, 'row.names' => 1)	30000	5	0.0095970630645752	4096	Stats::LikeR	0.3211
io	write_table (csv, row.names)	write_table($hoa, file, 'row.names' => 1)	30000	6	0.00958609580993652	4096	Stats::LikeR	0.3211
io	write_table (xlsx, hoa)	write_table($hoa, file.xlsx, 'row.names' => 0)	30000	0	0.056826114654541	28966912	Stats::LikeR	0.3211
io	write_table (xlsx, hoa)	write_table($hoa, file.xlsx, 'row.names' => 0)	30000	1	0.057197093963623	28966912	Stats::LikeR	0.3211
io	write_table (xlsx, hoa)	write_table($hoa, file.xlsx, 'row.names' => 0)	30000	2	0.0573949813842773	28966912	Stats::LikeR	0.3211
io	write_table (xlsx, hoa)	write_table($hoa, file.xlsx, 'row.names' => 0)	30000	3	0.0593221187591553	28966912	Stats::LikeR	0.3211
io	write_table (xlsx, hoa)	write_table($hoa, file.xlsx, 'row.names' => 0)	30000	4	0.0590999126434326	28966912	Stats::LikeR	0.3211
io	write_table (xlsx, hoa)	write_table($hoa, file.xlsx, 'row.names' => 0)	30000	5	0.0586400032043457	28966912	Stats::LikeR	0.3211
io	write_table (xlsx, hoa)	write_table($hoa, file.xlsx, 'row.names' => 0)	30000	6	0.0586581230163574	28966912	Stats::LikeR	0.3211
io	read_table (csv, numeric)	read_table('num.csv')	100000	0	0.0459048748016357	50536448	Stats::LikeR	0.3211
io	read_table (csv, numeric)	read_table('num.csv')	100000	1	0.0468389987945557	50536448	Stats::LikeR	0.3211
io	read_table (csv, numeric)	read_table('num.csv')	100000	2	0.0472161769866943	50536448	Stats::LikeR	0.3211
io	read_table (csv, numeric)	read_table('num.csv')	100000	3	0.050117015838623	50536448	Stats::LikeR	0.3211
io	read_table (csv, numeric)	read_table('num.csv')	100000	4	0.0491490364074707	50536448	Stats::LikeR	0.3211
io	read_table (csv, numeric)	read_table('num.csv')	100000	5	0.0485270023345947	50536448	Stats::LikeR	0.3211
io	read_table (csv, numeric)	read_table('num.csv')	100000	6	0.0477638244628906	50536448	Stats::LikeR	0.3211
io	read_table (csv, mixed)	read_table('mix.csv')	100000	0	0.0551681518554688	60215296	Stats::LikeR	0.3211
io	read_table (csv, mixed)	read_table('mix.csv')	100000	1	0.0538289546966553	60215296	Stats::LikeR	0.3211
io	read_table (csv, mixed)	read_table('mix.csv')	100000	2	0.0552890300750732	60215296	Stats::LikeR	0.3211
io	read_table (csv, mixed)	read_table('mix.csv')	100000	3	0.0528678894042969	60215296	Stats::LikeR	0.3211
io	read_table (csv, mixed)	read_table('mix.csv')	100000	4	0.0542411804199219	60215296	Stats::LikeR	0.3211
io	read_table (csv, mixed)	read_table('mix.csv')	100000	5	0.0543038845062256	60215296	Stats::LikeR	0.3211
io	read_table (csv, mixed)	read_table('mix.csv')	100000	6	0.0553669929504395	60215296	Stats::LikeR	0.3211
io	read_table (tsv, mixed)	read_table('mix.tsv')	100000	0	0.0559308528900146	60207104	Stats::LikeR	0.3211
io	read_table (tsv, mixed)	read_table('mix.tsv')	100000	1	0.0554239749908447	60207104	Stats::LikeR	0.3211
io	read_table (tsv, mixed)	read_table('mix.tsv')	100000	2	0.054469108581543	60207104	Stats::LikeR	0.3211
io	read_table (tsv, mixed)	read_table('mix.tsv')	100000	3	0.0532619953155518	60207104	Stats::LikeR	0.3211
io	read_table (tsv, mixed)	read_table('mix.tsv')	100000	4	0.0558650493621826	60207104	Stats::LikeR	0.3211
io	read_table (tsv, mixed)	read_table('mix.tsv')	100000	5	0.0540869235992432	60207104	Stats::LikeR	0.3211
io	read_table (tsv, mixed)	read_table('mix.tsv')	100000	6	0.0547900199890137	60207104	Stats::LikeR	0.3211
io	read_table (csv, hoa)	read_table('mix.csv', 'output.type' => 'hoa')	100000	0	0.0561528205871582	35467264	Stats::LikeR	0.3211
io	read_table (csv, hoa)	read_table('mix.csv', 'output.type' => 'hoa')	100000	1	0.0596640110015869	35467264	Stats::LikeR	0.3211
io	read_table (csv, hoa)	read_table('mix.csv', 'output.type' => 'hoa')	100000	2	0.060931921005249	35467264	Stats::LikeR	0.3211
io	read_table (csv, hoa)	read_table('mix.csv', 'output.type' => 'hoa')	100000	3	0.0541620254516602	35467264	Stats::LikeR	0.3211
io	read_table (csv, hoa)	read_table('mix.csv', 'output.type' => 'hoa')	100000	4	0.0508530139923096	35467264	Stats::LikeR	0.3211
io	read_table (csv, hoa)	read_table('mix.csv', 'output.type' => 'hoa')	100000	5	0.0511159896850586	35467264	Stats::LikeR	0.3211
io	read_table (csv, hoa)	read_table('mix.csv', 'output.type' => 'hoa')	100000	6	0.0518531799316406	35467264	Stats::LikeR	0.3211
io	read_table (xlsx)	read_table('mix.xlsx')	100000	0	0.132164001464844	84926464	Stats::LikeR	0.3211
io	read_table (xlsx)	read_table('mix.xlsx')	100000	1	0.135563135147095	84926464	Stats::LikeR	0.3211
io	read_table (xlsx)	read_table('mix.xlsx')	100000	2	0.13833212852478	84926464	Stats::LikeR	0.3211
io	read_table (xlsx)	read_table('mix.xlsx')	100000	3	0.13255500793457	84926464	Stats::LikeR	0.3211
io	read_table (xlsx)	read_table('mix.xlsx')	100000	4	0.131941080093384	84926464	Stats::LikeR	0.3211
io	read_table (xlsx)	read_table('mix.xlsx')	100000	5	0.131839990615845	84926464	Stats::LikeR	0.3211
io	read_table (xlsx)	read_table('mix.xlsx')	100000	6	0.132264852523804	84926464	Stats::LikeR	0.3211
io	write_table (csv, hoa)	write_table($hoa, file, 'row.names' => 0)	100000	0	0.0254740715026855	0	Stats::LikeR	0.3211
io	write_table (csv, hoa)	write_table($hoa, file, 'row.names' => 0)	100000	1	0.0244219303131104	0	Stats::LikeR	0.3211
io	write_table (csv, hoa)	write_table($hoa, file, 'row.names' => 0)	100000	2	0.0244629383087158	0	Stats::LikeR	0.3211
io	write_table (csv, hoa)	write_table($hoa, file, 'row.names' => 0)	100000	3	0.0251729488372803	0	Stats::LikeR	0.3211
io	write_table (csv, hoa)	write_table($hoa, file, 'row.names' => 0)	100000	4	0.0256648063659668	0	Stats::LikeR	0.3211
io	write_table (csv, hoa)	write_table($hoa, file, 'row.names' => 0)	100000	5	0.0250790119171143	0	Stats::LikeR	0.3211
io	write_table (csv, hoa)	write_table($hoa, file, 'row.names' => 0)	100000	6	0.0250580310821533	0	Stats::LikeR	0.3211
io	write_table (tsv, hoa)	"write_table($hoa, file, sep => ""\t"", 'row.names' => 0)"	100000	0	0.0250928401947021	0	Stats::LikeR	0.3211
io	write_table (tsv, hoa)	"write_table($hoa, file, sep => ""\t"", 'row.names' => 0)"	100000	1	0.0249650478363037	0	Stats::LikeR	0.3211
io	write_table (tsv, hoa)	"write_table($hoa, file, sep => ""\t"", 'row.names' => 0)"	100000	2	0.0248970985412598	0	Stats::LikeR	0.3211
io	write_table (tsv, hoa)	"write_table($hoa, file, sep => ""\t"", 'row.names' => 0)"	100000	3	0.0250990390777588	0	Stats::LikeR	0.3211
io	write_table (tsv, hoa)	"write_table($hoa, file, sep => ""\t"", 'row.names' => 0)"	100000	4	0.0250489711761475	0	Stats::LikeR	0.3211
io	write_table (tsv, hoa)	"write_table($hoa, file, sep => ""\t"", 'row.names' => 0)"	100000	5	0.0255868434906006	0	Stats::LikeR	0.3211
io	write_table (tsv, hoa)	"write_table($hoa, file, sep => ""\t"", 'row.names' => 0)"	100000	6	0.0258347988128662	0	Stats::LikeR	0.3211
io	write_table (csv, aoa)	write_table($aoa, file, 'row.names' => 0)	100000	0	0.0198659896850586	0	Stats::LikeR	0.3211
io	write_table (csv, aoa)	write_table($aoa, file, 'row.names' => 0)	100000	1	0.0190839767456055	0	Stats::LikeR	0.3211
io	write_table (csv, aoa)	write_table($aoa, file, 'row.names' => 0)	100000	2	0.0194981098175049	0	Stats::LikeR	0.3211
io	write_table (csv, aoa)	write_table($aoa, file, 'row.names' => 0)	100000	3	0.019474983215332	0	Stats::LikeR	0.3211
io	write_table (csv, aoa)	write_table($aoa, file, 'row.names' => 0)	100000	4	0.019244909286499	0	Stats::LikeR	0.3211
io	write_table (csv, aoa)	write_table($aoa, file, 'row.names' => 0)	100000	5	0.0195908546447754	0	Stats::LikeR	0.3211
io	write_table (csv, aoa)	write_table($aoa, file, 'row.names' => 0)	100000	6	0.0192711353302002	0	Stats::LikeR	0.3211
io	write_table (csv, row.names)	write_table($hoa, file, 'row.names' => 1)	100000	0	0.0315990447998047	4096	Stats::LikeR	0.3211
io	write_table (csv, row.names)	write_table($hoa, file, 'row.names' => 1)	100000	1	0.0311200618743896	4096	Stats::LikeR	0.3211
io	write_table (csv, row.names)	write_table($hoa, file, 'row.names' => 1)	100000	2	0.0314068794250488	4096	Stats::LikeR	0.3211
io	write_table (csv, row.names)	write_table($hoa, file, 'row.names' => 1)	100000	3	0.0310280323028564	4096	Stats::LikeR	0.3211
io	write_table (csv, row.names)	write_table($hoa, file, 'row.names' => 1)	100000	4	0.0314369201660156	4096	Stats::LikeR	0.3211
io	write_table (csv, row.names)	write_table($hoa, file, 'row.names' => 1)	100000	5	0.0317528247833252	4096	Stats::LikeR	0.3211
io	write_table (csv, row.names)	write_table($hoa, file, 'row.names' => 1)	100000	6	0.0317411422729492	4096	Stats::LikeR	0.3211
io	write_table (xlsx, hoa)	write_table($hoa, file.xlsx, 'row.names' => 0)	100000	0	0.185044050216675	97124352	Stats::LikeR	0.3211
io	write_table (xlsx, hoa)	write_table($hoa, file.xlsx, 'row.names' => 0)	100000	1	0.186101913452148	97124352	Stats::LikeR	0.3211
io	write_table (xlsx, hoa)	write_table($hoa, file.xlsx, 'row.names' => 0)	100000	2	0.177509069442749	97124352	Stats::LikeR	0.3211
io	write_table (xlsx, hoa)	write_table($hoa, file.xlsx, 'row.names' => 0)	100000	3	0.187345027923584	97124352	Stats::LikeR	0.3211
io	write_table (xlsx, hoa)	write_table($hoa, file.xlsx, 'row.names' => 0)	100000	4	0.17739200592041	97124352	Stats::LikeR	0.3211
io	write_table (xlsx, hoa)	write_table($hoa, file.xlsx, 'row.names' => 0)	100000	5	0.186131954193115	97124352	Stats::LikeR	0.3211
io	write_table (xlsx, hoa)	write_table($hoa, file.xlsx, 'row.names' => 0)	100000	6	0.177216053009033	97124352	Stats::LikeR	0.3211
io	read_table (csv, numeric)	read_table('num.csv')	300000	0	0.152815103530884	151920640	Stats::LikeR	0.3211
io	read_table (csv, numeric)	read_table('num.csv')	300000	1	0.149163007736206	151920640	Stats::LikeR	0.3211
io	read_table (csv, numeric)	read_table('num.csv')	300000	2	0.145708084106445	151920640	Stats::LikeR	0.3211
io	read_table (csv, numeric)	read_table('num.csv')	300000	3	0.150058031082153	151920640	Stats::LikeR	0.3211
io	read_table (csv, numeric)	read_table('num.csv')	300000	4	0.149853944778442	151920640	Stats::LikeR	0.3211
io	read_table (csv, numeric)	read_table('num.csv')	300000	5	0.150046110153198	151920640	Stats::LikeR	0.3211
io	read_table (csv, numeric)	read_table('num.csv')	300000	6	0.150470972061157	151920640	Stats::LikeR	0.3211
io	read_table (csv, mixed)	read_table('mix.csv')	300000	0	0.174159049987793	180940800	Stats::LikeR	0.3211
io	read_table (csv, mixed)	read_table('mix.csv')	300000	1	0.173647880554199	180940800	Stats::LikeR	0.3211
io	read_table (csv, mixed)	read_table('mix.csv')	300000	2	0.175485134124756	180940800	Stats::LikeR	0.3211
io	read_table (csv, mixed)	read_table('mix.csv')	300000	3	0.17592716217041	180940800	Stats::LikeR	0.3211
io	read_table (csv, mixed)	read_table('mix.csv')	300000	4	0.175091981887817	180940800	Stats::LikeR	0.3211
io	read_table (csv, mixed)	read_table('mix.csv')	300000	5	0.17159104347229	180940800	Stats::LikeR	0.3211
io	read_table (csv, mixed)	read_table('mix.csv')	300000	6	0.172963857650757	180940800	Stats::LikeR	0.3211
io	read_table (tsv, mixed)	read_table('mix.tsv')	300000	0	0.173503875732422	180932608	Stats::LikeR	0.3211
io	read_table (tsv, mixed)	read_table('mix.tsv')	300000	1	0.175348997116089	180932608	Stats::LikeR	0.3211
io	read_table (tsv, mixed)	read_table('mix.tsv')	300000	2	0.174151182174683	180932608	Stats::LikeR	0.3211
io	read_table (tsv, mixed)	read_table('mix.tsv')	300000	3	0.1734938621521	180932608	Stats::LikeR	0.3211
io	read_table (tsv, mixed)	read_table('mix.tsv')	300000	4	0.173413991928101	180932608	Stats::LikeR	0.3211
io	read_table (tsv, mixed)	read_table('mix.tsv')	300000	5	0.174851894378662	180932608	Stats::LikeR	0.3211
io	read_table (tsv, mixed)	read_table('mix.tsv')	300000	6	0.170593023300171	180932608	Stats::LikeR	0.3211
io	read_table (csv, hoa)	read_table('mix.csv', 'output.type' => 'hoa')	300000	0	0.230782032012939	106610688	Stats::LikeR	0.3211
io	read_table (csv, hoa)	read_table('mix.csv', 'output.type' => 'hoa')	300000	1	0.230024099349976	106610688	Stats::LikeR	0.3211
io	read_table (csv, hoa)	read_table('mix.csv', 'output.type' => 'hoa')	300000	2	0.230172872543335	106610688	Stats::LikeR	0.3211
io	read_table (csv, hoa)	read_table('mix.csv', 'output.type' => 'hoa')	300000	3	0.22989821434021	106610688	Stats::LikeR	0.3211
io	read_table (csv, hoa)	read_table('mix.csv', 'output.type' => 'hoa')	300000	4	0.229091882705688	106610688	Stats::LikeR	0.3211
io	read_table (csv, hoa)	read_table('mix.csv', 'output.type' => 'hoa')	300000	5	0.233497142791748	106610688	Stats::LikeR	0.3211
io	read_table (csv, hoa)	read_table('mix.csv', 'output.type' => 'hoa')	300000	6	0.232912063598633	106610688	Stats::LikeR	0.3211
io	read_table (xlsx)	read_table('mix.xlsx')	300000	0	0.435291051864624	256970752	Stats::LikeR	0.3211
io	read_table (xlsx)	read_table('mix.xlsx')	300000	1	0.438518047332764	256970752	Stats::LikeR	0.3211
io	read_table (xlsx)	read_table('mix.xlsx')	300000	2	0.436763048171997	256970752	Stats::LikeR	0.3211
io	read_table (xlsx)	read_table('mix.xlsx')	300000	3	0.43464207649231	256970752	Stats::LikeR	0.3211
io	read_table (xlsx)	read_table('mix.xlsx')	300000	4	0.43850302696228	256970752	Stats::LikeR	0.3211
io	read_table (xlsx)	read_table('mix.xlsx')	300000	5	0.434276819229126	256970752	Stats::LikeR	0.3211
io	read_table (xlsx)	read_table('mix.xlsx')	300000	6	0.434616804122925	256970752	Stats::LikeR	0.3211
io	write_table (csv, hoa)	write_table($hoa, file, 'row.names' => 0)	300000	0	0.0779809951782227	8192	Stats::LikeR	0.3211
io	write_table (csv, hoa)	write_table($hoa, file, 'row.names' => 0)	300000	1	0.0784099102020264	8192	Stats::LikeR	0.3211
io	write_table (csv, hoa)	write_table($hoa, file, 'row.names' => 0)	300000	2	0.0778279304504395	8192	Stats::LikeR	0.3211
io	write_table (csv, hoa)	write_table($hoa, file, 'row.names' => 0)	300000	3	0.0798609256744385	8192	Stats::LikeR	0.3211
io	write_table (csv, hoa)	write_table($hoa, file, 'row.names' => 0)	300000	4	0.0781149864196777	8192	Stats::LikeR	0.3211
io	write_table (csv, hoa)	write_table($hoa, file, 'row.names' => 0)	300000	5	0.0780467987060547	8192	Stats::LikeR	0.3211
io	write_table (csv, hoa)	write_table($hoa, file, 'row.names' => 0)	300000	6	0.0776159763336182	8192	Stats::LikeR	0.3211
io	write_table (tsv, hoa)	"write_table($hoa, file, sep => ""\t"", 'row.names' => 0)"	300000	0	0.078016996383667	0	Stats::LikeR	0.3211
io	write_table (tsv, hoa)	"write_table($hoa, file, sep => ""\t"", 'row.names' => 0)"	300000	1	0.0779109001159668	0	Stats::LikeR	0.3211
io	write_table (tsv, hoa)	"write_table($hoa, file, sep => ""\t"", 'row.names' => 0)"	300000	2	0.076362133026123	0	Stats::LikeR	0.3211
io	write_table (tsv, hoa)	"write_table($hoa, file, sep => ""\t"", 'row.names' => 0)"	300000	3	0.0776910781860352	0	Stats::LikeR	0.3211
io	write_table (tsv, hoa)	"write_table($hoa, file, sep => ""\t"", 'row.names' => 0)"	300000	4	0.0786159038543701	0	Stats::LikeR	0.3211
io	write_table (tsv, hoa)	"write_table($hoa, file, sep => ""\t"", 'row.names' => 0)"	300000	5	0.0782179832458496	0	Stats::LikeR	0.3211
io	write_table (tsv, hoa)	"write_table($hoa, file, sep => ""\t"", 'row.names' => 0)"	300000	6	0.0781741142272949	0	Stats::LikeR	0.3211
io	write_table (csv, aoa)	write_table($aoa, file, 'row.names' => 0)	300000	0	0.0589849948883057	4096	Stats::LikeR	0.3211
io	write_table (csv, aoa)	write_table($aoa, file, 'row.names' => 0)	300000	1	0.0586798191070557	4096	Stats::LikeR	0.3211
io	write_table (csv, aoa)	write_table($aoa, file, 'row.names' => 0)	300000	2	0.058366060256958	4096	Stats::LikeR	0.3211
io	write_table (csv, aoa)	write_table($aoa, file, 'row.names' => 0)	300000	3	0.0586860179901123	4096	Stats::LikeR	0.3211
io	write_table (csv, aoa)	write_table($aoa, file, 'row.names' => 0)	300000	4	0.0586910247802734	4096	Stats::LikeR	0.3211
io	write_table (csv, aoa)	write_table($aoa, file, 'row.names' => 0)	300000	5	0.0590388774871826	4096	Stats::LikeR	0.3211
io	write_table (csv, aoa)	write_table($aoa, file, 'row.names' => 0)	300000	6	0.0585548877716064	4096	Stats::LikeR	0.3211
io	write_table (csv, row.names)	write_table($hoa, file, 'row.names' => 1)	300000	0	0.0965399742126465	8192	Stats::LikeR	0.3211
io	write_table (csv, row.names)	write_table($hoa, file, 'row.names' => 1)	300000	1	0.0966629981994629	8192	Stats::LikeR	0.3211
io	write_table (csv, row.names)	write_table($hoa, file, 'row.names' => 1)	300000	2	0.0974910259246826	8192	Stats::LikeR	0.3211
io	write_table (csv, row.names)	write_table($hoa, file, 'row.names' => 1)	300000	3	0.0972001552581787	8192	Stats::LikeR	0.3211
io	write_table (csv, row.names)	write_table($hoa, file, 'row.names' => 1)	300000	4	0.101505994796753	8192	Stats::LikeR	0.3211
io	write_table (csv, row.names)	write_table($hoa, file, 'row.names' => 1)	300000	5	0.0966341495513916	8192	Stats::LikeR	0.3211
io	write_table (csv, row.names)	write_table($hoa, file, 'row.names' => 1)	300000	6	0.097991943359375	8192	Stats::LikeR	0.3211
io	write_table (xlsx, hoa)	write_table($hoa, file.xlsx, 'row.names' => 0)	300000	0	0.602200031280518	294785024	Stats::LikeR	0.3211
io	write_table (xlsx, hoa)	write_table($hoa, file.xlsx, 'row.names' => 0)	300000	1	0.603096961975098	294785024	Stats::LikeR	0.3211
io	write_table (xlsx, hoa)	write_table($hoa, file.xlsx, 'row.names' => 0)	300000	2	0.609876155853271	294785024	Stats::LikeR	0.3211
io	write_table (xlsx, hoa)	write_table($hoa, file.xlsx, 'row.names' => 0)	300000	3	0.604051828384399	294785024	Stats::LikeR	0.3211
io	write_table (xlsx, hoa)	write_table($hoa, file.xlsx, 'row.names' => 0)	300000	4	0.592123985290527	294785024	Stats::LikeR	0.3211
io	write_table (xlsx, hoa)	write_table($hoa, file.xlsx, 'row.names' => 0)	300000	5	0.589282989501953	294785024	Stats::LikeR	0.3211
io	write_table (xlsx, hoa)	write_table($hoa, file.xlsx, 'row.names' => 0)	300000	6	0.592380046844482	294785024	Stats::LikeR	0.3211
frame	filter	filter($df, col('x') > 0)	1000	0	6.52869542439779e-05	0	Stats::LikeR	0.3211
frame	filter	filter($df, col('x') > 0)	1000	1	6.5308350783128e-05	0	Stats::LikeR	0.3211
frame	filter	filter($df, col('x') > 0)	1000	2	6.43730163574219e-05	0	Stats::LikeR	0.3211
frame	filter	filter($df, col('x') > 0)	1000	3	6.35941823323568e-05	0	Stats::LikeR	0.3211
frame	filter	filter($df, col('x') > 0)	1000	4	6.23534707462086e-05	0	Stats::LikeR	0.3211
frame	filter	filter($df, col('x') > 0)	1000	5	6.25918893253102e-05	0	Stats::LikeR	0.3211
frame	filter	filter($df, col('x') > 0)	1000	6	6.20028551887063e-05	0	Stats::LikeR	0.3211
frame	select_cols	select_cols($df, ['x','cat1'])	1000	0	2.38733669734736e-06	0	Stats::LikeR	0.3211
frame	select_cols	select_cols($df, ['x','cat1'])	1000	1	2.33592292075215e-06	0	Stats::LikeR	0.3211
frame	select_cols	select_cols($df, ['x','cat1'])	1000	2	2.26637896369485e-06	0	Stats::LikeR	0.3211
frame	select_cols	select_cols($df, ['x','cat1'])	1000	3	2.15831555818257e-06	0	Stats::LikeR	0.3211
frame	select_cols	select_cols($df, ['x','cat1'])	1000	4	2.13086605072021e-06	0	Stats::LikeR	0.3211
frame	select_cols	select_cols($df, ['x','cat1'])	1000	5	2.18276319832637e-06	0	Stats::LikeR	0.3211
frame	select_cols	select_cols($df, ['x','cat1'])	1000	6	2.14860552833194e-06	0	Stats::LikeR	0.3211
frame	group_by + mean	group_by + mean	1000	0	6.3723988003201e-05	0	Stats::LikeR	0.3211
frame	group_by + mean	group_by + mean	1000	1	5.77086494082496e-05	0	Stats::LikeR	0.3211
frame	group_by + mean	group_by + mean	1000	2	5.38175756281072e-05	0	Stats::LikeR	0.3211
frame	group_by + mean	group_by + mean	1000	3	5.39551610532014e-05	0	Stats::LikeR	0.3211
frame	group_by + mean	group_by + mean	1000	4	5.27319700821586e-05	0	Stats::LikeR	0.3211
frame	group_by + mean	group_by + mean	1000	5	5.26363199407404e-05	0	Stats::LikeR	0.3211
frame	group_by + mean	group_by + mean	1000	6	5.16953675643257e-05	0	Stats::LikeR	0.3211
frame	merge	merge($df_id, $df_id, how => 'inner', on => 'id')	1000	0	0.000320959091186523	118784	Stats::LikeR	0.3211
frame	merge	merge($df_id, $df_id, how => 'inner', on => 'id')	1000	1	0.000309991836547852	118784	Stats::LikeR	0.3211
frame	merge	merge($df_id, $df_id, how => 'inner', on => 'id')	1000	2	0.000298786163330078	118784	Stats::LikeR	0.3211
frame	merge	merge($df_id, $df_id, how => 'inner', on => 'id')	1000	3	0.000301790237426758	118784	Stats::LikeR	0.3211
frame	merge	merge($df_id, $df_id, how => 'inner', on => 'id')	1000	4	0.00029759407043457	118784	Stats::LikeR	0.3211
frame	merge	merge($df_id, $df_id, how => 'inner', on => 'id')	1000	5	0.000299787521362305	118784	Stats::LikeR	0.3211
frame	merge	merge($df_id, $df_id, how => 'inner', on => 'id')	1000	6	0.000297021865844727	118784	Stats::LikeR	0.3211
frame	value_counts	value_counts($df, 'cat1')	1000	0	3.00798259797643e-05	0	Stats::LikeR	0.3211
frame	value_counts	value_counts($df, 'cat1')	1000	1	2.93330540732732e-05	0	Stats::LikeR	0.3211
frame	value_counts	value_counts($df, 'cat1')	1000	2	2.86768464481129e-05	0	Stats::LikeR	0.3211
frame	value_counts	value_counts($df, 'cat1')	1000	3	2.91747205397662e-05	0	Stats::LikeR	0.3211
frame	value_counts	value_counts($df, 'cat1')	1000	4	2.82617715688852e-05	0	Stats::LikeR	0.3211
frame	value_counts	value_counts($df, 'cat1')	1000	5	2.8153945659769e-05	0	Stats::LikeR	0.3211
frame	value_counts	value_counts($df, 'cat1')	1000	6	2.87716205303486e-05	0	Stats::LikeR	0.3211
frame	drop_duplicates	drop_duplicates($df)	1000	0	0.000163507461547852	118784	Stats::LikeR	0.3211
frame	drop_duplicates	drop_duplicates($df)	1000	1	0.000160910866477273	118784	Stats::LikeR	0.3211
frame	drop_duplicates	drop_duplicates($df)	1000	2	0.00015568733215332	118784	Stats::LikeR	0.3211
frame	drop_duplicates	drop_duplicates($df)	1000	3	0.000153919061024984	118784	Stats::LikeR	0.3211
frame	drop_duplicates	drop_duplicates($df)	1000	4	0.000154753526051839	118784	Stats::LikeR	0.3211
frame	drop_duplicates	drop_duplicates($df)	1000	5	0.00015556812286377	118784	Stats::LikeR	0.3211
frame	drop_duplicates	drop_duplicates($df)	1000	6	0.000162998835245768	118784	Stats::LikeR	0.3211
frame	transpose	transpose($aoa)	1000	0	9.45319477309529e-06	16384	Stats::LikeR	0.3211
frame	transpose	transpose($aoa)	1000	1	9.34728554316929e-06	16384	Stats::LikeR	0.3211
frame	transpose	transpose($aoa)	1000	2	9.5064960308929e-06	16384	Stats::LikeR	0.3211
frame	transpose	transpose($aoa)	1000	3	9.20758318545213e-06	16384	Stats::LikeR	0.3211
frame	transpose	transpose($aoa)	1000	4	9.22329775936954e-06	16384	Stats::LikeR	0.3211
frame	transpose	transpose($aoa)	1000	5	9.10438708404996e-06	16384	Stats::LikeR	0.3211
frame	transpose	transpose($aoa)	1000	6	9.06324053144121e-06	16384	Stats::LikeR	0.3211
frame	aoh2hoa	aoh2hoa($aoh)	1000	0	2.2125244140625e-05	0	Stats::LikeR	0.3211
frame	aoh2hoa	aoh2hoa($aoh)	1000	1	2.21189998445057e-05	0	Stats::LikeR	0.3211
frame	aoh2hoa	aoh2hoa($aoh)	1000	2	2.19071048429643e-05	0	Stats::LikeR	0.3211
frame	aoh2hoa	aoh2hoa($aoh)	1000	3	2.14239825373111e-05	0	Stats::LikeR	0.3211
frame	aoh2hoa	aoh2hoa($aoh)	1000	4	2.13902929554815e-05	0	Stats::LikeR	0.3211
frame	aoh2hoa	aoh2hoa($aoh)	1000	5	2.17271887737772e-05	0	Stats::LikeR	0.3211
frame	aoh2hoa	aoh2hoa($aoh)	1000	6	2.14292889549619e-05	0	Stats::LikeR	0.3211
frame	filter	filter($df, col('x') > 0)	3000	0	0.000203556484646267	65536	Stats::LikeR	0.3211
frame	filter	filter($df, col('x') > 0)	3000	1	0.000206500291824341	65536	Stats::LikeR	0.3211
frame	filter	filter($df, col('x') > 0)	3000	2	0.000200510025024414	65536	Stats::LikeR	0.3211
frame	filter	filter($df, col('x') > 0)	3000	3	0.000197543038262261	65536	Stats::LikeR	0.3211
frame	filter	filter($df, col('x') > 0)	3000	4	0.000199000040690104	65536	Stats::LikeR	0.3211
frame	filter	filter($df, col('x') > 0)	3000	5	0.000198632478713989	65536	Stats::LikeR	0.3211
frame	filter	filter($df, col('x') > 0)	3000	6	0.000196367502212524	65536	Stats::LikeR	0.3211
frame	select_cols	select_cols($df, ['x','cat1'])	3000	0	1.99615231409729e-06	0	Stats::LikeR	0.3211
frame	select_cols	select_cols($df, ['x','cat1'])	3000	1	2.03806778480267e-06	0	Stats::LikeR	0.3211
frame	select_cols	select_cols($df, ['x','cat1'])	3000	2	1.96695327758789e-06	0	Stats::LikeR	0.3211
frame	select_cols	select_cols($df, ['x','cat1'])	3000	3	1.96993350982666e-06	0	Stats::LikeR	0.3211
frame	select_cols	select_cols($df, ['x','cat1'])	3000	4	1.96754932403564e-06	0	Stats::LikeR	0.3211
frame	select_cols	select_cols($df, ['x','cat1'])	3000	5	1.96218490600586e-06	0	Stats::LikeR	0.3211
frame	select_cols	select_cols($df, ['x','cat1'])	3000	6	1.93774700164795e-06	0	Stats::LikeR	0.3211
frame	group_by + mean	group_by + mean	3000	0	0.000148924914273349	24576	Stats::LikeR	0.3211
frame	group_by + mean	group_by + mean	3000	1	0.00014699829949273	24576	Stats::LikeR	0.3211
frame	group_by + mean	group_by + mean	3000	2	0.000146800821477717	24576	Stats::LikeR	0.3211
frame	group_by + mean	group_by + mean	3000	3	0.000137587388356527	24576	Stats::LikeR	0.3211
frame	group_by + mean	group_by + mean	3000	4	0.00013500452041626	24576	Stats::LikeR	0.3211
frame	group_by + mean	group_by + mean	3000	5	0.000133593877156576	24576	Stats::LikeR	0.3211
frame	group_by + mean	group_by + mean	3000	6	0.000140103426846591	24576	Stats::LikeR	0.3211
frame	merge	merge($df_id, $df_id, how => 'inner', on => 'id')	3000	0	0.000926971435546875	417792	Stats::LikeR	0.3211
frame	merge	merge($df_id, $df_id, how => 'inner', on => 'id')	3000	1	0.000897645950317383	417792	Stats::LikeR	0.3211
frame	merge	merge($df_id, $df_id, how => 'inner', on => 'id')	3000	2	0.000874996185302734	417792	Stats::LikeR	0.3211
frame	merge	merge($df_id, $df_id, how => 'inner', on => 'id')	3000	3	0.000873327255249023	417792	Stats::LikeR	0.3211
frame	merge	merge($df_id, $df_id, how => 'inner', on => 'id')	3000	4	0.00088198979695638	417792	Stats::LikeR	0.3211
frame	merge	merge($df_id, $df_id, how => 'inner', on => 'id')	3000	5	0.000879367192586263	417792	Stats::LikeR	0.3211
frame	merge	merge($df_id, $df_id, how => 'inner', on => 'id')	3000	6	0.000871022542317708	417792	Stats::LikeR	0.3211
frame	value_counts	value_counts($df, 'cat1')	3000	0	8.90856203825577e-05	0	Stats::LikeR	0.3211
frame	value_counts	value_counts($df, 'cat1')	3000	1	8.38715097178584e-05	0	Stats::LikeR	0.3211
frame	value_counts	value_counts($df, 'cat1')	3000	2	8.11195373535156e-05	0	Stats::LikeR	0.3211
frame	value_counts	value_counts($df, 'cat1')	3000	3	8.08048248291016e-05	0	Stats::LikeR	0.3211
frame	value_counts	value_counts($df, 'cat1')	3000	4	8.27830770741338e-05	0	Stats::LikeR	0.3211
frame	value_counts	value_counts($df, 'cat1')	3000	5	8.18061828613281e-05	0	Stats::LikeR	0.3211
frame	value_counts	value_counts($df, 'cat1')	3000	6	8.15888245900472e-05	0	Stats::LikeR	0.3211
frame	drop_duplicates	drop_duplicates($df)	3000	0	0.000492751598358154	339968	Stats::LikeR	0.3211
frame	drop_duplicates	drop_duplicates($df)	3000	1	0.000494003295898438	339968	Stats::LikeR	0.3211
frame	drop_duplicates	drop_duplicates($df)	3000	2	0.000471591949462891	339968	Stats::LikeR	0.3211
frame	drop_duplicates	drop_duplicates($df)	3000	3	0.00047001838684082	339968	Stats::LikeR	0.3211
frame	drop_duplicates	drop_duplicates($df)	3000	4	0.000472593307495117	339968	Stats::LikeR	0.3211
frame	drop_duplicates	drop_duplicates($df)	3000	5	0.000478410720825195	339968	Stats::LikeR	0.3211
frame	drop_duplicates	drop_duplicates($df)	3000	6	0.000470399856567383	339968	Stats::LikeR	0.3211
frame	transpose	transpose($aoa)	3000	0	2.7922483590933e-05	65536	Stats::LikeR	0.3211
frame	transpose	transpose($aoa)	3000	1	3.07857990264893e-05	65536	Stats::LikeR	0.3211
frame	transpose	transpose($aoa)	3000	2	2.64266180613684e-05	65536	Stats::LikeR	0.3211
frame	transpose	transpose($aoa)	3000	3	2.92400815593663e-05	65536	Stats::LikeR	0.3211
frame	transpose	transpose($aoa)	3000	4	2.64644622802734e-05	65536	Stats::LikeR	0.3211
frame	transpose	transpose($aoa)	3000	5	2.65961262717176e-05	65536	Stats::LikeR	0.3211
frame	transpose	transpose($aoa)	3000	6	2.66012023476993e-05	65536	Stats::LikeR	0.3211
frame	aoh2hoa	aoh2hoa($aoh)	3000	0	6.77534512111119e-05	0	Stats::LikeR	0.3211
frame	aoh2hoa	aoh2hoa($aoh)	3000	1	6.63280487060547e-05	0	Stats::LikeR	0.3211
frame	aoh2hoa	aoh2hoa($aoh)	3000	2	6.39961611840033e-05	0	Stats::LikeR	0.3211
frame	aoh2hoa	aoh2hoa($aoh)	3000	3	6.43268708259829e-05	0	Stats::LikeR	0.3211
frame	aoh2hoa	aoh2hoa($aoh)	3000	4	6.4834471671812e-05	0	Stats::LikeR	0.3211
frame	aoh2hoa	aoh2hoa($aoh)	3000	5	6.41961251535723e-05	0	Stats::LikeR	0.3211
frame	aoh2hoa	aoh2hoa($aoh)	3000	6	6.45806712488974e-05	0	Stats::LikeR	0.3211
frame	filter	filter($df, col('x') > 0)	10000	0	0.000694672266642253	126976	Stats::LikeR	0.3211
frame	filter	filter($df, col('x') > 0)	10000	1	0.000690698623657227	126976	Stats::LikeR	0.3211
frame	filter	filter($df, col('x') > 0)	10000	2	0.000677347183227539	126976	Stats::LikeR	0.3211
frame	filter	filter($df, col('x') > 0)	10000	3	0.00068203608194987	126976	Stats::LikeR	0.3211
frame	filter	filter($df, col('x') > 0)	10000	4	0.000682989756266276	126976	Stats::LikeR	0.3211
frame	filter	filter($df, col('x') > 0)	10000	5	0.00068966547648112	126976	Stats::LikeR	0.3211
frame	filter	filter($df, col('x') > 0)	10000	6	0.000684658686319987	126976	Stats::LikeR	0.3211
frame	select_cols	select_cols($df, ['x','cat1'])	10000	0	2.10928786647776e-06	0	Stats::LikeR	0.3211
frame	select_cols	select_cols($df, ['x','cat1'])	10000	1	1.99740147073941e-06	0	Stats::LikeR	0.3211
frame	select_cols	select_cols($df, ['x','cat1'])	10000	2	2.03578245072138e-06	0	Stats::LikeR	0.3211
frame	select_cols	select_cols($df, ['x','cat1'])	10000	3	1.98116243439193e-06	0	Stats::LikeR	0.3211
frame	select_cols	select_cols($df, ['x','cat1'])	10000	4	2.0146369934082e-06	0	Stats::LikeR	0.3211
frame	select_cols	select_cols($df, ['x','cat1'])	10000	5	1.95503234863281e-06	0	Stats::LikeR	0.3211
frame	select_cols	select_cols($df, ['x','cat1'])	10000	6	1.96278095245361e-06	0	Stats::LikeR	0.3211
frame	group_by + mean	group_by + mean	10000	0	0.000396203994750977	122880	Stats::LikeR	0.3211
frame	group_by + mean	group_by + mean	10000	1	0.000393009185791016	122880	Stats::LikeR	0.3211
frame	group_by + mean	group_by + mean	10000	2	0.000384616851806641	122880	Stats::LikeR	0.3211
frame	group_by + mean	group_by + mean	10000	3	0.000384807586669922	122880	Stats::LikeR	0.3211
frame	group_by + mean	group_by + mean	10000	4	0.000374603271484375	122880	Stats::LikeR	0.3211
frame	group_by + mean	group_by + mean	10000	5	0.000381040573120117	122880	Stats::LikeR	0.3211
frame	group_by + mean	group_by + mean	10000	6	0.000381994247436523	122880	Stats::LikeR	0.3211
frame	merge	merge($df_id, $df_id, how => 'inner', on => 'id')	10000	0	0.00278687477111816	1789952	Stats::LikeR	0.3211
frame	merge	merge($df_id, $df_id, how => 'inner', on => 'id')	10000	1	0.00277090072631836	1789952	Stats::LikeR	0.3211
frame	merge	merge($df_id, $df_id, how => 'inner', on => 'id')	10000	2	0.0027618408203125	1789952	Stats::LikeR	0.3211
frame	merge	merge($df_id, $df_id, how => 'inner', on => 'id')	10000	3	0.00279688835144043	1789952	Stats::LikeR	0.3211
frame	merge	merge($df_id, $df_id, how => 'inner', on => 'id')	10000	4	0.00277996063232422	1789952	Stats::LikeR	0.3211
frame	merge	merge($df_id, $df_id, how => 'inner', on => 'id')	10000	5	0.00275993347167969	1789952	Stats::LikeR	0.3211
frame	merge	merge($df_id, $df_id, how => 'inner', on => 'id')	10000	6	0.00278496742248535	1789952	Stats::LikeR	0.3211
frame	value_counts	value_counts($df, 'cat1')	10000	0	0.000284876142229353	0	Stats::LikeR	0.3211
frame	value_counts	value_counts($df, 'cat1')	10000	1	0.000281708581107003	0	Stats::LikeR	0.3211
frame	value_counts	value_counts($df, 'cat1')	10000	2	0.000272750854492188	0	Stats::LikeR	0.3211
frame	value_counts	value_counts($df, 'cat1')	10000	3	0.000274726322719029	0	Stats::LikeR	0.3211
frame	value_counts	value_counts($df, 'cat1')	10000	4	0.000271260738372803	0	Stats::LikeR	0.3211
frame	value_counts	value_counts($df, 'cat1')	10000	5	0.00027388334274292	0	Stats::LikeR	0.3211
frame	value_counts	value_counts($df, 'cat1')	10000	6	0.000273257493972778	0	Stats::LikeR	0.3211
frame	drop_duplicates	drop_duplicates($df)	10000	0	0.00166940689086914	1105920	Stats::LikeR	0.3211
frame	drop_duplicates	drop_duplicates($df)	10000	1	0.00164294242858887	1105920	Stats::LikeR	0.3211
frame	drop_duplicates	drop_duplicates($df)	10000	2	0.00162005424499512	1105920	Stats::LikeR	0.3211
frame	drop_duplicates	drop_duplicates($df)	10000	3	0.00162160396575928	1105920	Stats::LikeR	0.3211
frame	drop_duplicates	drop_duplicates($df)	10000	4	0.00162506103515625	1105920	Stats::LikeR	0.3211
frame	drop_duplicates	drop_duplicates($df)	10000	5	0.00162899494171143	1105920	Stats::LikeR	0.3211
frame	drop_duplicates	drop_duplicates($df)	10000	6	0.00162553787231445	1105920	Stats::LikeR	0.3211
frame	transpose	transpose($aoa)	10000	0	0.000140984853108724	135168	Stats::LikeR	0.3211
frame	transpose	transpose($aoa)	10000	1	0.000123993555704753	135168	Stats::LikeR	0.3211
frame	transpose	transpose($aoa)	10000	2	0.00012814203898112	135168	Stats::LikeR	0.3211
frame	transpose	transpose($aoa)	10000	3	0.00012054443359375	135168	Stats::LikeR	0.3211
frame	transpose	transpose($aoa)	10000	4	0.000121131539344788	135168	Stats::LikeR	0.3211
frame	transpose	transpose($aoa)	10000	5	0.000120401382446289	135168	Stats::LikeR	0.3211
frame	transpose	transpose($aoa)	10000	6	0.000124263763427734	135168	Stats::LikeR	0.3211
frame	aoh2hoa	aoh2hoa($aoh)	10000	0	0.000220394134521484	0	Stats::LikeR	0.3211
frame	aoh2hoa	aoh2hoa($aoh)	10000	1	0.000220987531873915	0	Stats::LikeR	0.3211
frame	aoh2hoa	aoh2hoa($aoh)	10000	2	0.000216219160291884	0	Stats::LikeR	0.3211
frame	aoh2hoa	aoh2hoa($aoh)	10000	3	0.000213909149169922	0	Stats::LikeR	0.3211
frame	aoh2hoa	aoh2hoa($aoh)	10000	4	0.000213980674743652	0	Stats::LikeR	0.3211
frame	aoh2hoa	aoh2hoa($aoh)	10000	5	0.000213718414306641	0	Stats::LikeR	0.3211
frame	aoh2hoa	aoh2hoa($aoh)	10000	6	0.000214099884033203	0	Stats::LikeR	0.3211
frame	filter	filter($df, col('x') > 0)	30000	0	0.00211191177368164	528384	Stats::LikeR	0.3211
frame	filter	filter($df, col('x') > 0)	30000	1	0.0021519660949707	528384	Stats::LikeR	0.3211
frame	filter	filter($df, col('x') > 0)	30000	2	0.00214290618896484	528384	Stats::LikeR	0.3211
frame	filter	filter($df, col('x') > 0)	30000	3	0.00212883949279785	528384	Stats::LikeR	0.3211
frame	filter	filter($df, col('x') > 0)	30000	4	0.0021369457244873	528384	Stats::LikeR	0.3211
frame	filter	filter($df, col('x') > 0)	30000	5	0.00214290618896484	528384	Stats::LikeR	0.3211
frame	filter	filter($df, col('x') > 0)	30000	6	0.00215792655944824	528384	Stats::LikeR	0.3211
frame	select_cols	select_cols($df, ['x','cat1'])	30000	0	2.15763420001414e-06	0	Stats::LikeR	0.3211
frame	select_cols	select_cols($df, ['x','cat1'])	30000	1	2.0648751940046e-06	0	Stats::LikeR	0.3211
frame	select_cols	select_cols($df, ['x','cat1'])	30000	2	2.01523303985596e-06	0	Stats::LikeR	0.3211
frame	select_cols	select_cols($df, ['x','cat1'])	30000	3	1.96754932403564e-06	0	Stats::LikeR	0.3211
frame	select_cols	select_cols($df, ['x','cat1'])	30000	4	1.96935222613922e-06	0	Stats::LikeR	0.3211
frame	select_cols	select_cols($df, ['x','cat1'])	30000	5	1.94651739937919e-06	0	Stats::LikeR	0.3211
frame	select_cols	select_cols($df, ['x','cat1'])	30000	6	1.97529792785645e-06	0	Stats::LikeR	0.3211
frame	group_by + mean	group_by + mean	30000	0	0.00108206272125244	139264	Stats::LikeR	0.3211
frame	group_by + mean	group_by + mean	30000	1	0.00103902816772461	139264	Stats::LikeR	0.3211
frame	group_by + mean	group_by + mean	30000	2	0.00101804733276367	139264	Stats::LikeR	0.3211
frame	group_by + mean	group_by + mean	30000	3	0.00101196765899658	139264	Stats::LikeR	0.3211
frame	group_by + mean	group_by + mean	30000	4	0.00101399421691895	139264	Stats::LikeR	0.3211
frame	group_by + mean	group_by + mean	30000	5	0.00101041793823242	139264	Stats::LikeR	0.3211
frame	group_by + mean	group_by + mean	30000	6	0.00101149082183838	139264	Stats::LikeR	0.3211
frame	merge	merge($df_id, $df_id, how => 'inner', on => 'id')	30000	0	0.00966906547546387	5332992	Stats::LikeR	0.3211
frame	merge	merge($df_id, $df_id, how => 'inner', on => 'id')	30000	1	0.0096738338470459	5332992	Stats::LikeR	0.3211
frame	merge	merge($df_id, $df_id, how => 'inner', on => 'id')	30000	2	0.00961184501647949	5332992	Stats::LikeR	0.3211
frame	merge	merge($df_id, $df_id, how => 'inner', on => 'id')	30000	3	0.00974106788635254	5332992	Stats::LikeR	0.3211
frame	merge	merge($df_id, $df_id, how => 'inner', on => 'id')	30000	4	0.00970602035522461	5332992	Stats::LikeR	0.3211
frame	merge	merge($df_id, $df_id, how => 'inner', on => 'id')	30000	5	0.00969195365905762	5332992	Stats::LikeR	0.3211
frame	merge	merge($df_id, $df_id, how => 'inner', on => 'id')	30000	6	0.00974607467651367	5332992	Stats::LikeR	0.3211
frame	value_counts	value_counts($df, 'cat1')	30000	0	0.00086665153503418	0	Stats::LikeR	0.3211
frame	value_counts	value_counts($df, 'cat1')	30000	1	0.000837008158365885	0	Stats::LikeR	0.3211
frame	value_counts	value_counts($df, 'cat1')	30000	2	0.000826358795166016	0	Stats::LikeR	0.3211
frame	value_counts	value_counts($df, 'cat1')	30000	3	0.000818649927775065	0	Stats::LikeR	0.3211
frame	value_counts	value_counts($df, 'cat1')	30000	4	0.000848690668741862	0	Stats::LikeR	0.3211
frame	value_counts	value_counts($df, 'cat1')	30000	5	0.000831047693888346	0	Stats::LikeR	0.3211
frame	value_counts	value_counts($df, 'cat1')	30000	6	0.000814278920491536	0	Stats::LikeR	0.3211
frame	drop_duplicates	drop_duplicates($df)	30000	0	0.00511598587036133	2850816	Stats::LikeR	0.3211
frame	drop_duplicates	drop_duplicates($df)	30000	1	0.00509190559387207	2850816	Stats::LikeR	0.3211
frame	drop_duplicates	drop_duplicates($df)	30000	2	0.00509500503540039	2850816	Stats::LikeR	0.3211
frame	drop_duplicates	drop_duplicates($df)	30000	3	0.00507903099060059	2850816	Stats::LikeR	0.3211
frame	drop_duplicates	drop_duplicates($df)	30000	4	0.00509405136108398	2850816	Stats::LikeR	0.3211
frame	drop_duplicates	drop_duplicates($df)	30000	5	0.00508999824523926	2850816	Stats::LikeR	0.3211
frame	drop_duplicates	drop_duplicates($df)	30000	6	0.00517988204956055	2850816	Stats::LikeR	0.3211
frame	transpose	transpose($aoa)	30000	0	0.000469028949737549	585728	Stats::LikeR	0.3211
frame	transpose	transpose($aoa)	30000	1	0.000456809997558594	585728	Stats::LikeR	0.3211
frame	transpose	transpose($aoa)	30000	2	0.000454616546630859	585728	Stats::LikeR	0.3211
frame	transpose	transpose($aoa)	30000	3	0.000443029403686523	585728	Stats::LikeR	0.3211
frame	transpose	transpose($aoa)	30000	4	0.000443792343139648	585728	Stats::LikeR	0.3211
frame	transpose	transpose($aoa)	30000	5	0.000449609756469727	585728	Stats::LikeR	0.3211
frame	transpose	transpose($aoa)	30000	6	0.000450372695922852	585728	Stats::LikeR	0.3211
frame	aoh2hoa	aoh2hoa($aoh)	30000	0	0.000702699025472005	0	Stats::LikeR	0.3211
frame	aoh2hoa	aoh2hoa($aoh)	30000	1	0.00066534678141276	0	Stats::LikeR	0.3211
frame	aoh2hoa	aoh2hoa($aoh)	30000	2	0.000661293665568034	0	Stats::LikeR	0.3211
frame	aoh2hoa	aoh2hoa($aoh)	30000	3	0.000656684239705404	0	Stats::LikeR	0.3211
frame	aoh2hoa	aoh2hoa($aoh)	30000	4	0.000642061233520508	0	Stats::LikeR	0.3211
frame	aoh2hoa	aoh2hoa($aoh)	30000	5	0.000643730163574219	0	Stats::LikeR	0.3211
frame	aoh2hoa	aoh2hoa($aoh)	30000	6	0.000637292861938477	0	Stats::LikeR	0.3211
frame	filter	filter($df, col('x') > 0)	100000	0	0.00886106491088867	2306048	Stats::LikeR	0.3211
frame	filter	filter($df, col('x') > 0)	100000	1	0.00883889198303223	2306048	Stats::LikeR	0.3211
frame	filter	filter($df, col('x') > 0)	100000	2	0.0088040828704834	2306048	Stats::LikeR	0.3211
frame	filter	filter($df, col('x') > 0)	100000	3	0.00926303863525391	2306048	Stats::LikeR	0.3211
frame	filter	filter($df, col('x') > 0)	100000	4	0.00912213325500488	2306048	Stats::LikeR	0.3211
frame	filter	filter($df, col('x') > 0)	100000	5	0.00886082649230957	2306048	Stats::LikeR	0.3211
frame	filter	filter($df, col('x') > 0)	100000	6	0.00883984565734863	2306048	Stats::LikeR	0.3211
frame	select_cols	select_cols($df, ['x','cat1'])	100000	0	2.08020210266113e-06	0	Stats::LikeR	0.3211
frame	select_cols	select_cols($df, ['x','cat1'])	100000	1	2.09538709549677e-06	0	Stats::LikeR	0.3211
frame	select_cols	select_cols($df, ['x','cat1'])	100000	2	2.06558477310907e-06	0	Stats::LikeR	0.3211
frame	select_cols	select_cols($df, ['x','cat1'])	100000	3	1.95680387987072e-06	0	Stats::LikeR	0.3211
frame	select_cols	select_cols($df, ['x','cat1'])	100000	4	2.01761722564697e-06	0	Stats::LikeR	0.3211
frame	select_cols	select_cols($df, ['x','cat1'])	100000	5	1.97262991042364e-06	0	Stats::LikeR	0.3211
frame	select_cols	select_cols($df, ['x','cat1'])	100000	6	1.99258327484131e-06	0	Stats::LikeR	0.3211
frame	group_by + mean	group_by + mean	100000	0	0.00344204902648926	991232	Stats::LikeR	0.3211
frame	group_by + mean	group_by + mean	100000	1	0.0034480094909668	991232	Stats::LikeR	0.3211
frame	group_by + mean	group_by + mean	100000	2	0.00349521636962891	991232	Stats::LikeR	0.3211
frame	group_by + mean	group_by + mean	100000	3	0.00341200828552246	991232	Stats::LikeR	0.3211
frame	group_by + mean	group_by + mean	100000	4	0.00344491004943848	991232	Stats::LikeR	0.3211
frame	group_by + mean	group_by + mean	100000	5	0.00341010093688965	991232	Stats::LikeR	0.3211
frame	group_by + mean	group_by + mean	100000	6	0.00350117683410645	991232	Stats::LikeR	0.3211
frame	merge	merge($df_id, $df_id, how => 'inner', on => 'id')	100000	0	0.036046028137207	17616896	Stats::LikeR	0.3211
frame	merge	merge($df_id, $df_id, how => 'inner', on => 'id')	100000	1	0.036369800567627	17616896	Stats::LikeR	0.3211
frame	merge	merge($df_id, $df_id, how => 'inner', on => 'id')	100000	2	0.0362608432769775	17616896	Stats::LikeR	0.3211
frame	merge	merge($df_id, $df_id, how => 'inner', on => 'id')	100000	3	0.0366320610046387	17616896	Stats::LikeR	0.3211
frame	merge	merge($df_id, $df_id, how => 'inner', on => 'id')	100000	4	0.0361669063568115	17616896	Stats::LikeR	0.3211
frame	merge	merge($df_id, $df_id, how => 'inner', on => 'id')	100000	5	0.0362789630889893	17616896	Stats::LikeR	0.3211
frame	merge	merge($df_id, $df_id, how => 'inner', on => 'id')	100000	6	0.036207914352417	17616896	Stats::LikeR	0.3211
frame	value_counts	value_counts($df, 'cat1')	100000	0	0.00277209281921387	0	Stats::LikeR	0.3211
frame	value_counts	value_counts($df, 'cat1')	100000	1	0.00272107124328613	0	Stats::LikeR	0.3211
frame	value_counts	value_counts($df, 'cat1')	100000	2	0.00273704528808594	0	Stats::LikeR	0.3211
frame	value_counts	value_counts($df, 'cat1')	100000	3	0.00271010398864746	0	Stats::LikeR	0.3211
frame	value_counts	value_counts($df, 'cat1')	100000	4	0.00268816947937012	0	Stats::LikeR	0.3211
frame	value_counts	value_counts($df, 'cat1')	100000	5	0.00268006324768066	0	Stats::LikeR	0.3211
frame	value_counts	value_counts($df, 'cat1')	100000	6	0.00271511077880859	0	Stats::LikeR	0.3211
frame	drop_duplicates	drop_duplicates($df)	100000	0	0.0197651386260986	9756672	Stats::LikeR	0.3211
frame	drop_duplicates	drop_duplicates($df)	100000	1	0.0197350978851318	9756672	Stats::LikeR	0.3211
frame	drop_duplicates	drop_duplicates($df)	100000	2	0.0198018550872803	9756672	Stats::LikeR	0.3211
frame	drop_duplicates	drop_duplicates($df)	100000	3	0.0195879936218262	9756672	Stats::LikeR	0.3211
frame	drop_duplicates	drop_duplicates($df)	100000	4	0.02065110206604	9756672	Stats::LikeR	0.3211
frame	drop_duplicates	drop_duplicates($df)	100000	5	0.0197641849517822	9756672	Stats::LikeR	0.3211
frame	drop_duplicates	drop_duplicates($df)	100000	6	0.0196452140808105	9756672	Stats::LikeR	0.3211
frame	transpose	transpose($aoa)	100000	0	0.00627994537353516	2220032	Stats::LikeR	0.3211
frame	transpose	transpose($aoa)	100000	1	0.00631189346313477	2220032	Stats::LikeR	0.3211
frame	transpose	transpose($aoa)	100000	2	0.00624203681945801	2220032	Stats::LikeR	0.3211
frame	transpose	transpose($aoa)	100000	3	0.00631499290466309	2220032	Stats::LikeR	0.3211
frame	transpose	transpose($aoa)	100000	4	0.00634908676147461	2220032	Stats::LikeR	0.3211
frame	transpose	transpose($aoa)	100000	5	0.00637912750244141	2220032	Stats::LikeR	0.3211
frame	transpose	transpose($aoa)	100000	6	0.00641489028930664	2220032	Stats::LikeR	0.3211
frame	aoh2hoa	aoh2hoa($aoh)	100000	0	0.00477385520935059	0	Stats::LikeR	0.3211
frame	aoh2hoa	aoh2hoa($aoh)	100000	1	0.00474190711975098	0	Stats::LikeR	0.3211
frame	aoh2hoa	aoh2hoa($aoh)	100000	2	0.00477385520935059	0	Stats::LikeR	0.3211
frame	aoh2hoa	aoh2hoa($aoh)	100000	3	0.00471997261047363	0	Stats::LikeR	0.3211
frame	aoh2hoa	aoh2hoa($aoh)	100000	4	0.00465297698974609	0	Stats::LikeR	0.3211
frame	aoh2hoa	aoh2hoa($aoh)	100000	5	0.00468921661376953	0	Stats::LikeR	0.3211
frame	aoh2hoa	aoh2hoa($aoh)	100000	6	0.0047299861907959	0	Stats::LikeR	0.3211
frame	filter	filter($df, col('x') > 0)	300000	0	0.0325188636779785	7417856	Stats::LikeR	0.3211
frame	filter	filter($df, col('x') > 0)	300000	1	0.0319790840148926	7417856	Stats::LikeR	0.3211
frame	filter	filter($df, col('x') > 0)	300000	2	0.0320022106170654	7417856	Stats::LikeR	0.3211
frame	filter	filter($df, col('x') > 0)	300000	3	0.0325648784637451	7417856	Stats::LikeR	0.3211
frame	filter	filter($df, col('x') > 0)	300000	4	0.0326199531555176	7417856	Stats::LikeR	0.3211
frame	filter	filter($df, col('x') > 0)	300000	5	0.0324199199676514	7417856	Stats::LikeR	0.3211
frame	filter	filter($df, col('x') > 0)	300000	6	0.0319449901580811	7417856	Stats::LikeR	0.3211
frame	select_cols	select_cols($df, ['x','cat1'])	300000	0	2.0454372216134e-06	0	Stats::LikeR	0.3211
frame	select_cols	select_cols($df, ['x','cat1'])	300000	1	1.99959391639346e-06	0	Stats::LikeR	0.3211
frame	select_cols	select_cols($df, ['x','cat1'])	300000	2	2.01520465669178e-06	0	Stats::LikeR	0.3211
frame	select_cols	select_cols($df, ['x','cat1'])	300000	3	2.03010581788563e-06	0	Stats::LikeR	0.3211
frame	select_cols	select_cols($df, ['x','cat1'])	300000	4	2.02485493251256e-06	0	Stats::LikeR	0.3211
frame	select_cols	select_cols($df, ['x','cat1'])	300000	5	2.02088128952753e-06	0	Stats::LikeR	0.3211
frame	select_cols	select_cols($df, ['x','cat1'])	300000	6	2.05919856116885e-06	0	Stats::LikeR	0.3211
frame	group_by + mean	group_by + mean	300000	0	0.0131640434265137	2486272	Stats::LikeR	0.3211
frame	group_by + mean	group_by + mean	300000	1	0.012768030166626	2486272	Stats::LikeR	0.3211
frame	group_by + mean	group_by + mean	300000	2	0.012578010559082	2486272	Stats::LikeR	0.3211
frame	group_by + mean	group_by + mean	300000	3	0.0125751495361328	2486272	Stats::LikeR	0.3211
frame	group_by + mean	group_by + mean	300000	4	0.0130579471588135	2486272	Stats::LikeR	0.3211
frame	group_by + mean	group_by + mean	300000	5	0.0125041007995605	2486272	Stats::LikeR	0.3211
frame	group_by + mean	group_by + mean	300000	6	0.012890100479126	2486272	Stats::LikeR	0.3211
frame	merge	merge($df_id, $df_id, how => 'inner', on => 'id')	300000	0	0.178808927536011	55578624	Stats::LikeR	0.3211
frame	merge	merge($df_id, $df_id, how => 'inner', on => 'id')	300000	1	0.178941011428833	55578624	Stats::LikeR	0.3211
frame	merge	merge($df_id, $df_id, how => 'inner', on => 'id')	300000	2	0.177693128585815	55578624	Stats::LikeR	0.3211
frame	merge	merge($df_id, $df_id, how => 'inner', on => 'id')	300000	3	0.179986000061035	55578624	Stats::LikeR	0.3211
frame	merge	merge($df_id, $df_id, how => 'inner', on => 'id')	300000	4	0.179510831832886	55578624	Stats::LikeR	0.3211
frame	merge	merge($df_id, $df_id, how => 'inner', on => 'id')	300000	5	0.179158926010132	55578624	Stats::LikeR	0.3211
frame	merge	merge($df_id, $df_id, how => 'inner', on => 'id')	300000	6	0.182262182235718	55578624	Stats::LikeR	0.3211
frame	value_counts	value_counts($df, 'cat1')	300000	0	0.0083160400390625	0	Stats::LikeR	0.3211
frame	value_counts	value_counts($df, 'cat1')	300000	1	0.00830698013305664	0	Stats::LikeR	0.3211
frame	value_counts	value_counts($df, 'cat1')	300000	2	0.00829601287841797	0	Stats::LikeR	0.3211
frame	value_counts	value_counts($df, 'cat1')	300000	3	0.00838685035705566	0	Stats::LikeR	0.3211
frame	value_counts	value_counts($df, 'cat1')	300000	4	0.00825190544128418	0	Stats::LikeR	0.3211
frame	value_counts	value_counts($df, 'cat1')	300000	5	0.00824618339538574	0	Stats::LikeR	0.3211
frame	value_counts	value_counts($df, 'cat1')	300000	6	0.00824403762817383	0	Stats::LikeR	0.3211
frame	drop_duplicates	drop_duplicates($df)	300000	0	0.0941119194030762	31264768	Stats::LikeR	0.3211
frame	drop_duplicates	drop_duplicates($df)	300000	1	0.0923700332641602	31264768	Stats::LikeR	0.3211
frame	drop_duplicates	drop_duplicates($df)	300000	2	0.0920519828796387	31264768	Stats::LikeR	0.3211
frame	drop_duplicates	drop_duplicates($df)	300000	3	0.0915138721466064	31264768	Stats::LikeR	0.3211
frame	drop_duplicates	drop_duplicates($df)	300000	4	0.0913360118865967	31264768	Stats::LikeR	0.3211
frame	drop_duplicates	drop_duplicates($df)	300000	5	0.0915801525115967	31264768	Stats::LikeR	0.3211
frame	drop_duplicates	drop_duplicates($df)	300000	6	0.091649055480957	31264768	Stats::LikeR	0.3211
frame	transpose	transpose($aoa)	300000	0	0.0105409622192383	7122944	Stats::LikeR	0.3211
frame	transpose	transpose($aoa)	300000	1	0.0104670524597168	7122944	Stats::LikeR	0.3211
frame	transpose	transpose($aoa)	300000	2	0.0107240676879883	7122944	Stats::LikeR	0.3211
frame	transpose	transpose($aoa)	300000	3	0.0106480121612549	7122944	Stats::LikeR	0.3211
frame	transpose	transpose($aoa)	300000	4	0.0103559494018555	7122944	Stats::LikeR	0.3211
frame	transpose	transpose($aoa)	300000	5	0.0106320381164551	7122944	Stats::LikeR	0.3211
frame	transpose	transpose($aoa)	300000	6	0.0103259086608887	7122944	Stats::LikeR	0.3211
frame	aoh2hoa	aoh2hoa($aoh)	300000	0	0.00836300849914551	0	Stats::LikeR	0.3211
frame	aoh2hoa	aoh2hoa($aoh)	300000	1	0.0083010196685791	0	Stats::LikeR	0.3211
frame	aoh2hoa	aoh2hoa($aoh)	300000	2	0.00830507278442383	0	Stats::LikeR	0.3211
frame	aoh2hoa	aoh2hoa($aoh)	300000	3	0.00835108757019043	0	Stats::LikeR	0.3211
frame	aoh2hoa	aoh2hoa($aoh)	300000	4	0.00833487510681152	0	Stats::LikeR	0.3211
frame	aoh2hoa	aoh2hoa($aoh)	300000	5	0.00830388069152832	0	Stats::LikeR	0.3211
frame	aoh2hoa	aoh2hoa($aoh)	300000	6	0.00828194618225098	0	Stats::LikeR	0.3211
