run	seconds
0	0.001360594
1	0.001203849
2	0.001103630
3	0.001065865
4	0.001016409
5	0.001054013
6	0.001003502
7	0.000991188
8	0.000988634
9	0.001134080
