run	seconds
0	0.004548322
1	0.006357944
2	0.003789184
3	0.003795506
4	0.003782908
5	0.003756247
6	0.003782715
7	0.003737695
8	0.003781166
9	0.003839368
