figure	function	call	n	run	seconds	bytes	version
vector	sum	np.sum(x)	1000	0	0.000002749	128	3.14.2
vector	sum	np.sum(x)	1000	1	0.000002419	128	3.14.2
vector	sum	np.sum(x)	1000	2	0.000002334	128	3.14.2
vector	sum	np.sum(x)	1000	3	0.000002489	128	3.14.2
vector	sum	np.sum(x)	1000	4	0.000002263	128	3.14.2
vector	sum	np.sum(x)	1000	5	0.000002232	128	3.14.2
vector	sum	np.sum(x)	1000	6	0.000002207	128	3.14.2
vector	min	np.min(x)	1000	0	0.000002099	128	3.14.2
vector	min	np.min(x)	1000	1	0.000001940	128	3.14.2
vector	min	np.min(x)	1000	2	0.000001895	128	3.14.2
vector	min	np.min(x)	1000	3	0.000001878	128	3.14.2
vector	min	np.min(x)	1000	4	0.000001818	128	3.14.2
vector	min	np.min(x)	1000	5	0.000001788	128	3.14.2
vector	min	np.min(x)	1000	6	0.000001780	128	3.14.2
vector	max	np.max(x)	1000	0	0.000001782	128	3.14.2
vector	max	np.max(x)	1000	1	0.000001747	128	3.14.2
vector	max	np.max(x)	1000	2	0.000001729	128	3.14.2
vector	max	np.max(x)	1000	3	0.000001717	128	3.14.2
vector	max	np.max(x)	1000	4	0.000001745	128	3.14.2
vector	max	np.max(x)	1000	5	0.000001745	128	3.14.2
vector	max	np.max(x)	1000	6	0.000001757	128	3.14.2
vector	mean	np.mean(x)	1000	0	0.000002687	152	3.14.2
vector	mean	np.mean(x)	1000	1	0.000002635	152	3.14.2
vector	mean	np.mean(x)	1000	2	0.000002675	152	3.14.2
vector	mean	np.mean(x)	1000	3	0.000002622	152	3.14.2
vector	mean	np.mean(x)	1000	4	0.000002680	152	3.14.2
vector	mean	np.mean(x)	1000	5	0.000002680	152	3.14.2
vector	mean	np.mean(x)	1000	6	0.000002645	152	3.14.2
vector	median	np.median(x)	1000	0	0.000012400	11272	3.14.2
vector	median	np.median(x)	1000	1	0.000011831	11272	3.14.2
vector	median	np.median(x)	1000	2	0.000011628	11272	3.14.2
vector	median	np.median(x)	1000	3	0.000011816	11272	3.14.2
vector	median	np.median(x)	1000	4	0.000011886	11272	3.14.2
vector	median	np.median(x)	1000	5	0.000011851	11272	3.14.2
vector	median	np.median(x)	1000	6	0.000011629	11272	3.14.2
vector	sd	np.std(x, ddof=1)	1000	0	0.000008821	9280	3.14.2
vector	sd	np.std(x, ddof=1)	1000	1	0.000008282	9280	3.14.2
vector	sd	np.std(x, ddof=1)	1000	2	0.000008347	9280	3.14.2
vector	sd	np.std(x, ddof=1)	1000	3	0.000008360	9280	3.14.2
vector	sd	np.std(x, ddof=1)	1000	4	0.000008386	9280	3.14.2
vector	sd	np.std(x, ddof=1)	1000	5	0.000008431	9280	3.14.2
vector	sd	np.std(x, ddof=1)	1000	6	0.000008331	9280	3.14.2
vector	var	np.var(x, ddof=1)	1000	0	0.000007832	9280	3.14.2
vector	var	np.var(x, ddof=1)	1000	1	0.000007828	9280	3.14.2
vector	var	np.var(x, ddof=1)	1000	2	0.000007773	9280	3.14.2
vector	var	np.var(x, ddof=1)	1000	3	0.000007764	9280	3.14.2
vector	var	np.var(x, ddof=1)	1000	4	0.000007725	9280	3.14.2
vector	var	np.var(x, ddof=1)	1000	5	0.000007758	9280	3.14.2
vector	var	np.var(x, ddof=1)	1000	6	0.000007806	9280	3.14.2
vector	quantile	np.quantile(x, [.25,.5,.75])	1000	0	0.000033831	12384	3.14.2
vector	quantile	np.quantile(x, [.25,.5,.75])	1000	1	0.000031347	12384	3.14.2
vector	quantile	np.quantile(x, [.25,.5,.75])	1000	2	0.000030776	12384	3.14.2
vector	quantile	np.quantile(x, [.25,.5,.75])	1000	3	0.000030777	12384	3.14.2
vector	quantile	np.quantile(x, [.25,.5,.75])	1000	4	0.000032708	12384	3.14.2
vector	quantile	np.quantile(x, [.25,.5,.75])	1000	5	0.000030403	12384	3.14.2
vector	quantile	np.quantile(x, [.25,.5,.75])	1000	6	0.000030368	12384	3.14.2
vector	cor	np.corrcoef(x, y)[0, 1]	1000	0	0.000027812	33528	3.14.2
vector	cor	np.corrcoef(x, y)[0, 1]	1000	1	0.000024632	33528	3.14.2
vector	cor	np.corrcoef(x, y)[0, 1]	1000	2	0.000024922	33528	3.14.2
vector	cor	np.corrcoef(x, y)[0, 1]	1000	3	0.000024369	33528	3.14.2
vector	cor	np.corrcoef(x, y)[0, 1]	1000	4	0.000024791	33528	3.14.2
vector	cor	np.corrcoef(x, y)[0, 1]	1000	5	0.000024626	33528	3.14.2
vector	cor	np.corrcoef(x, y)[0, 1]	1000	6	0.000024536	33528	3.14.2
vector	cov	np.cov(x, y)[0, 1]	1000	0	0.000017867	33528	3.14.2
vector	cov	np.cov(x, y)[0, 1]	1000	1	0.000017801	33528	3.14.2
vector	cov	np.cov(x, y)[0, 1]	1000	2	0.000017792	33528	3.14.2
vector	cov	np.cov(x, y)[0, 1]	1000	3	0.000017849	33528	3.14.2
vector	cov	np.cov(x, y)[0, 1]	1000	4	0.000018028	33528	3.14.2
vector	cov	np.cov(x, y)[0, 1]	1000	5	0.000017739	33528	3.14.2
vector	cov	np.cov(x, y)[0, 1]	1000	6	0.000017817	33528	3.14.2
vector	skew	scipy.stats.skew(x)	1000	0	0.000305178	20427	3.14.2
vector	skew	scipy.stats.skew(x)	1000	1	0.000284145	20427	3.14.2
vector	skew	scipy.stats.skew(x)	1000	2	0.000279921	20427	3.14.2
vector	skew	scipy.stats.skew(x)	1000	3	0.000278320	20427	3.14.2
vector	skew	scipy.stats.skew(x)	1000	4	0.000275010	20427	3.14.2
vector	skew	scipy.stats.skew(x)	1000	5	0.000271428	20427	3.14.2
vector	skew	scipy.stats.skew(x)	1000	6	0.000287592	20427	3.14.2
vector	kurtosis	scipy.stats.kurtosis(x)	1000	0	0.000308575	20445	3.14.2
vector	kurtosis	scipy.stats.kurtosis(x)	1000	1	0.000293020	20445	3.14.2
vector	kurtosis	scipy.stats.kurtosis(x)	1000	2	0.000285775	20445	3.14.2
vector	kurtosis	scipy.stats.kurtosis(x)	1000	3	0.000280515	20445	3.14.2
vector	kurtosis	scipy.stats.kurtosis(x)	1000	4	0.000277673	20445	3.14.2
vector	kurtosis	scipy.stats.kurtosis(x)	1000	5	0.000281727	20445	3.14.2
vector	kurtosis	scipy.stats.kurtosis(x)	1000	6	0.000287472	20445	3.14.2
vector	sum	np.sum(x)	3000	0	0.000002189	128	3.14.2
vector	sum	np.sum(x)	3000	1	0.000002194	128	3.14.2
vector	sum	np.sum(x)	3000	2	0.000002179	128	3.14.2
vector	sum	np.sum(x)	3000	3	0.000002197	128	3.14.2
vector	sum	np.sum(x)	3000	4	0.000002188	128	3.14.2
vector	sum	np.sum(x)	3000	5	0.000002183	128	3.14.2
vector	sum	np.sum(x)	3000	6	0.000002192	128	3.14.2
vector	min	np.min(x)	3000	0	0.000002050	128	3.14.2
vector	min	np.min(x)	3000	1	0.000002037	128	3.14.2
vector	min	np.min(x)	3000	2	0.000002036	128	3.14.2
vector	min	np.min(x)	3000	3	0.000002038	128	3.14.2
vector	min	np.min(x)	3000	4	0.000002050	128	3.14.2
vector	min	np.min(x)	3000	5	0.000002021	128	3.14.2
vector	min	np.min(x)	3000	6	0.000002029	128	3.14.2
vector	max	np.max(x)	3000	0	0.000002048	128	3.14.2
vector	max	np.max(x)	3000	1	0.000002062	128	3.14.2
vector	max	np.max(x)	3000	2	0.000002033	128	3.14.2
vector	max	np.max(x)	3000	3	0.000002024	128	3.14.2
vector	max	np.max(x)	3000	4	0.000002035	128	3.14.2
vector	max	np.max(x)	3000	5	0.000002029	128	3.14.2
vector	max	np.max(x)	3000	6	0.000002034	128	3.14.2
vector	mean	np.mean(x)	3000	0	0.000003018	152	3.14.2
vector	mean	np.mean(x)	3000	1	0.000003020	152	3.14.2
vector	mean	np.mean(x)	3000	2	0.000003004	152	3.14.2
vector	mean	np.mean(x)	3000	3	0.000003027	152	3.14.2
vector	mean	np.mean(x)	3000	4	0.000003040	152	3.14.2
vector	mean	np.mean(x)	3000	5	0.000003036	152	3.14.2
vector	mean	np.mean(x)	3000	6	0.000003040	152	3.14.2
vector	median	np.median(x)	3000	0	0.000019353	27272	3.14.2
vector	median	np.median(x)	3000	1	0.000016135	27272	3.14.2
vector	median	np.median(x)	3000	2	0.000016059	27272	3.14.2
vector	median	np.median(x)	3000	3	0.000016307	27272	3.14.2
vector	median	np.median(x)	3000	4	0.000016057	27272	3.14.2
vector	median	np.median(x)	3000	5	0.000015848	27272	3.14.2
vector	median	np.median(x)	3000	6	0.000016070	27272	3.14.2
vector	sd	np.std(x, ddof=1)	3000	0	0.000009956	25280	3.14.2
vector	sd	np.std(x, ddof=1)	3000	1	0.000009608	25280	3.14.2
vector	sd	np.std(x, ddof=1)	3000	2	0.000009473	25280	3.14.2
vector	sd	np.std(x, ddof=1)	3000	3	0.000009465	25280	3.14.2
vector	sd	np.std(x, ddof=1)	3000	4	0.000009572	25280	3.14.2
vector	sd	np.std(x, ddof=1)	3000	5	0.000009441	25280	3.14.2
vector	sd	np.std(x, ddof=1)	3000	6	0.000009675	25280	3.14.2
vector	var	np.var(x, ddof=1)	3000	0	0.000009028	25280	3.14.2
vector	var	np.var(x, ddof=1)	3000	1	0.000009031	25280	3.14.2
vector	var	np.var(x, ddof=1)	3000	2	0.000008999	25280	3.14.2
vector	var	np.var(x, ddof=1)	3000	3	0.000009028	25280	3.14.2
vector	var	np.var(x, ddof=1)	3000	4	0.000009055	25280	3.14.2
vector	var	np.var(x, ddof=1)	3000	5	0.000009161	25280	3.14.2
vector	var	np.var(x, ddof=1)	3000	6	0.000009041	25280	3.14.2
vector	quantile	np.quantile(x, [.25,.5,.75])	3000	0	0.000066311	28384	3.14.2
vector	quantile	np.quantile(x, [.25,.5,.75])	3000	1	0.000061495	28384	3.14.2
vector	quantile	np.quantile(x, [.25,.5,.75])	3000	2	0.000060572	28384	3.14.2
vector	quantile	np.quantile(x, [.25,.5,.75])	3000	3	0.000060684	28384	3.14.2
vector	quantile	np.quantile(x, [.25,.5,.75])	3000	4	0.000059406	28384	3.14.2
vector	quantile	np.quantile(x, [.25,.5,.75])	3000	5	0.000060958	28384	3.14.2
vector	quantile	np.quantile(x, [.25,.5,.75])	3000	6	0.000061657	28384	3.14.2
vector	cor	np.corrcoef(x, y)[0, 1]	3000	0	0.000033787	97528	3.14.2
vector	cor	np.corrcoef(x, y)[0, 1]	3000	1	0.000031828	97528	3.14.2
vector	cor	np.corrcoef(x, y)[0, 1]	3000	2	0.000032042	97528	3.14.2
vector	cor	np.corrcoef(x, y)[0, 1]	3000	3	0.000032084	97528	3.14.2
vector	cor	np.corrcoef(x, y)[0, 1]	3000	4	0.000032142	97528	3.14.2
vector	cor	np.corrcoef(x, y)[0, 1]	3000	5	0.000032203	97528	3.14.2
vector	cor	np.corrcoef(x, y)[0, 1]	3000	6	0.000031733	97528	3.14.2
vector	cov	np.cov(x, y)[0, 1]	3000	0	0.000025330	97528	3.14.2
vector	cov	np.cov(x, y)[0, 1]	3000	1	0.000025388	97528	3.14.2
vector	cov	np.cov(x, y)[0, 1]	3000	2	0.000025287	97528	3.14.2
vector	cov	np.cov(x, y)[0, 1]	3000	3	0.000025185	97528	3.14.2
vector	cov	np.cov(x, y)[0, 1]	3000	4	0.000025162	97528	3.14.2
vector	cov	np.cov(x, y)[0, 1]	3000	5	0.000025141	97528	3.14.2
vector	cov	np.cov(x, y)[0, 1]	3000	6	0.000025266	97528	3.14.2
vector	skew	scipy.stats.skew(x)	3000	0	0.000333392	52338	3.14.2
vector	skew	scipy.stats.skew(x)	3000	1	0.000321453	52338	3.14.2
vector	skew	scipy.stats.skew(x)	3000	2	0.000321650	52338	3.14.2
vector	skew	scipy.stats.skew(x)	3000	3	0.000308377	52338	3.14.2
vector	skew	scipy.stats.skew(x)	3000	4	0.000304169	52338	3.14.2
vector	skew	scipy.stats.skew(x)	3000	5	0.000313893	52338	3.14.2
vector	skew	scipy.stats.skew(x)	3000	6	0.000309318	52338	3.14.2
vector	kurtosis	scipy.stats.kurtosis(x)	3000	0	0.000344221	52166	3.14.2
vector	kurtosis	scipy.stats.kurtosis(x)	3000	1	0.000319036	52166	3.14.2
vector	kurtosis	scipy.stats.kurtosis(x)	3000	2	0.000312976	52166	3.14.2
vector	kurtosis	scipy.stats.kurtosis(x)	3000	3	0.000307785	52166	3.14.2
vector	kurtosis	scipy.stats.kurtosis(x)	3000	4	0.000307820	52166	3.14.2
vector	kurtosis	scipy.stats.kurtosis(x)	3000	5	0.000314017	52166	3.14.2
vector	kurtosis	scipy.stats.kurtosis(x)	3000	6	0.000316492	52166	3.14.2
vector	sum	np.sum(x)	10000	0	0.000003441	128	3.14.2
vector	sum	np.sum(x)	10000	1	0.000003487	128	3.14.2
vector	sum	np.sum(x)	10000	2	0.000003471	128	3.14.2
vector	sum	np.sum(x)	10000	3	0.000003472	128	3.14.2
vector	sum	np.sum(x)	10000	4	0.000003484	128	3.14.2
vector	sum	np.sum(x)	10000	5	0.000003502	128	3.14.2
vector	sum	np.sum(x)	10000	6	0.000003468	128	3.14.2
vector	min	np.min(x)	10000	0	0.000003101	128	3.14.2
vector	min	np.min(x)	10000	1	0.000003037	128	3.14.2
vector	min	np.min(x)	10000	2	0.000003025	128	3.14.2
vector	min	np.min(x)	10000	3	0.000003026	128	3.14.2
vector	min	np.min(x)	10000	4	0.000003058	128	3.14.2
vector	min	np.min(x)	10000	5	0.000003025	128	3.14.2
vector	min	np.min(x)	10000	6	0.000003040	128	3.14.2
vector	max	np.max(x)	10000	0	0.000003036	128	3.14.2
vector	max	np.max(x)	10000	1	0.000003037	128	3.14.2
vector	max	np.max(x)	10000	2	0.000003051	128	3.14.2
vector	max	np.max(x)	10000	3	0.000003032	128	3.14.2
vector	max	np.max(x)	10000	4	0.000003033	128	3.14.2
vector	max	np.max(x)	10000	5	0.000003014	128	3.14.2
vector	max	np.max(x)	10000	6	0.000003032	128	3.14.2
vector	mean	np.mean(x)	10000	0	0.000004290	152	3.14.2
vector	mean	np.mean(x)	10000	1	0.000004335	152	3.14.2
vector	mean	np.mean(x)	10000	2	0.000004331	152	3.14.2
vector	mean	np.mean(x)	10000	3	0.000004336	152	3.14.2
vector	mean	np.mean(x)	10000	4	0.000004335	152	3.14.2
vector	mean	np.mean(x)	10000	5	0.000004362	152	3.14.2
vector	mean	np.mean(x)	10000	6	0.000004340	152	3.14.2
vector	median	np.median(x)	10000	0	0.000088431	83272	3.14.2
vector	median	np.median(x)	10000	1	0.000084267	83272	3.14.2
vector	median	np.median(x)	10000	2	0.000083050	83272	3.14.2
vector	median	np.median(x)	10000	3	0.000082858	83272	3.14.2
vector	median	np.median(x)	10000	4	0.000082516	83272	3.14.2
vector	median	np.median(x)	10000	5	0.000082688	83272	3.14.2
vector	median	np.median(x)	10000	6	0.000082615	83272	3.14.2
vector	sd	np.std(x, ddof=1)	10000	0	0.000014360	81280	3.14.2
vector	sd	np.std(x, ddof=1)	10000	1	0.000014460	81280	3.14.2
vector	sd	np.std(x, ddof=1)	10000	2	0.000014339	81280	3.14.2
vector	sd	np.std(x, ddof=1)	10000	3	0.000014261	81280	3.14.2
vector	sd	np.std(x, ddof=1)	10000	4	0.000014309	81280	3.14.2
vector	sd	np.std(x, ddof=1)	10000	5	0.000014181	81280	3.14.2
vector	sd	np.std(x, ddof=1)	10000	6	0.000014259	81280	3.14.2
vector	var	np.var(x, ddof=1)	10000	0	0.000013802	81280	3.14.2
vector	var	np.var(x, ddof=1)	10000	1	0.000013771	81280	3.14.2
vector	var	np.var(x, ddof=1)	10000	2	0.000013714	81280	3.14.2
vector	var	np.var(x, ddof=1)	10000	3	0.000013848	81280	3.14.2
vector	var	np.var(x, ddof=1)	10000	4	0.000013840	81280	3.14.2
vector	var	np.var(x, ddof=1)	10000	5	0.000013869	81280	3.14.2
vector	var	np.var(x, ddof=1)	10000	6	0.000013848	81280	3.14.2
vector	quantile	np.quantile(x, [.25,.5,.75])	10000	0	0.000184678	84384	3.14.2
vector	quantile	np.quantile(x, [.25,.5,.75])	10000	1	0.000179703	84384	3.14.2
vector	quantile	np.quantile(x, [.25,.5,.75])	10000	2	0.000179409	84384	3.14.2
vector	quantile	np.quantile(x, [.25,.5,.75])	10000	3	0.000179140	84384	3.14.2
vector	quantile	np.quantile(x, [.25,.5,.75])	10000	4	0.000178852	84384	3.14.2
vector	quantile	np.quantile(x, [.25,.5,.75])	10000	5	0.000178081	84384	3.14.2
vector	quantile	np.quantile(x, [.25,.5,.75])	10000	6	0.000178727	84384	3.14.2
vector	cor	np.corrcoef(x, y)[0, 1]	10000	0	0.000053104	240496	3.14.2
vector	cor	np.corrcoef(x, y)[0, 1]	10000	1	0.000051149	240496	3.14.2
vector	cor	np.corrcoef(x, y)[0, 1]	10000	2	0.000050601	240496	3.14.2
vector	cor	np.corrcoef(x, y)[0, 1]	10000	3	0.000050848	240496	3.14.2
vector	cor	np.corrcoef(x, y)[0, 1]	10000	4	0.000050441	240496	3.14.2
vector	cor	np.corrcoef(x, y)[0, 1]	10000	5	0.000050809	240496	3.14.2
vector	cor	np.corrcoef(x, y)[0, 1]	10000	6	0.000050558	240496	3.14.2
vector	cov	np.cov(x, y)[0, 1]	10000	0	0.000043825	240496	3.14.2
vector	cov	np.cov(x, y)[0, 1]	10000	1	0.000043733	240496	3.14.2
vector	cov	np.cov(x, y)[0, 1]	10000	2	0.000043682	240496	3.14.2
vector	cov	np.cov(x, y)[0, 1]	10000	3	0.000043664	240496	3.14.2
vector	cov	np.cov(x, y)[0, 1]	10000	4	0.000043723	240496	3.14.2
vector	cov	np.cov(x, y)[0, 1]	10000	5	0.000044615	240496	3.14.2
vector	cov	np.cov(x, y)[0, 1]	10000	6	0.000043927	240496	3.14.2
vector	skew	scipy.stats.skew(x)	10000	0	0.000446121	164200	3.14.2
vector	skew	scipy.stats.skew(x)	10000	1	0.000429283	164200	3.14.2
vector	skew	scipy.stats.skew(x)	10000	2	0.000421962	164200	3.14.2
vector	skew	scipy.stats.skew(x)	10000	3	0.000423479	164200	3.14.2
vector	skew	scipy.stats.skew(x)	10000	4	0.000425062	164200	3.14.2
vector	skew	scipy.stats.skew(x)	10000	5	0.000426834	164200	3.14.2
vector	skew	scipy.stats.skew(x)	10000	6	0.000431262	164200	3.14.2
vector	kurtosis	scipy.stats.kurtosis(x)	10000	0	0.000450109	164263	3.14.2
vector	kurtosis	scipy.stats.kurtosis(x)	10000	1	0.000426470	164263	3.14.2
vector	kurtosis	scipy.stats.kurtosis(x)	10000	2	0.000431402	164263	3.14.2
vector	kurtosis	scipy.stats.kurtosis(x)	10000	3	0.000433807	164263	3.14.2
vector	kurtosis	scipy.stats.kurtosis(x)	10000	4	0.000432331	164263	3.14.2
vector	kurtosis	scipy.stats.kurtosis(x)	10000	5	0.000430227	164263	3.14.2
vector	kurtosis	scipy.stats.kurtosis(x)	10000	6	0.000434118	164263	3.14.2
vector	sum	np.sum(x)	30000	0	0.000006775	128	3.14.2
vector	sum	np.sum(x)	30000	1	0.000006851	128	3.14.2
vector	sum	np.sum(x)	30000	2	0.000006827	128	3.14.2
vector	sum	np.sum(x)	30000	3	0.000006849	128	3.14.2
vector	sum	np.sum(x)	30000	4	0.000006835	128	3.14.2
vector	sum	np.sum(x)	30000	5	0.000006892	128	3.14.2
vector	sum	np.sum(x)	30000	6	0.000006844	128	3.14.2
vector	min	np.min(x)	30000	0	0.000006118	128	3.14.2
vector	min	np.min(x)	30000	1	0.000005833	128	3.14.2
vector	min	np.min(x)	30000	2	0.000005879	128	3.14.2
vector	min	np.min(x)	30000	3	0.000005858	128	3.14.2
vector	min	np.min(x)	30000	4	0.000005846	128	3.14.2
vector	min	np.min(x)	30000	5	0.000005914	128	3.14.2
vector	min	np.min(x)	30000	6	0.000005863	128	3.14.2
vector	max	np.max(x)	30000	0	0.000005874	128	3.14.2
vector	max	np.max(x)	30000	1	0.000005851	128	3.14.2
vector	max	np.max(x)	30000	2	0.000005888	128	3.14.2
vector	max	np.max(x)	30000	3	0.000005852	128	3.14.2
vector	max	np.max(x)	30000	4	0.000005861	128	3.14.2
vector	max	np.max(x)	30000	5	0.000005863	128	3.14.2
vector	max	np.max(x)	30000	6	0.000005823	128	3.14.2
vector	mean	np.mean(x)	30000	0	0.000007649	152	3.14.2
vector	mean	np.mean(x)	30000	1	0.000007762	152	3.14.2
vector	mean	np.mean(x)	30000	2	0.000007753	152	3.14.2
vector	mean	np.mean(x)	30000	3	0.000007720	152	3.14.2
vector	mean	np.mean(x)	30000	4	0.000007728	152	3.14.2
vector	mean	np.mean(x)	30000	5	0.000007719	152	3.14.2
vector	mean	np.mean(x)	30000	6	0.000007728	152	3.14.2
vector	median	np.median(x)	30000	0	0.000302082	243272	3.14.2
vector	median	np.median(x)	30000	1	0.000301743	243272	3.14.2
vector	median	np.median(x)	30000	2	0.000302387	243272	3.14.2
vector	median	np.median(x)	30000	3	0.000298587	243272	3.14.2
vector	median	np.median(x)	30000	4	0.000299850	243272	3.14.2
vector	median	np.median(x)	30000	5	0.000302219	243272	3.14.2
vector	median	np.median(x)	30000	6	0.000300626	243272	3.14.2
vector	sd	np.std(x, ddof=1)	30000	0	0.000028194	241280	3.14.2
vector	sd	np.std(x, ddof=1)	30000	1	0.000027133	241280	3.14.2
vector	sd	np.std(x, ddof=1)	30000	2	0.000027053	241280	3.14.2
vector	sd	np.std(x, ddof=1)	30000	3	0.000027107	241280	3.14.2
vector	sd	np.std(x, ddof=1)	30000	4	0.000027159	241280	3.14.2
vector	sd	np.std(x, ddof=1)	30000	5	0.000026936	241280	3.14.2
vector	sd	np.std(x, ddof=1)	30000	6	0.000026913	241280	3.14.2
vector	var	np.var(x, ddof=1)	30000	0	0.000026771	241280	3.14.2
vector	var	np.var(x, ddof=1)	30000	1	0.000026538	241280	3.14.2
vector	var	np.var(x, ddof=1)	30000	2	0.000026570	241280	3.14.2
vector	var	np.var(x, ddof=1)	30000	3	0.000026775	241280	3.14.2
vector	var	np.var(x, ddof=1)	30000	4	0.000026528	241280	3.14.2
vector	var	np.var(x, ddof=1)	30000	5	0.000026602	241280	3.14.2
vector	var	np.var(x, ddof=1)	30000	6	0.000026559	241280	3.14.2
vector	quantile	np.quantile(x, [.25,.5,.75])	30000	0	0.000486012	244384	3.14.2
vector	quantile	np.quantile(x, [.25,.5,.75])	30000	1	0.000473813	244384	3.14.2
vector	quantile	np.quantile(x, [.25,.5,.75])	30000	2	0.000474647	244384	3.14.2
vector	quantile	np.quantile(x, [.25,.5,.75])	30000	3	0.000485114	244384	3.14.2
vector	quantile	np.quantile(x, [.25,.5,.75])	30000	4	0.000474528	244384	3.14.2
vector	quantile	np.quantile(x, [.25,.5,.75])	30000	5	0.000477910	244384	3.14.2
vector	quantile	np.quantile(x, [.25,.5,.75])	30000	6	0.000471440	244384	3.14.2
vector	cor	np.corrcoef(x, y)[0, 1]	30000	0	0.000122580	720496	3.14.2
vector	cor	np.corrcoef(x, y)[0, 1]	30000	1	0.000119783	720496	3.14.2
vector	cor	np.corrcoef(x, y)[0, 1]	30000	2	0.000118944	720496	3.14.2
vector	cor	np.corrcoef(x, y)[0, 1]	30000	3	0.000121759	720496	3.14.2
vector	cor	np.corrcoef(x, y)[0, 1]	30000	4	0.000124040	720496	3.14.2
vector	cor	np.corrcoef(x, y)[0, 1]	30000	5	0.000119706	720496	3.14.2
vector	cor	np.corrcoef(x, y)[0, 1]	30000	6	0.000121948	720496	3.14.2
vector	cov	np.cov(x, y)[0, 1]	30000	0	0.000113615	720496	3.14.2
vector	cov	np.cov(x, y)[0, 1]	30000	1	0.000114154	720496	3.14.2
vector	cov	np.cov(x, y)[0, 1]	30000	2	0.000110757	720496	3.14.2
vector	cov	np.cov(x, y)[0, 1]	30000	3	0.000112007	720496	3.14.2
vector	cov	np.cov(x, y)[0, 1]	30000	4	0.000112628	720496	3.14.2
vector	cov	np.cov(x, y)[0, 1]	30000	5	0.000115202	720496	3.14.2
vector	cov	np.cov(x, y)[0, 1]	30000	6	0.000110941	720496	3.14.2
vector	skew	scipy.stats.skew(x)	30000	0	0.000795304	484201	3.14.2
vector	skew	scipy.stats.skew(x)	30000	1	0.000758079	484201	3.14.2
vector	skew	scipy.stats.skew(x)	30000	2	0.000746581	484201	3.14.2
vector	skew	scipy.stats.skew(x)	30000	3	0.000725198	484201	3.14.2
vector	skew	scipy.stats.skew(x)	30000	4	0.000754692	484201	3.14.2
vector	skew	scipy.stats.skew(x)	30000	5	0.000739288	484201	3.14.2
vector	skew	scipy.stats.skew(x)	30000	6	0.000738141	484201	3.14.2
vector	kurtosis	scipy.stats.kurtosis(x)	30000	0	0.000772690	484171	3.14.2
vector	kurtosis	scipy.stats.kurtosis(x)	30000	1	0.000747778	484171	3.14.2
vector	kurtosis	scipy.stats.kurtosis(x)	30000	2	0.000749835	484171	3.14.2
vector	kurtosis	scipy.stats.kurtosis(x)	30000	3	0.000750948	484171	3.14.2
vector	kurtosis	scipy.stats.kurtosis(x)	30000	4	0.000742609	484171	3.14.2
vector	kurtosis	scipy.stats.kurtosis(x)	30000	5	0.000742426	484171	3.14.2
vector	kurtosis	scipy.stats.kurtosis(x)	30000	6	0.000750771	484171	3.14.2
vector	sum	np.sum(x)	100000	0	0.000019644	128	3.14.2
vector	sum	np.sum(x)	100000	1	0.000019643	128	3.14.2
vector	sum	np.sum(x)	100000	2	0.000019689	128	3.14.2
vector	sum	np.sum(x)	100000	3	0.000019639	128	3.14.2
vector	sum	np.sum(x)	100000	4	0.000020050	128	3.14.2
vector	sum	np.sum(x)	100000	5	0.000019701	128	3.14.2
vector	sum	np.sum(x)	100000	6	0.000019670	128	3.14.2
vector	min	np.min(x)	100000	0	0.000016335	128	3.14.2
vector	min	np.min(x)	100000	1	0.000016017	128	3.14.2
vector	min	np.min(x)	100000	2	0.000016038	128	3.14.2
vector	min	np.min(x)	100000	3	0.000016223	128	3.14.2
vector	min	np.min(x)	100000	4	0.000016301	128	3.14.2
vector	min	np.min(x)	100000	5	0.000016052	128	3.14.2
vector	min	np.min(x)	100000	6	0.000016049	128	3.14.2
vector	max	np.max(x)	100000	0	0.000016222	128	3.14.2
vector	max	np.max(x)	100000	1	0.000016078	128	3.14.2
vector	max	np.max(x)	100000	2	0.000016170	128	3.14.2
vector	max	np.max(x)	100000	3	0.000016071	128	3.14.2
vector	max	np.max(x)	100000	4	0.000016086	128	3.14.2
vector	max	np.max(x)	100000	5	0.000016142	128	3.14.2
vector	max	np.max(x)	100000	6	0.000016154	128	3.14.2
vector	mean	np.mean(x)	100000	0	0.000020629	152	3.14.2
vector	mean	np.mean(x)	100000	1	0.000020799	152	3.14.2
vector	mean	np.mean(x)	100000	2	0.000021028	152	3.14.2
vector	mean	np.mean(x)	100000	3	0.000020800	152	3.14.2
vector	mean	np.mean(x)	100000	4	0.000020873	152	3.14.2
vector	mean	np.mean(x)	100000	5	0.000020783	152	3.14.2
vector	mean	np.mean(x)	100000	6	0.000020665	152	3.14.2
vector	median	np.median(x)	100000	0	0.000990454	803272	3.14.2
vector	median	np.median(x)	100000	1	0.000973092	803272	3.14.2
vector	median	np.median(x)	100000	2	0.000963721	803272	3.14.2
vector	median	np.median(x)	100000	3	0.000976693	803272	3.14.2
vector	median	np.median(x)	100000	4	0.000969061	803272	3.14.2
vector	median	np.median(x)	100000	5	0.000967583	803272	3.14.2
vector	median	np.median(x)	100000	6	0.000960358	803272	3.14.2
vector	sd	np.std(x, ddof=1)	100000	0	0.000091059	801280	3.14.2
vector	sd	np.std(x, ddof=1)	100000	1	0.000090947	801280	3.14.2
vector	sd	np.std(x, ddof=1)	100000	2	0.000090744	801280	3.14.2
vector	sd	np.std(x, ddof=1)	100000	3	0.000090927	801280	3.14.2
vector	sd	np.std(x, ddof=1)	100000	4	0.000090698	801280	3.14.2
vector	sd	np.std(x, ddof=1)	100000	5	0.000091363	801280	3.14.2
vector	sd	np.std(x, ddof=1)	100000	6	0.000093260	801280	3.14.2
vector	var	np.var(x, ddof=1)	100000	0	0.000090425	801280	3.14.2
vector	var	np.var(x, ddof=1)	100000	1	0.000089944	801280	3.14.2
vector	var	np.var(x, ddof=1)	100000	2	0.000090112	801280	3.14.2
vector	var	np.var(x, ddof=1)	100000	3	0.000090074	801280	3.14.2
vector	var	np.var(x, ddof=1)	100000	4	0.000089993	801280	3.14.2
vector	var	np.var(x, ddof=1)	100000	5	0.000090067	801280	3.14.2
vector	var	np.var(x, ddof=1)	100000	6	0.000090790	801280	3.14.2
vector	quantile	np.quantile(x, [.25,.5,.75])	100000	0	0.001423468	804384	3.14.2
vector	quantile	np.quantile(x, [.25,.5,.75])	100000	1	0.001368991	804384	3.14.2
vector	quantile	np.quantile(x, [.25,.5,.75])	100000	2	0.001339167	804384	3.14.2
vector	quantile	np.quantile(x, [.25,.5,.75])	100000	3	0.001362383	804384	3.14.2
vector	quantile	np.quantile(x, [.25,.5,.75])	100000	4	0.001360563	804384	3.14.2
vector	quantile	np.quantile(x, [.25,.5,.75])	100000	5	0.001387990	804384	3.14.2
vector	quantile	np.quantile(x, [.25,.5,.75])	100000	6	0.001370345	804384	3.14.2
vector	cor	np.corrcoef(x, y)[0, 1]	100000	0	0.000401527	2400496	3.14.2
vector	cor	np.corrcoef(x, y)[0, 1]	100000	1	0.000387258	2400496	3.14.2
vector	cor	np.corrcoef(x, y)[0, 1]	100000	2	0.000393593	2400496	3.14.2
vector	cor	np.corrcoef(x, y)[0, 1]	100000	3	0.000387374	2400496	3.14.2
vector	cor	np.corrcoef(x, y)[0, 1]	100000	4	0.000389373	2400496	3.14.2
vector	cor	np.corrcoef(x, y)[0, 1]	100000	5	0.000386375	2400496	3.14.2
vector	cor	np.corrcoef(x, y)[0, 1]	100000	6	0.000385447	2400496	3.14.2
vector	cov	np.cov(x, y)[0, 1]	100000	0	0.000407088	2400496	3.14.2
vector	cov	np.cov(x, y)[0, 1]	100000	1	0.000379677	2400496	3.14.2
vector	cov	np.cov(x, y)[0, 1]	100000	2	0.000377327	2400496	3.14.2
vector	cov	np.cov(x, y)[0, 1]	100000	3	0.000378366	2400496	3.14.2
vector	cov	np.cov(x, y)[0, 1]	100000	4	0.000377777	2400496	3.14.2
vector	cov	np.cov(x, y)[0, 1]	100000	5	0.000377708	2400496	3.14.2
vector	cov	np.cov(x, y)[0, 1]	100000	6	0.000377124	2400496	3.14.2
vector	skew	scipy.stats.skew(x)	100000	0	0.001904727	1604109	3.14.2
vector	skew	scipy.stats.skew(x)	100000	1	0.001850883	1604109	3.14.2
vector	skew	scipy.stats.skew(x)	100000	2	0.001844207	1604109	3.14.2
vector	skew	scipy.stats.skew(x)	100000	3	0.001930803	1604109	3.14.2
vector	skew	scipy.stats.skew(x)	100000	4	0.001848372	1604109	3.14.2
vector	skew	scipy.stats.skew(x)	100000	5	0.001826708	1604109	3.14.2
vector	skew	scipy.stats.skew(x)	100000	6	0.001834050	1604109	3.14.2
vector	kurtosis	scipy.stats.kurtosis(x)	100000	0	0.001882655	1604263	3.14.2
vector	kurtosis	scipy.stats.kurtosis(x)	100000	1	0.001872247	1604263	3.14.2
vector	kurtosis	scipy.stats.kurtosis(x)	100000	2	0.001842489	1604263	3.14.2
vector	kurtosis	scipy.stats.kurtosis(x)	100000	3	0.001886266	1604263	3.14.2
vector	kurtosis	scipy.stats.kurtosis(x)	100000	4	0.001872569	1604263	3.14.2
vector	kurtosis	scipy.stats.kurtosis(x)	100000	5	0.001855037	1604263	3.14.2
vector	kurtosis	scipy.stats.kurtosis(x)	100000	6	0.001829541	1604263	3.14.2
vector	sum	np.sum(x)	300000	0	0.000065478	128	3.14.2
vector	sum	np.sum(x)	300000	1	0.000065585	128	3.14.2
vector	sum	np.sum(x)	300000	2	0.000065318	128	3.14.2
vector	sum	np.sum(x)	300000	3	0.000065594	128	3.14.2
vector	sum	np.sum(x)	300000	4	0.000065363	128	3.14.2
vector	sum	np.sum(x)	300000	5	0.000065323	128	3.14.2
vector	sum	np.sum(x)	300000	6	0.000067263	128	3.14.2
vector	min	np.min(x)	300000	0	0.000055786	128	3.14.2
vector	min	np.min(x)	300000	1	0.000051761	128	3.14.2
vector	min	np.min(x)	300000	2	0.000050041	128	3.14.2
vector	min	np.min(x)	300000	3	0.000050023	128	3.14.2
vector	min	np.min(x)	300000	4	0.000050055	128	3.14.2
vector	min	np.min(x)	300000	5	0.000050152	128	3.14.2
vector	min	np.min(x)	300000	6	0.000050454	128	3.14.2
vector	max	np.max(x)	300000	0	0.000056057	128	3.14.2
vector	max	np.max(x)	300000	1	0.000054092	128	3.14.2
vector	max	np.max(x)	300000	2	0.000050344	128	3.14.2
vector	max	np.max(x)	300000	3	0.000050091	128	3.14.2
vector	max	np.max(x)	300000	4	0.000050199	128	3.14.2
vector	max	np.max(x)	300000	5	0.000050038	128	3.14.2
vector	max	np.max(x)	300000	6	0.000050188	128	3.14.2
vector	mean	np.mean(x)	300000	0	0.000067106	152	3.14.2
vector	mean	np.mean(x)	300000	1	0.000068619	152	3.14.2
vector	mean	np.mean(x)	300000	2	0.000071394	152	3.14.2
vector	mean	np.mean(x)	300000	3	0.000067127	152	3.14.2
vector	mean	np.mean(x)	300000	4	0.000067296	152	3.14.2
vector	mean	np.mean(x)	300000	5	0.000067082	152	3.14.2
vector	mean	np.mean(x)	300000	6	0.000066991	152	3.14.2
vector	median	np.median(x)	300000	0	0.002891796	2403272	3.14.2
vector	median	np.median(x)	300000	1	0.002849657	2403272	3.14.2
vector	median	np.median(x)	300000	2	0.002818511	2403272	3.14.2
vector	median	np.median(x)	300000	3	0.002805771	2403272	3.14.2
vector	median	np.median(x)	300000	4	0.002833872	2403272	3.14.2
vector	median	np.median(x)	300000	5	0.002849924	2403272	3.14.2
vector	median	np.median(x)	300000	6	0.002851541	2403272	3.14.2
vector	sd	np.std(x, ddof=1)	300000	0	0.000296323	2401280	3.14.2
vector	sd	np.std(x, ddof=1)	300000	1	0.000295428	2401280	3.14.2
vector	sd	np.std(x, ddof=1)	300000	2	0.000295370	2401280	3.14.2
vector	sd	np.std(x, ddof=1)	300000	3	0.000294843	2401280	3.14.2
vector	sd	np.std(x, ddof=1)	300000	4	0.000318917	2401280	3.14.2
vector	sd	np.std(x, ddof=1)	300000	5	0.000314659	2401280	3.14.2
vector	sd	np.std(x, ddof=1)	300000	6	0.000295254	2401280	3.14.2
vector	var	np.var(x, ddof=1)	300000	0	0.000295252	2401280	3.14.2
vector	var	np.var(x, ddof=1)	300000	1	0.000294794	2401280	3.14.2
vector	var	np.var(x, ddof=1)	300000	2	0.000295967	2401280	3.14.2
vector	var	np.var(x, ddof=1)	300000	3	0.000294245	2401280	3.14.2
vector	var	np.var(x, ddof=1)	300000	4	0.000295286	2401280	3.14.2
vector	var	np.var(x, ddof=1)	300000	5	0.000334106	2401280	3.14.2
vector	var	np.var(x, ddof=1)	300000	6	0.000327902	2401280	3.14.2
vector	quantile	np.quantile(x, [.25,.5,.75])	300000	0	0.004233360	2404384	3.14.2
vector	quantile	np.quantile(x, [.25,.5,.75])	300000	1	0.004194288	2404384	3.14.2
vector	quantile	np.quantile(x, [.25,.5,.75])	300000	2	0.004186880	2404384	3.14.2
vector	quantile	np.quantile(x, [.25,.5,.75])	300000	3	0.004169358	2404384	3.14.2
vector	quantile	np.quantile(x, [.25,.5,.75])	300000	4	0.004263327	2404384	3.14.2
vector	quantile	np.quantile(x, [.25,.5,.75])	300000	5	0.004155220	2404384	3.14.2
vector	quantile	np.quantile(x, [.25,.5,.75])	300000	6	0.004141296	2404384	3.14.2
vector	cor	np.corrcoef(x, y)[0, 1]	300000	0	0.001154000	7200496	3.14.2
vector	cor	np.corrcoef(x, y)[0, 1]	300000	1	0.001131475	7200496	3.14.2
vector	cor	np.corrcoef(x, y)[0, 1]	300000	2	0.001137815	7200496	3.14.2
vector	cor	np.corrcoef(x, y)[0, 1]	300000	3	0.001122239	7200496	3.14.2
vector	cor	np.corrcoef(x, y)[0, 1]	300000	4	0.001119509	7200496	3.14.2
vector	cor	np.corrcoef(x, y)[0, 1]	300000	5	0.001120132	7200496	3.14.2
vector	cor	np.corrcoef(x, y)[0, 1]	300000	6	0.001121097	7200496	3.14.2
vector	cov	np.cov(x, y)[0, 1]	300000	0	0.001115522	7200496	3.14.2
vector	cov	np.cov(x, y)[0, 1]	300000	1	0.001216195	7200496	3.14.2
vector	cov	np.cov(x, y)[0, 1]	300000	2	0.001203906	7200496	3.14.2
vector	cov	np.cov(x, y)[0, 1]	300000	3	0.001179282	7200496	3.14.2
vector	cov	np.cov(x, y)[0, 1]	300000	4	0.001120353	7200496	3.14.2
vector	cov	np.cov(x, y)[0, 1]	300000	5	0.001110418	7200496	3.14.2
vector	cov	np.cov(x, y)[0, 1]	300000	6	0.001112164	7200496	3.14.2
vector	skew	scipy.stats.skew(x)	300000	0	0.005028487	4804201	3.14.2
vector	skew	scipy.stats.skew(x)	300000	1	0.005025682	4804201	3.14.2
vector	skew	scipy.stats.skew(x)	300000	2	0.004999165	4804201	3.14.2
vector	skew	scipy.stats.skew(x)	300000	3	0.004972012	4804201	3.14.2
vector	skew	scipy.stats.skew(x)	300000	4	0.004993911	4804201	3.14.2
vector	skew	scipy.stats.skew(x)	300000	5	0.005017471	4804201	3.14.2
vector	skew	scipy.stats.skew(x)	300000	6	0.004959467	4804201	3.14.2
vector	kurtosis	scipy.stats.kurtosis(x)	300000	0	0.005043498	4804263	3.14.2
vector	kurtosis	scipy.stats.kurtosis(x)	300000	1	0.005015536	4804263	3.14.2
vector	kurtosis	scipy.stats.kurtosis(x)	300000	2	0.004980489	4804263	3.14.2
vector	kurtosis	scipy.stats.kurtosis(x)	300000	3	0.004976526	4804263	3.14.2
vector	kurtosis	scipy.stats.kurtosis(x)	300000	4	0.005015179	4804263	3.14.2
vector	kurtosis	scipy.stats.kurtosis(x)	300000	5	0.004975030	4804263	3.14.2
vector	kurtosis	scipy.stats.kurtosis(x)	300000	6	0.004993562	4804263	3.14.2
vector	sum	np.sum(x)	1000000	0	0.000205631	128	3.14.2
vector	sum	np.sum(x)	1000000	1	0.000205399	128	3.14.2
vector	sum	np.sum(x)	1000000	2	0.000204036	128	3.14.2
vector	sum	np.sum(x)	1000000	3	0.000203199	128	3.14.2
vector	sum	np.sum(x)	1000000	4	0.000203758	128	3.14.2
vector	sum	np.sum(x)	1000000	5	0.000202245	128	3.14.2
vector	sum	np.sum(x)	1000000	6	0.000201828	128	3.14.2
vector	min	np.min(x)	1000000	0	0.000171535	128	3.14.2
vector	min	np.min(x)	1000000	1	0.000169902	128	3.14.2
vector	min	np.min(x)	1000000	2	0.000163594	128	3.14.2
vector	min	np.min(x)	1000000	3	0.000158735	128	3.14.2
vector	min	np.min(x)	1000000	4	0.000159154	128	3.14.2
vector	min	np.min(x)	1000000	5	0.000158317	128	3.14.2
vector	min	np.min(x)	1000000	6	0.000158714	128	3.14.2
vector	max	np.max(x)	1000000	0	0.000158678	128	3.14.2
vector	max	np.max(x)	1000000	1	0.000164123	128	3.14.2
vector	max	np.max(x)	1000000	2	0.000172963	128	3.14.2
vector	max	np.max(x)	1000000	3	0.000167523	128	3.14.2
vector	max	np.max(x)	1000000	4	0.000159069	128	3.14.2
vector	max	np.max(x)	1000000	5	0.000159029	128	3.14.2
vector	max	np.max(x)	1000000	6	0.000158723	128	3.14.2
vector	mean	np.mean(x)	1000000	0	0.000205686	152	3.14.2
vector	mean	np.mean(x)	1000000	1	0.000204361	152	3.14.2
vector	mean	np.mean(x)	1000000	2	0.000218556	152	3.14.2
vector	mean	np.mean(x)	1000000	3	0.000205407	152	3.14.2
vector	mean	np.mean(x)	1000000	4	0.000203810	152	3.14.2
vector	mean	np.mean(x)	1000000	5	0.000204208	152	3.14.2
vector	mean	np.mean(x)	1000000	6	0.000203418	152	3.14.2
vector	median	np.median(x)	1000000	0	0.009469283	8003272	3.14.2
vector	median	np.median(x)	1000000	1	0.009430850	8003272	3.14.2
vector	median	np.median(x)	1000000	2	0.009432160	8003272	3.14.2
vector	median	np.median(x)	1000000	3	0.009498471	8003272	3.14.2
vector	median	np.median(x)	1000000	4	0.009465203	8003272	3.14.2
vector	median	np.median(x)	1000000	5	0.009485777	8003272	3.14.2
vector	median	np.median(x)	1000000	6	0.009344542	8003272	3.14.2
vector	sd	np.std(x, ddof=1)	1000000	0	0.001058443	8001280	3.14.2
vector	sd	np.std(x, ddof=1)	1000000	1	0.000974982	8001280	3.14.2
vector	sd	np.std(x, ddof=1)	1000000	2	0.000974979	8001280	3.14.2
vector	sd	np.std(x, ddof=1)	1000000	3	0.000968515	8001280	3.14.2
vector	sd	np.std(x, ddof=1)	1000000	4	0.000965545	8001280	3.14.2
vector	sd	np.std(x, ddof=1)	1000000	5	0.000979899	8001280	3.14.2
vector	sd	np.std(x, ddof=1)	1000000	6	0.001004281	8001280	3.14.2
vector	var	np.var(x, ddof=1)	1000000	0	0.000976439	8001280	3.14.2
vector	var	np.var(x, ddof=1)	1000000	1	0.000969666	8001280	3.14.2
vector	var	np.var(x, ddof=1)	1000000	2	0.000976675	8001280	3.14.2
vector	var	np.var(x, ddof=1)	1000000	3	0.000975919	8001280	3.14.2
vector	var	np.var(x, ddof=1)	1000000	4	0.001010979	8001280	3.14.2
vector	var	np.var(x, ddof=1)	1000000	5	0.001216999	8001280	3.14.2
vector	var	np.var(x, ddof=1)	1000000	6	0.000976131	8001280	3.14.2
vector	quantile	np.quantile(x, [.25,.5,.75])	1000000	0	0.015166630	8004384	3.14.2
vector	quantile	np.quantile(x, [.25,.5,.75])	1000000	1	0.015102565	8004384	3.14.2
vector	quantile	np.quantile(x, [.25,.5,.75])	1000000	2	0.015375280	8004384	3.14.2
vector	quantile	np.quantile(x, [.25,.5,.75])	1000000	3	0.015222143	8004384	3.14.2
vector	quantile	np.quantile(x, [.25,.5,.75])	1000000	4	0.015253458	8004384	3.14.2
vector	quantile	np.quantile(x, [.25,.5,.75])	1000000	5	0.015328202	8004384	3.14.2
vector	quantile	np.quantile(x, [.25,.5,.75])	1000000	6	0.015117699	8004384	3.14.2
vector	cor	np.corrcoef(x, y)[0, 1]	1000000	0	0.005075054	24000496	3.14.2
vector	cor	np.corrcoef(x, y)[0, 1]	1000000	1	0.005034382	24000496	3.14.2
vector	cor	np.corrcoef(x, y)[0, 1]	1000000	2	0.005056289	24000496	3.14.2
vector	cor	np.corrcoef(x, y)[0, 1]	1000000	3	0.005072704	24000496	3.14.2
vector	cor	np.corrcoef(x, y)[0, 1]	1000000	4	0.005215922	24000496	3.14.2
vector	cor	np.corrcoef(x, y)[0, 1]	1000000	5	0.005078705	24000496	3.14.2
vector	cor	np.corrcoef(x, y)[0, 1]	1000000	6	0.005073199	24000496	3.14.2
vector	cov	np.cov(x, y)[0, 1]	1000000	0	0.005214044	24000496	3.14.2
vector	cov	np.cov(x, y)[0, 1]	1000000	1	0.005048279	24000496	3.14.2
vector	cov	np.cov(x, y)[0, 1]	1000000	2	0.005155041	24000496	3.14.2
vector	cov	np.cov(x, y)[0, 1]	1000000	3	0.005063555	24000496	3.14.2
vector	cov	np.cov(x, y)[0, 1]	1000000	4	0.005102122	24000496	3.14.2
vector	cov	np.cov(x, y)[0, 1]	1000000	5	0.005458383	24000496	3.14.2
vector	cov	np.cov(x, y)[0, 1]	1000000	6	0.005163274	24000496	3.14.2
vector	skew	scipy.stats.skew(x)	1000000	0	0.016930511	16004201	3.14.2
vector	skew	scipy.stats.skew(x)	1000000	1	0.016672900	16004201	3.14.2
vector	skew	scipy.stats.skew(x)	1000000	2	0.016641645	16004201	3.14.2
vector	skew	scipy.stats.skew(x)	1000000	3	0.016994918	16004201	3.14.2
vector	skew	scipy.stats.skew(x)	1000000	4	0.016815340	16004201	3.14.2
vector	skew	scipy.stats.skew(x)	1000000	5	0.016508541	16004201	3.14.2
vector	skew	scipy.stats.skew(x)	1000000	6	0.016721193	16004201	3.14.2
vector	kurtosis	scipy.stats.kurtosis(x)	1000000	0	0.016644960	16004263	3.14.2
vector	kurtosis	scipy.stats.kurtosis(x)	1000000	1	0.016526958	16004263	3.14.2
vector	kurtosis	scipy.stats.kurtosis(x)	1000000	2	0.016812824	16004263	3.14.2
vector	kurtosis	scipy.stats.kurtosis(x)	1000000	3	0.016560557	16004263	3.14.2
vector	kurtosis	scipy.stats.kurtosis(x)	1000000	4	0.016473488	16004263	3.14.2
vector	kurtosis	scipy.stats.kurtosis(x)	1000000	5	0.016552690	16004263	3.14.2
vector	kurtosis	scipy.stats.kurtosis(x)	1000000	6	0.016725248	16004263	3.14.2
transform	rank	scipy.stats.rankdata(x)	1000	0	0.000085497	66684	3.14.2
transform	rank	scipy.stats.rankdata(x)	1000	1	0.000079798	66684	3.14.2
transform	rank	scipy.stats.rankdata(x)	1000	2	0.000073377	66684	3.14.2
transform	rank	scipy.stats.rankdata(x)	1000	3	0.000074009	66684	3.14.2
transform	rank	scipy.stats.rankdata(x)	1000	4	0.000073277	66684	3.14.2
transform	rank	scipy.stats.rankdata(x)	1000	5	0.000073610	66684	3.14.2
transform	rank	scipy.stats.rankdata(x)	1000	6	0.000069556	66684	3.14.2
transform	uniq	pd.unique(x)	1000	0	0.000021472	58560	3.14.2
transform	uniq	pd.unique(x)	1000	1	0.000020913	58560	3.14.2
transform	uniq	pd.unique(x)	1000	2	0.000020931	58560	3.14.2
transform	uniq	pd.unique(x)	1000	3	0.000020760	58560	3.14.2
transform	uniq	pd.unique(x)	1000	4	0.000020815	58560	3.14.2
transform	uniq	pd.unique(x)	1000	5	0.000020941	58560	3.14.2
transform	uniq	pd.unique(x)	1000	6	0.000020856	58560	3.14.2
transform	scale	scipy.stats.zscore(x, ddof=1)	1000	0	0.000156589	18500	3.14.2
transform	scale	scipy.stats.zscore(x, ddof=1)	1000	1	0.000148016	18500	3.14.2
transform	scale	scipy.stats.zscore(x, ddof=1)	1000	2	0.000142225	18500	3.14.2
transform	scale	scipy.stats.zscore(x, ddof=1)	1000	3	0.000143860	18500	3.14.2
transform	scale	scipy.stats.zscore(x, ddof=1)	1000	4	0.000142767	18500	3.14.2
transform	scale	scipy.stats.zscore(x, ddof=1)	1000	5	0.000142906	18500	3.14.2
transform	scale	scipy.stats.zscore(x, ddof=1)	1000	6	0.000143828	18500	3.14.2
transform	sample	rng.choice(x, n // 10, replace=False)	1000	0	0.000017000	4232	3.14.2
transform	sample	rng.choice(x, n // 10, replace=False)	1000	1	0.000016712	4232	3.14.2
transform	sample	rng.choice(x, n // 10, replace=False)	1000	2	0.000016803	4232	3.14.2
transform	sample	rng.choice(x, n // 10, replace=False)	1000	3	0.000016714	4232	3.14.2
transform	sample	rng.choice(x, n // 10, replace=False)	1000	4	0.000016643	4232	3.14.2
transform	sample	rng.choice(x, n // 10, replace=False)	1000	5	0.000016698	4232	3.14.2
transform	sample	rng.choice(x, n // 10, replace=False)	1000	6	0.000016946	4232	3.14.2
transform	seq	np.arange(1, n + 1)	1000	0	0.000000843	8128	3.14.2
transform	seq	np.arange(1, n + 1)	1000	1	0.000000829	8128	3.14.2
transform	seq	np.arange(1, n + 1)	1000	2	0.000000826	8128	3.14.2
transform	seq	np.arange(1, n + 1)	1000	3	0.000000825	8128	3.14.2
transform	seq	np.arange(1, n + 1)	1000	4	0.000000824	8128	3.14.2
transform	seq	np.arange(1, n + 1)	1000	5	0.000000817	8128	3.14.2
transform	seq	np.arange(1, n + 1)	1000	6	0.000000826	8128	3.14.2
transform	auc	sklearn.metrics.roc_auc_score(label, y)	1000	0	0.001007851	101620	3.14.2
transform	auc	sklearn.metrics.roc_auc_score(label, y)	1000	1	0.000980748	101620	3.14.2
transform	auc	sklearn.metrics.roc_auc_score(label, y)	1000	2	0.000987817	101620	3.14.2
transform	auc	sklearn.metrics.roc_auc_score(label, y)	1000	3	0.000995848	101620	3.14.2
transform	auc	sklearn.metrics.roc_auc_score(label, y)	1000	4	0.001016215	101620	3.14.2
transform	auc	sklearn.metrics.roc_auc_score(label, y)	1000	5	0.000996897	101620	3.14.2
transform	auc	sklearn.metrics.roc_auc_score(label, y)	1000	6	0.000982157	101620	3.14.2
transform	rank	scipy.stats.rankdata(x)	3000	0	0.000220814	196638	3.14.2
transform	rank	scipy.stats.rankdata(x)	3000	1	0.000219387	196638	3.14.2
transform	rank	scipy.stats.rankdata(x)	3000	2	0.000208676	196638	3.14.2
transform	rank	scipy.stats.rankdata(x)	3000	3	0.000215976	196638	3.14.2
transform	rank	scipy.stats.rankdata(x)	3000	4	0.000212167	196638	3.14.2
transform	rank	scipy.stats.rankdata(x)	3000	5	0.000210746	196638	3.14.2
transform	rank	scipy.stats.rankdata(x)	3000	6	0.000211046	196638	3.14.2
transform	uniq	pd.unique(x)	3000	0	0.000060109	156786	3.14.2
transform	uniq	pd.unique(x)	3000	1	0.000059073	156786	3.14.2
transform	uniq	pd.unique(x)	3000	2	0.000059155	156786	3.14.2
transform	uniq	pd.unique(x)	3000	3	0.000059145	156786	3.14.2
transform	uniq	pd.unique(x)	3000	4	0.000058639	156786	3.14.2
transform	uniq	pd.unique(x)	3000	5	0.000059058	156786	3.14.2
transform	uniq	pd.unique(x)	3000	6	0.000060089	156786	3.14.2
transform	scale	scipy.stats.zscore(x, ddof=1)	3000	0	0.000160981	50476	3.14.2
transform	scale	scipy.stats.zscore(x, ddof=1)	3000	1	0.000151290	50476	3.14.2
transform	scale	scipy.stats.zscore(x, ddof=1)	3000	2	0.000147137	50476	3.14.2
transform	scale	scipy.stats.zscore(x, ddof=1)	3000	3	0.000148832	50476	3.14.2
transform	scale	scipy.stats.zscore(x, ddof=1)	3000	4	0.000147970	50476	3.14.2
transform	scale	scipy.stats.zscore(x, ddof=1)	3000	5	0.000149538	50476	3.14.2
transform	scale	scipy.stats.zscore(x, ddof=1)	3000	6	0.000148586	50476	3.14.2
transform	sample	rng.choice(x, n // 10, replace=False)	3000	0	0.000019571	10504	3.14.2
transform	sample	rng.choice(x, n // 10, replace=False)	3000	1	0.000019616	10504	3.14.2
transform	sample	rng.choice(x, n // 10, replace=False)	3000	2	0.000019337	10504	3.14.2
transform	sample	rng.choice(x, n // 10, replace=False)	3000	3	0.000019325	10504	3.14.2
transform	sample	rng.choice(x, n // 10, replace=False)	3000	4	0.000019261	10504	3.14.2
transform	sample	rng.choice(x, n // 10, replace=False)	3000	5	0.000019377	10504	3.14.2
transform	sample	rng.choice(x, n // 10, replace=False)	3000	6	0.000019401	10504	3.14.2
transform	seq	np.arange(1, n + 1)	3000	0	0.000001362	24096	3.14.2
transform	seq	np.arange(1, n + 1)	3000	1	0.000001351	24096	3.14.2
transform	seq	np.arange(1, n + 1)	3000	2	0.000001352	24096	3.14.2
transform	seq	np.arange(1, n + 1)	3000	3	0.000001356	24096	3.14.2
transform	seq	np.arange(1, n + 1)	3000	4	0.000001359	24096	3.14.2
transform	seq	np.arange(1, n + 1)	3000	5	0.000001354	24096	3.14.2
transform	seq	np.arange(1, n + 1)	3000	6	0.000001356	24096	3.14.2
transform	auc	sklearn.metrics.roc_auc_score(label, y)	3000	0	0.001400765	293712	3.14.2
transform	auc	sklearn.metrics.roc_auc_score(label, y)	3000	1	0.001355197	293712	3.14.2
transform	auc	sklearn.metrics.roc_auc_score(label, y)	3000	2	0.001367480	293712	3.14.2
transform	auc	sklearn.metrics.roc_auc_score(label, y)	3000	3	0.001400080	293712	3.14.2
transform	auc	sklearn.metrics.roc_auc_score(label, y)	3000	4	0.001403174	293712	3.14.2
transform	auc	sklearn.metrics.roc_auc_score(label, y)	3000	5	0.001374220	293712	3.14.2
transform	auc	sklearn.metrics.roc_auc_score(label, y)	3000	6	0.001367784	293712	3.14.2
transform	rank	scipy.stats.rankdata(x)	10000	0	0.000738256	651638	3.14.2
transform	rank	scipy.stats.rankdata(x)	10000	1	0.000732833	651638	3.14.2
transform	rank	scipy.stats.rankdata(x)	10000	2	0.000731485	651638	3.14.2
transform	rank	scipy.stats.rankdata(x)	10000	3	0.000731341	651638	3.14.2
transform	rank	scipy.stats.rankdata(x)	10000	4	0.000740464	651638	3.14.2
transform	rank	scipy.stats.rankdata(x)	10000	5	0.000726905	651638	3.14.2
transform	rank	scipy.stats.rankdata(x)	10000	6	0.000746532	651638	3.14.2
transform	uniq	pd.unique(x)	10000	0	0.000186480	607538	3.14.2
transform	uniq	pd.unique(x)	10000	1	0.000185869	607538	3.14.2
transform	uniq	pd.unique(x)	10000	2	0.000191508	607538	3.14.2
transform	uniq	pd.unique(x)	10000	3	0.000185614	607538	3.14.2
transform	uniq	pd.unique(x)	10000	4	0.000184207	607538	3.14.2
transform	uniq	pd.unique(x)	10000	5	0.000182919	607538	3.14.2
transform	uniq	pd.unique(x)	10000	6	0.000183221	607538	3.14.2
transform	scale	scipy.stats.zscore(x, ddof=1)	10000	0	0.000182536	162476	3.14.2
transform	scale	scipy.stats.zscore(x, ddof=1)	10000	1	0.000171955	162476	3.14.2
transform	scale	scipy.stats.zscore(x, ddof=1)	10000	2	0.000173252	162476	3.14.2
transform	scale	scipy.stats.zscore(x, ddof=1)	10000	3	0.000169422	162476	3.14.2
transform	scale	scipy.stats.zscore(x, ddof=1)	10000	4	0.000173405	162476	3.14.2
transform	scale	scipy.stats.zscore(x, ddof=1)	10000	5	0.000174574	162476	3.14.2
transform	scale	scipy.stats.zscore(x, ddof=1)	10000	6	0.000171920	162476	3.14.2
transform	sample	rng.choice(x, n // 10, replace=False)	10000	0	0.000027284	33992	3.14.2
transform	sample	rng.choice(x, n // 10, replace=False)	10000	1	0.000027109	33992	3.14.2
transform	sample	rng.choice(x, n // 10, replace=False)	10000	2	0.000027094	33992	3.14.2
transform	sample	rng.choice(x, n // 10, replace=False)	10000	3	0.000026796	33992	3.14.2
transform	sample	rng.choice(x, n // 10, replace=False)	10000	4	0.000026787	33992	3.14.2
transform	sample	rng.choice(x, n // 10, replace=False)	10000	5	0.000027028	33992	3.14.2
transform	sample	rng.choice(x, n // 10, replace=False)	10000	6	0.000026812	33992	3.14.2
transform	seq	np.arange(1, n + 1)	10000	0	0.000003275	80096	3.14.2
transform	seq	np.arange(1, n + 1)	10000	1	0.000003226	80096	3.14.2
transform	seq	np.arange(1, n + 1)	10000	2	0.000003222	80096	3.14.2
transform	seq	np.arange(1, n + 1)	10000	3	0.000003231	80096	3.14.2
transform	seq	np.arange(1, n + 1)	10000	4	0.000003222	80096	3.14.2
transform	seq	np.arange(1, n + 1)	10000	5	0.000003228	80096	3.14.2
transform	seq	np.arange(1, n + 1)	10000	6	0.000003224	80096	3.14.2
transform	auc	sklearn.metrics.roc_auc_score(label, y)	10000	0	0.002743001	965615	3.14.2
transform	auc	sklearn.metrics.roc_auc_score(label, y)	10000	1	0.002718150	965615	3.14.2
transform	auc	sklearn.metrics.roc_auc_score(label, y)	10000	2	0.002760835	965615	3.14.2
transform	auc	sklearn.metrics.roc_auc_score(label, y)	10000	3	0.002727398	965615	3.14.2
transform	auc	sklearn.metrics.roc_auc_score(label, y)	10000	4	0.002691604	965615	3.14.2
transform	auc	sklearn.metrics.roc_auc_score(label, y)	10000	5	0.002704001	965615	3.14.2
transform	auc	sklearn.metrics.roc_auc_score(label, y)	10000	6	0.002707435	965615	3.14.2
transform	rank	scipy.stats.rankdata(x)	30000	0	0.002316397	1951684	3.14.2
transform	rank	scipy.stats.rankdata(x)	30000	1	0.002314065	1951684	3.14.2
transform	rank	scipy.stats.rankdata(x)	30000	2	0.002284769	1951684	3.14.2
transform	rank	scipy.stats.rankdata(x)	30000	3	0.002264996	1951684	3.14.2
transform	rank	scipy.stats.rankdata(x)	30000	4	0.002255293	1951684	3.14.2
transform	rank	scipy.stats.rankdata(x)	30000	5	0.002262281	1951684	3.14.2
transform	rank	scipy.stats.rankdata(x)	30000	6	0.002305011	1951684	3.14.2
transform	uniq	pd.unique(x)	30000	0	0.000452054	1560114	3.14.2
transform	uniq	pd.unique(x)	30000	1	0.000448774	1560114	3.14.2
transform	uniq	pd.unique(x)	30000	2	0.000447179	1560114	3.14.2
transform	uniq	pd.unique(x)	30000	3	0.000447744	1560114	3.14.2
transform	uniq	pd.unique(x)	30000	4	0.000448242	1560114	3.14.2
transform	uniq	pd.unique(x)	30000	5	0.000446220	1560114	3.14.2
transform	uniq	pd.unique(x)	30000	6	0.000447295	1560114	3.14.2
transform	scale	scipy.stats.zscore(x, ddof=1)	30000	0	0.000270302	482476	3.14.2
transform	scale	scipy.stats.zscore(x, ddof=1)	30000	1	0.000253192	482476	3.14.2
transform	scale	scipy.stats.zscore(x, ddof=1)	30000	2	0.000248586	482476	3.14.2
transform	scale	scipy.stats.zscore(x, ddof=1)	30000	3	0.000245289	482476	3.14.2
transform	scale	scipy.stats.zscore(x, ddof=1)	30000	4	0.000245033	482476	3.14.2
transform	scale	scipy.stats.zscore(x, ddof=1)	30000	5	0.000245805	482476	3.14.2
transform	scale	scipy.stats.zscore(x, ddof=1)	30000	6	0.000246665	482476	3.14.2
transform	sample	rng.choice(x, n // 10, replace=False)	30000	0	0.000039930	265256	3.14.2
transform	sample	rng.choice(x, n // 10, replace=False)	30000	1	0.000039905	265256	3.14.2
transform	sample	rng.choice(x, n // 10, replace=False)	30000	2	0.000040960	265256	3.14.2
transform	sample	rng.choice(x, n // 10, replace=False)	30000	3	0.000040424	265256	3.14.2
transform	sample	rng.choice(x, n // 10, replace=False)	30000	4	0.000040362	265256	3.14.2
transform	sample	rng.choice(x, n // 10, replace=False)	30000	5	0.000039694	265256	3.14.2
transform	sample	rng.choice(x, n // 10, replace=False)	30000	6	0.000039657	265256	3.14.2
transform	seq	np.arange(1, n + 1)	30000	0	0.000008528	240096	3.14.2
transform	seq	np.arange(1, n + 1)	30000	1	0.000008509	240096	3.14.2
transform	seq	np.arange(1, n + 1)	30000	2	0.000008512	240096	3.14.2
transform	seq	np.arange(1, n + 1)	30000	3	0.000008511	240096	3.14.2
transform	seq	np.arange(1, n + 1)	30000	4	0.000008523	240096	3.14.2
transform	seq	np.arange(1, n + 1)	30000	5	0.000008515	240096	3.14.2
transform	seq	np.arange(1, n + 1)	30000	6	0.000008513	240096	3.14.2
transform	auc	sklearn.metrics.roc_auc_score(label, y)	30000	0	0.006820247	2885615	3.14.2
transform	auc	sklearn.metrics.roc_auc_score(label, y)	30000	1	0.006783678	2885615	3.14.2
transform	auc	sklearn.metrics.roc_auc_score(label, y)	30000	2	0.006781304	2885615	3.14.2
transform	auc	sklearn.metrics.roc_auc_score(label, y)	30000	3	0.006830280	2885615	3.14.2
transform	auc	sklearn.metrics.roc_auc_score(label, y)	30000	4	0.006646725	2885615	3.14.2
transform	auc	sklearn.metrics.roc_auc_score(label, y)	30000	5	0.006698857	2885615	3.14.2
transform	auc	sklearn.metrics.roc_auc_score(label, y)	30000	6	0.006662076	2885615	3.14.2
transform	rank	scipy.stats.rankdata(x)	100000	0	0.008700326	5702015	3.14.2
transform	rank	scipy.stats.rankdata(x)	100000	1	0.008612883	5702015	3.14.2
transform	rank	scipy.stats.rankdata(x)	100000	2	0.008614005	5702015	3.14.2
transform	rank	scipy.stats.rankdata(x)	100000	3	0.008540114	5702015	3.14.2
transform	rank	scipy.stats.rankdata(x)	100000	4	0.008582720	5702015	3.14.2
transform	rank	scipy.stats.rankdata(x)	100000	5	0.008618208	5702015	3.14.2
transform	rank	scipy.stats.rankdata(x)	100000	6	0.008570721	5702015	3.14.2
transform	uniq	pd.unique(x)	100000	0	0.002236397	3963314	3.14.2
transform	uniq	pd.unique(x)	100000	1	0.002239796	3963314	3.14.2
transform	uniq	pd.unique(x)	100000	2	0.002227203	3963314	3.14.2
transform	uniq	pd.unique(x)	100000	3	0.002231677	3963314	3.14.2
transform	uniq	pd.unique(x)	100000	4	0.002229555	3963314	3.14.2
transform	uniq	pd.unique(x)	100000	5	0.002231530	3963314	3.14.2
transform	uniq	pd.unique(x)	100000	6	0.002238157	3963314	3.14.2
transform	scale	scipy.stats.zscore(x, ddof=1)	100000	0	0.000545895	1602476	3.14.2
transform	scale	scipy.stats.zscore(x, ddof=1)	100000	1	0.000526070	1602476	3.14.2
transform	scale	scipy.stats.zscore(x, ddof=1)	100000	2	0.000523623	1602476	3.14.2
transform	scale	scipy.stats.zscore(x, ddof=1)	100000	3	0.000518430	1602476	3.14.2
transform	scale	scipy.stats.zscore(x, ddof=1)	100000	4	0.000523510	1602476	3.14.2
transform	scale	scipy.stats.zscore(x, ddof=1)	100000	5	0.000544553	1602476	3.14.2
transform	scale	scipy.stats.zscore(x, ddof=1)	100000	6	0.000521547	1602476	3.14.2
transform	sample	rng.choice(x, n // 10, replace=False)	100000	0	0.000104170	881256	3.14.2
transform	sample	rng.choice(x, n // 10, replace=False)	100000	1	0.000103493	881256	3.14.2
transform	sample	rng.choice(x, n // 10, replace=False)	100000	2	0.000103860	881256	3.14.2
transform	sample	rng.choice(x, n // 10, replace=False)	100000	3	0.000103440	881256	3.14.2
transform	sample	rng.choice(x, n // 10, replace=False)	100000	4	0.000103408	881256	3.14.2
transform	sample	rng.choice(x, n // 10, replace=False)	100000	5	0.000103184	881256	3.14.2
transform	sample	rng.choice(x, n // 10, replace=False)	100000	6	0.000104907	881256	3.14.2
transform	seq	np.arange(1, n + 1)	100000	0	0.000027265	800096	3.14.2
transform	seq	np.arange(1, n + 1)	100000	1	0.000027222	800096	3.14.2
transform	seq	np.arange(1, n + 1)	100000	2	0.000027222	800096	3.14.2
transform	seq	np.arange(1, n + 1)	100000	3	0.000027240	800096	3.14.2
transform	seq	np.arange(1, n + 1)	100000	4	0.000027221	800096	3.14.2
transform	seq	np.arange(1, n + 1)	100000	5	0.000027232	800096	3.14.2
transform	seq	np.arange(1, n + 1)	100000	6	0.000027207	800096	3.14.2
transform	auc	sklearn.metrics.roc_auc_score(label, y)	100000	0	0.021647291	9605615	3.14.2
transform	auc	sklearn.metrics.roc_auc_score(label, y)	100000	1	0.021380154	9605615	3.14.2
transform	auc	sklearn.metrics.roc_auc_score(label, y)	100000	2	0.021356701	9605615	3.14.2
transform	auc	sklearn.metrics.roc_auc_score(label, y)	100000	3	0.021425798	9605615	3.14.2
transform	auc	sklearn.metrics.roc_auc_score(label, y)	100000	4	0.021325886	9605615	3.14.2
transform	auc	sklearn.metrics.roc_auc_score(label, y)	100000	5	0.021336163	9605615	3.14.2
transform	auc	sklearn.metrics.roc_auc_score(label, y)	100000	6	0.021367147	9605615	3.14.2
transform	rank	scipy.stats.rankdata(x)	300000	0	0.029440609	17102015	3.14.2
transform	rank	scipy.stats.rankdata(x)	300000	1	0.029587162	17102015	3.14.2
transform	rank	scipy.stats.rankdata(x)	300000	2	0.029476914	17102015	3.14.2
transform	rank	scipy.stats.rankdata(x)	300000	3	0.029875550	17102015	3.14.2
transform	rank	scipy.stats.rankdata(x)	300000	4	0.029497224	17102015	3.14.2
transform	rank	scipy.stats.rankdata(x)	300000	5	0.029498924	17102015	3.14.2
transform	rank	scipy.stats.rankdata(x)	300000	6	0.029722774	17102015	3.14.2
transform	uniq	pd.unique(x)	300000	0	0.005503968	15049650	3.14.2
transform	uniq	pd.unique(x)	300000	1	0.005483665	15049650	3.14.2
transform	uniq	pd.unique(x)	300000	2	0.005529815	15049650	3.14.2
transform	uniq	pd.unique(x)	300000	3	0.005482406	15049650	3.14.2
transform	uniq	pd.unique(x)	300000	4	0.005528891	15049650	3.14.2
transform	uniq	pd.unique(x)	300000	5	0.005487525	15049650	3.14.2
transform	uniq	pd.unique(x)	300000	6	0.005527177	15049650	3.14.2
transform	scale	scipy.stats.zscore(x, ddof=1)	300000	0	0.001352819	4802476	3.14.2
transform	scale	scipy.stats.zscore(x, ddof=1)	300000	1	0.001315600	4802476	3.14.2
transform	scale	scipy.stats.zscore(x, ddof=1)	300000	2	0.001305575	4802476	3.14.2
transform	scale	scipy.stats.zscore(x, ddof=1)	300000	3	0.001427867	4802476	3.14.2
transform	scale	scipy.stats.zscore(x, ddof=1)	300000	4	0.001307415	4802476	3.14.2
transform	scale	scipy.stats.zscore(x, ddof=1)	300000	5	0.001302742	4802476	3.14.2
transform	scale	scipy.stats.zscore(x, ddof=1)	300000	6	0.001308795	4802476	3.14.2
transform	sample	rng.choice(x, n // 10, replace=False)	300000	0	0.000290083	2641256	3.14.2
transform	sample	rng.choice(x, n // 10, replace=False)	300000	1	0.000285727	2641256	3.14.2
transform	sample	rng.choice(x, n // 10, replace=False)	300000	2	0.000287414	2641256	3.14.2
transform	sample	rng.choice(x, n // 10, replace=False)	300000	3	0.000286555	2641256	3.14.2
transform	sample	rng.choice(x, n // 10, replace=False)	300000	4	0.000286866	2641256	3.14.2
transform	sample	rng.choice(x, n // 10, replace=False)	300000	5	0.000301148	2641256	3.14.2
transform	sample	rng.choice(x, n // 10, replace=False)	300000	6	0.000292021	2641256	3.14.2
transform	seq	np.arange(1, n + 1)	300000	0	0.000081919	2400096	3.14.2
transform	seq	np.arange(1, n + 1)	300000	1	0.000081874	2400096	3.14.2
transform	seq	np.arange(1, n + 1)	300000	2	0.000081909	2400096	3.14.2
transform	seq	np.arange(1, n + 1)	300000	3	0.000081871	2400096	3.14.2
transform	seq	np.arange(1, n + 1)	300000	4	0.000081829	2400096	3.14.2
transform	seq	np.arange(1, n + 1)	300000	5	0.000081778	2400096	3.14.2
transform	seq	np.arange(1, n + 1)	300000	6	0.000082586	2400096	3.14.2
transform	auc	sklearn.metrics.roc_auc_score(label, y)	300000	0	0.067124216	28805574	3.14.2
transform	auc	sklearn.metrics.roc_auc_score(label, y)	300000	1	0.067410952	28805574	3.14.2
transform	auc	sklearn.metrics.roc_auc_score(label, y)	300000	2	0.066920475	28805574	3.14.2
transform	auc	sklearn.metrics.roc_auc_score(label, y)	300000	3	0.066872337	28805574	3.14.2
transform	auc	sklearn.metrics.roc_auc_score(label, y)	300000	4	0.066926782	28805574	3.14.2
transform	auc	sklearn.metrics.roc_auc_score(label, y)	300000	5	0.066719244	28805574	3.14.2
transform	auc	sklearn.metrics.roc_auc_score(label, y)	300000	6	0.066882334	28805574	3.14.2
transform	rank	scipy.stats.rankdata(x)	1000000	0	0.120053895	57002015	3.14.2
transform	rank	scipy.stats.rankdata(x)	1000000	1	0.119193312	57002015	3.14.2
transform	rank	scipy.stats.rankdata(x)	1000000	2	0.119340585	57002015	3.14.2
transform	rank	scipy.stats.rankdata(x)	1000000	3	0.119754097	57002015	3.14.2
transform	rank	scipy.stats.rankdata(x)	1000000	4	0.119007677	57002015	3.14.2
transform	rank	scipy.stats.rankdata(x)	1000000	5	0.118162586	57002015	3.14.2
transform	rank	scipy.stats.rankdata(x)	1000000	6	0.118757283	57002015	3.14.2
transform	uniq	pd.unique(x)	1000000	0	0.028446345	58594994	3.14.2
transform	uniq	pd.unique(x)	1000000	1	0.028840370	58594994	3.14.2
transform	uniq	pd.unique(x)	1000000	2	0.028933730	58594994	3.14.2
transform	uniq	pd.unique(x)	1000000	3	0.028505245	58594994	3.14.2
transform	uniq	pd.unique(x)	1000000	4	0.028588483	58594994	3.14.2
transform	uniq	pd.unique(x)	1000000	5	0.028433098	58594994	3.14.2
transform	uniq	pd.unique(x)	1000000	6	0.029915416	58594994	3.14.2
transform	scale	scipy.stats.zscore(x, ddof=1)	1000000	0	0.004512192	16002476	3.14.2
transform	scale	scipy.stats.zscore(x, ddof=1)	1000000	1	0.004479866	16002476	3.14.2
transform	scale	scipy.stats.zscore(x, ddof=1)	1000000	2	0.004378123	16002476	3.14.2
transform	scale	scipy.stats.zscore(x, ddof=1)	1000000	3	0.004288746	16002476	3.14.2
transform	scale	scipy.stats.zscore(x, ddof=1)	1000000	4	0.004275321	16002476	3.14.2
transform	scale	scipy.stats.zscore(x, ddof=1)	1000000	5	0.004275054	16002476	3.14.2
transform	scale	scipy.stats.zscore(x, ddof=1)	1000000	6	0.004268860	16002476	3.14.2
transform	sample	rng.choice(x, n // 10, replace=False)	1000000	0	0.000971987	8801256	3.14.2
transform	sample	rng.choice(x, n // 10, replace=False)	1000000	1	0.000941302	8801256	3.14.2
transform	sample	rng.choice(x, n // 10, replace=False)	1000000	2	0.000961374	8801256	3.14.2
transform	sample	rng.choice(x, n // 10, replace=False)	1000000	3	0.000949529	8801256	3.14.2
transform	sample	rng.choice(x, n // 10, replace=False)	1000000	4	0.000942396	8801256	3.14.2
transform	sample	rng.choice(x, n // 10, replace=False)	1000000	5	0.000968791	8801256	3.14.2
transform	sample	rng.choice(x, n // 10, replace=False)	1000000	6	0.000957017	8801256	3.14.2
transform	seq	np.arange(1, n + 1)	1000000	0	0.000270107	8000096	3.14.2
transform	seq	np.arange(1, n + 1)	1000000	1	0.000269481	8000096	3.14.2
transform	seq	np.arange(1, n + 1)	1000000	2	0.000269616	8000096	3.14.2
transform	seq	np.arange(1, n + 1)	1000000	3	0.000269116	8000096	3.14.2
transform	seq	np.arange(1, n + 1)	1000000	4	0.000269263	8000096	3.14.2
transform	seq	np.arange(1, n + 1)	1000000	5	0.000269729	8000096	3.14.2
transform	seq	np.arange(1, n + 1)	1000000	6	0.000269818	8000096	3.14.2
transform	auc	sklearn.metrics.roc_auc_score(label, y)	1000000	0	0.253968724	96005666	3.14.2
transform	auc	sklearn.metrics.roc_auc_score(label, y)	1000000	1	0.257274683	96005666	3.14.2
transform	auc	sklearn.metrics.roc_auc_score(label, y)	1000000	2	0.254680338	96005666	3.14.2
transform	auc	sklearn.metrics.roc_auc_score(label, y)	1000000	3	0.253546036	96005666	3.14.2
transform	auc	sklearn.metrics.roc_auc_score(label, y)	1000000	4	0.253034304	96005666	3.14.2
transform	auc	sklearn.metrics.roc_auc_score(label, y)	1000000	5	0.254971908	96005666	3.14.2
transform	auc	sklearn.metrics.roc_auc_score(label, y)	1000000	6	0.254213026	96005666	3.14.2
io	read_table (csv, numeric)	pd.read_csv(num.csv)	1000	0	0.000709511	450036	3.14.2
io	read_table (csv, numeric)	pd.read_csv(num.csv)	1000	1	0.000651977	450036	3.14.2
io	read_table (csv, numeric)	pd.read_csv(num.csv)	1000	2	0.000644067	450036	3.14.2
io	read_table (csv, numeric)	pd.read_csv(num.csv)	1000	3	0.000630694	450036	3.14.2
io	read_table (csv, numeric)	pd.read_csv(num.csv)	1000	4	0.000633888	450036	3.14.2
io	read_table (csv, numeric)	pd.read_csv(num.csv)	1000	5	0.000630552	450036	3.14.2
io	read_table (csv, numeric)	pd.read_csv(num.csv)	1000	6	0.000636317	450036	3.14.2
io	read_table (csv, mixed)	list(csv.DictReader(mix.csv))	1000	0	0.001192698	483467	3.14.2
io	read_table (csv, mixed)	list(csv.DictReader(mix.csv))	1000	1	0.001174277	483467	3.14.2
io	read_table (csv, mixed)	list(csv.DictReader(mix.csv))	1000	2	0.001174255	483467	3.14.2
io	read_table (csv, mixed)	list(csv.DictReader(mix.csv))	1000	3	0.001175739	483467	3.14.2
io	read_table (csv, mixed)	list(csv.DictReader(mix.csv))	1000	4	0.001188983	483467	3.14.2
io	read_table (csv, mixed)	list(csv.DictReader(mix.csv))	1000	5	0.001179459	483467	3.14.2
io	read_table (csv, mixed)	list(csv.DictReader(mix.csv))	1000	6	0.001179270	483467	3.14.2
io	read_table (tsv, mixed)	list(csv.DictReader(mix.tsv, "\t"))	1000	0	0.001192761	483315	3.14.2
io	read_table (tsv, mixed)	list(csv.DictReader(mix.tsv, "\t"))	1000	1	0.001185430	483315	3.14.2
io	read_table (tsv, mixed)	list(csv.DictReader(mix.tsv, "\t"))	1000	2	0.001175368	483315	3.14.2
io	read_table (tsv, mixed)	list(csv.DictReader(mix.tsv, "\t"))	1000	3	0.001180959	483315	3.14.2
io	read_table (tsv, mixed)	list(csv.DictReader(mix.tsv, "\t"))	1000	4	0.001178677	483315	3.14.2
io	read_table (tsv, mixed)	list(csv.DictReader(mix.tsv, "\t"))	1000	5	0.001169733	483315	3.14.2
io	read_table (tsv, mixed)	list(csv.DictReader(mix.tsv, "\t"))	1000	6	0.001184156	483315	3.14.2
io	read_table (csv, hoa)	pd.read_csv(mix.csv)	1000	0	0.000844052	437502	3.14.2
io	read_table (csv, hoa)	pd.read_csv(mix.csv)	1000	1	0.000767571	437502	3.14.2
io	read_table (csv, hoa)	pd.read_csv(mix.csv)	1000	2	0.000791663	437502	3.14.2
io	read_table (csv, hoa)	pd.read_csv(mix.csv)	1000	3	0.000767299	437502	3.14.2
io	read_table (csv, hoa)	pd.read_csv(mix.csv)	1000	4	0.000768479	437502	3.14.2
io	read_table (csv, hoa)	pd.read_csv(mix.csv)	1000	5	0.000760129	437502	3.14.2
io	read_table (csv, hoa)	pd.read_csv(mix.csv)	1000	6	0.000769224	437502	3.14.2
io	read_table (xlsx)	pd.read_excel(mix.xlsx)	1000	0	0.056129960	936325	3.14.2
io	read_table (xlsx)	pd.read_excel(mix.xlsx)	1000	1	0.040624224	936325	3.14.2
io	read_table (xlsx)	pd.read_excel(mix.xlsx)	1000	2	0.040464850	936325	3.14.2
io	read_table (xlsx)	pd.read_excel(mix.xlsx)	1000	3	0.047465628	936325	3.14.2
io	read_table (xlsx)	pd.read_excel(mix.xlsx)	1000	4	0.051197314	936325	3.14.2
io	read_table (xlsx)	pd.read_excel(mix.xlsx)	1000	5	0.040723438	936325	3.14.2
io	read_table (xlsx)	pd.read_excel(mix.xlsx)	1000	6	0.042121307	936325	3.14.2
io	write_table (csv, hoa)	df.to_csv(f, index=False)	1000	0	0.002063558	541973	3.14.2
io	write_table (csv, hoa)	df.to_csv(f, index=False)	1000	1	0.001980965	541973	3.14.2
io	write_table (csv, hoa)	df.to_csv(f, index=False)	1000	2	0.001946958	541973	3.14.2
io	write_table (csv, hoa)	df.to_csv(f, index=False)	1000	3	0.002198901	541973	3.14.2
io	write_table (csv, hoa)	df.to_csv(f, index=False)	1000	4	0.001952922	541973	3.14.2
io	write_table (csv, hoa)	df.to_csv(f, index=False)	1000	5	0.001935638	541973	3.14.2
io	write_table (csv, hoa)	df.to_csv(f, index=False)	1000	6	0.001917729	541973	3.14.2
io	write_table (tsv, hoa)	df.to_csv(f, sep="\t", index=False)	1000	0	0.002053149	541613	3.14.2
io	write_table (tsv, hoa)	df.to_csv(f, sep="\t", index=False)	1000	1	0.002102695	541613	3.14.2
io	write_table (tsv, hoa)	df.to_csv(f, sep="\t", index=False)	1000	2	0.001954170	541613	3.14.2
io	write_table (tsv, hoa)	df.to_csv(f, sep="\t", index=False)	1000	3	0.001971924	541613	3.14.2
io	write_table (tsv, hoa)	df.to_csv(f, sep="\t", index=False)	1000	4	0.001952334	541613	3.14.2
io	write_table (tsv, hoa)	df.to_csv(f, sep="\t", index=False)	1000	5	0.001946224	541613	3.14.2
io	write_table (tsv, hoa)	df.to_csv(f, sep="\t", index=False)	1000	6	0.001969983	541613	3.14.2
io	write_table (csv, aoa)	df.to_csv(f, index=False)	1000	0	0.002048050	541333	3.14.2
io	write_table (csv, aoa)	df.to_csv(f, index=False)	1000	1	0.001924282	541333	3.14.2
io	write_table (csv, aoa)	df.to_csv(f, index=False)	1000	2	0.001918526	541333	3.14.2
io	write_table (csv, aoa)	df.to_csv(f, index=False)	1000	3	0.001953484	541333	3.14.2
io	write_table (csv, aoa)	df.to_csv(f, index=False)	1000	4	0.001945281	541333	3.14.2
io	write_table (csv, aoa)	df.to_csv(f, index=False)	1000	5	0.001935091	541333	3.14.2
io	write_table (csv, aoa)	df.to_csv(f, index=False)	1000	6	0.001947955	541333	3.14.2
io	write_table (csv, row.names)	df.to_csv(f, index=True)	1000	0	0.002240263	541214	3.14.2
io	write_table (csv, row.names)	df.to_csv(f, index=True)	1000	1	0.002119888	541214	3.14.2
io	write_table (csv, row.names)	df.to_csv(f, index=True)	1000	2	0.002114773	541214	3.14.2
io	write_table (csv, row.names)	df.to_csv(f, index=True)	1000	3	0.002118444	541214	3.14.2
io	write_table (csv, row.names)	df.to_csv(f, index=True)	1000	4	0.002129404	541214	3.14.2
io	write_table (csv, row.names)	df.to_csv(f, index=True)	1000	5	0.002130707	541214	3.14.2
io	write_table (csv, row.names)	df.to_csv(f, index=True)	1000	6	0.002120164	541214	3.14.2
io	write_table (xlsx, hoa)	df.to_excel(f, index=False)	1000	0	0.066790946	1866177	3.14.2
io	write_table (xlsx, hoa)	df.to_excel(f, index=False)	1000	1	0.056435761	1866177	3.14.2
io	write_table (xlsx, hoa)	df.to_excel(f, index=False)	1000	2	0.056307730	1866177	3.14.2
io	write_table (xlsx, hoa)	df.to_excel(f, index=False)	1000	3	0.056369746	1866177	3.14.2
io	write_table (xlsx, hoa)	df.to_excel(f, index=False)	1000	4	0.056283221	1866177	3.14.2
io	write_table (xlsx, hoa)	df.to_excel(f, index=False)	1000	5	0.056313478	1866177	3.14.2
io	write_table (xlsx, hoa)	df.to_excel(f, index=False)	1000	6	0.056483760	1866177	3.14.2
io	read_table (csv, numeric)	pd.read_csv(num.csv)	3000	0	0.001242377	526319	3.14.2
io	read_table (csv, numeric)	pd.read_csv(num.csv)	3000	1	0.001080966	526319	3.14.2
io	read_table (csv, numeric)	pd.read_csv(num.csv)	3000	2	0.001039809	526319	3.14.2
io	read_table (csv, numeric)	pd.read_csv(num.csv)	3000	3	0.001125687	526319	3.14.2
io	read_table (csv, numeric)	pd.read_csv(num.csv)	3000	4	0.001090979	526319	3.14.2
io	read_table (csv, numeric)	pd.read_csv(num.csv)	3000	5	0.001071436	526319	3.14.2
io	read_table (csv, numeric)	pd.read_csv(num.csv)	3000	6	0.001053983	526319	3.14.2
io	read_table (csv, mixed)	list(csv.DictReader(mix.csv))	3000	0	0.003554346	1155490	3.14.2
io	read_table (csv, mixed)	list(csv.DictReader(mix.csv))	3000	1	0.003550186	1155490	3.14.2
io	read_table (csv, mixed)	list(csv.DictReader(mix.csv))	3000	2	0.003516273	1155490	3.14.2
io	read_table (csv, mixed)	list(csv.DictReader(mix.csv))	3000	3	0.003529654	1155490	3.14.2
io	read_table (csv, mixed)	list(csv.DictReader(mix.csv))	3000	4	0.003511731	1155490	3.14.2
io	read_table (csv, mixed)	list(csv.DictReader(mix.csv))	3000	5	0.003517446	1155490	3.14.2
io	read_table (csv, mixed)	list(csv.DictReader(mix.csv))	3000	6	0.003501700	1155490	3.14.2
io	read_table (tsv, mixed)	list(csv.DictReader(mix.tsv, "\t"))	3000	0	0.003512773	1155490	3.14.2
io	read_table (tsv, mixed)	list(csv.DictReader(mix.tsv, "\t"))	3000	1	0.003487608	1155490	3.14.2
io	read_table (tsv, mixed)	list(csv.DictReader(mix.tsv, "\t"))	3000	2	0.003484236	1155490	3.14.2
io	read_table (tsv, mixed)	list(csv.DictReader(mix.tsv, "\t"))	3000	3	0.003495027	1155490	3.14.2
io	read_table (tsv, mixed)	list(csv.DictReader(mix.tsv, "\t"))	3000	4	0.003508688	1155490	3.14.2
io	read_table (tsv, mixed)	list(csv.DictReader(mix.tsv, "\t"))	3000	5	0.003520418	1155490	3.14.2
io	read_table (tsv, mixed)	list(csv.DictReader(mix.tsv, "\t"))	3000	6	0.003493875	1155490	3.14.2
io	read_table (csv, hoa)	pd.read_csv(mix.csv)	3000	0	0.001381345	492533	3.14.2
io	read_table (csv, hoa)	pd.read_csv(mix.csv)	3000	1	0.001303000	492533	3.14.2
io	read_table (csv, hoa)	pd.read_csv(mix.csv)	3000	2	0.001302189	492533	3.14.2
io	read_table (csv, hoa)	pd.read_csv(mix.csv)	3000	3	0.001308142	492533	3.14.2
io	read_table (csv, hoa)	pd.read_csv(mix.csv)	3000	4	0.001389440	492533	3.14.2
io	read_table (csv, hoa)	pd.read_csv(mix.csv)	3000	5	0.001304143	492533	3.14.2
io	read_table (csv, hoa)	pd.read_csv(mix.csv)	3000	6	0.001307401	492533	3.14.2
io	read_table (xlsx)	pd.read_excel(mix.xlsx)	3000	0	0.121560639	1319687	3.14.2
io	read_table (xlsx)	pd.read_excel(mix.xlsx)	3000	1	0.130801538	1319687	3.14.2
io	read_table (xlsx)	pd.read_excel(mix.xlsx)	3000	2	0.132832885	1319687	3.14.2
io	read_table (xlsx)	pd.read_excel(mix.xlsx)	3000	3	0.133885165	1319687	3.14.2
io	read_table (xlsx)	pd.read_excel(mix.xlsx)	3000	4	0.133844572	1319687	3.14.2
io	read_table (xlsx)	pd.read_excel(mix.xlsx)	3000	5	0.135682701	1319687	3.14.2
io	read_table (xlsx)	pd.read_excel(mix.xlsx)	3000	6	0.134656102	1319687	3.14.2
io	write_table (csv, hoa)	df.to_csv(f, index=False)	3000	0	0.005123711	1107846	3.14.2
io	write_table (csv, hoa)	df.to_csv(f, index=False)	3000	1	0.005083537	1107846	3.14.2
io	write_table (csv, hoa)	df.to_csv(f, index=False)	3000	2	0.005087378	1107846	3.14.2
io	write_table (csv, hoa)	df.to_csv(f, index=False)	3000	3	0.005088365	1107846	3.14.2
io	write_table (csv, hoa)	df.to_csv(f, index=False)	3000	4	0.005086373	1107846	3.14.2
io	write_table (csv, hoa)	df.to_csv(f, index=False)	3000	5	0.005085573	1107846	3.14.2
io	write_table (csv, hoa)	df.to_csv(f, index=False)	3000	6	0.005093481	1107846	3.14.2
io	write_table (tsv, hoa)	df.to_csv(f, sep="\t", index=False)	3000	0	0.005145933	1107846	3.14.2
io	write_table (tsv, hoa)	df.to_csv(f, sep="\t", index=False)	3000	1	0.005109474	1107846	3.14.2
io	write_table (tsv, hoa)	df.to_csv(f, sep="\t", index=False)	3000	2	0.005096687	1107846	3.14.2
io	write_table (tsv, hoa)	df.to_csv(f, sep="\t", index=False)	3000	3	0.005121717	1107846	3.14.2
io	write_table (tsv, hoa)	df.to_csv(f, sep="\t", index=False)	3000	4	0.005123335	1107846	3.14.2
io	write_table (tsv, hoa)	df.to_csv(f, sep="\t", index=False)	3000	5	0.005117094	1107846	3.14.2
io	write_table (tsv, hoa)	df.to_csv(f, sep="\t", index=False)	3000	6	0.005112160	1107846	3.14.2
io	write_table (csv, aoa)	df.to_csv(f, index=False)	3000	0	0.005121794	1107846	3.14.2
io	write_table (csv, aoa)	df.to_csv(f, index=False)	3000	1	0.005124879	1107846	3.14.2
io	write_table (csv, aoa)	df.to_csv(f, index=False)	3000	2	0.005105102	1107846	3.14.2
io	write_table (csv, aoa)	df.to_csv(f, index=False)	3000	3	0.005077686	1107846	3.14.2
io	write_table (csv, aoa)	df.to_csv(f, index=False)	3000	4	0.005080630	1107846	3.14.2
io	write_table (csv, aoa)	df.to_csv(f, index=False)	3000	5	0.005119059	1107846	3.14.2
io	write_table (csv, aoa)	df.to_csv(f, index=False)	3000	6	0.005130702	1107846	3.14.2
io	write_table (csv, row.names)	df.to_csv(f, index=True)	3000	0	0.005659983	1107847	3.14.2
io	write_table (csv, row.names)	df.to_csv(f, index=True)	3000	1	0.005641006	1107847	3.14.2
io	write_table (csv, row.names)	df.to_csv(f, index=True)	3000	2	0.005620629	1107847	3.14.2
io	write_table (csv, row.names)	df.to_csv(f, index=True)	3000	3	0.005662809	1107847	3.14.2
io	write_table (csv, row.names)	df.to_csv(f, index=True)	3000	4	0.005622562	1107847	3.14.2
io	write_table (csv, row.names)	df.to_csv(f, index=True)	3000	5	0.005655574	1107847	3.14.2
io	write_table (csv, row.names)	df.to_csv(f, index=True)	3000	6	0.005621024	1107847	3.14.2
io	write_table (xlsx, hoa)	df.to_excel(f, index=False)	3000	0	0.172561283	5585298	3.14.2
io	write_table (xlsx, hoa)	df.to_excel(f, index=False)	3000	1	0.163986359	5585298	3.14.2
io	write_table (xlsx, hoa)	df.to_excel(f, index=False)	3000	2	0.166330026	5585298	3.14.2
io	write_table (xlsx, hoa)	df.to_excel(f, index=False)	3000	3	0.175662451	5585298	3.14.2
io	write_table (xlsx, hoa)	df.to_excel(f, index=False)	3000	4	0.163406600	5585298	3.14.2
io	write_table (xlsx, hoa)	df.to_excel(f, index=False)	3000	5	0.163377981	5585298	3.14.2
io	write_table (xlsx, hoa)	df.to_excel(f, index=False)	3000	6	0.163772566	5585298	3.14.2
io	read_table (csv, numeric)	pd.read_csv(num.csv)	10000	0	0.003282808	935374	3.14.2
io	read_table (csv, numeric)	pd.read_csv(num.csv)	10000	1	0.002624290	935374	3.14.2
io	read_table (csv, numeric)	pd.read_csv(num.csv)	10000	2	0.002657970	935374	3.14.2
io	read_table (csv, numeric)	pd.read_csv(num.csv)	10000	3	0.002528470	935374	3.14.2
io	read_table (csv, numeric)	pd.read_csv(num.csv)	10000	4	0.002658509	935374	3.14.2
io	read_table (csv, numeric)	pd.read_csv(num.csv)	10000	5	0.002498333	935374	3.14.2
io	read_table (csv, numeric)	pd.read_csv(num.csv)	10000	6	0.002686508	935374	3.14.2
io	read_table (csv, mixed)	list(csv.DictReader(mix.csv))	10000	0	0.011785349	3507105	3.14.2
io	read_table (csv, mixed)	list(csv.DictReader(mix.csv))	10000	1	0.011609447	3507105	3.14.2
io	read_table (csv, mixed)	list(csv.DictReader(mix.csv))	10000	2	0.015081142	3507105	3.14.2
io	read_table (csv, mixed)	list(csv.DictReader(mix.csv))	10000	3	0.015085589	3507105	3.14.2
io	read_table (csv, mixed)	list(csv.DictReader(mix.csv))	10000	4	0.012077990	3507105	3.14.2
io	read_table (csv, mixed)	list(csv.DictReader(mix.csv))	10000	5	0.014696274	3507105	3.14.2
io	read_table (csv, mixed)	list(csv.DictReader(mix.csv))	10000	6	0.013042873	3507105	3.14.2
io	read_table (tsv, mixed)	list(csv.DictReader(mix.tsv, "\t"))	10000	0	0.011639139	3507210	3.14.2
io	read_table (tsv, mixed)	list(csv.DictReader(mix.tsv, "\t"))	10000	1	0.011616429	3507210	3.14.2
io	read_table (tsv, mixed)	list(csv.DictReader(mix.tsv, "\t"))	10000	2	0.011638442	3507210	3.14.2
io	read_table (tsv, mixed)	list(csv.DictReader(mix.tsv, "\t"))	10000	3	0.011631518	3507210	3.14.2
io	read_table (tsv, mixed)	list(csv.DictReader(mix.tsv, "\t"))	10000	4	0.011646866	3507210	3.14.2
io	read_table (tsv, mixed)	list(csv.DictReader(mix.tsv, "\t"))	10000	5	0.011611159	3507210	3.14.2
io	read_table (tsv, mixed)	list(csv.DictReader(mix.tsv, "\t"))	10000	6	0.011665449	3507210	3.14.2
io	read_table (csv, hoa)	pd.read_csv(mix.csv)	10000	0	0.003392441	970467	3.14.2
io	read_table (csv, hoa)	pd.read_csv(mix.csv)	10000	1	0.003331309	970467	3.14.2
io	read_table (csv, hoa)	pd.read_csv(mix.csv)	10000	2	0.003362267	970467	3.14.2
io	read_table (csv, hoa)	pd.read_csv(mix.csv)	10000	3	0.003359562	970467	3.14.2
io	read_table (csv, hoa)	pd.read_csv(mix.csv)	10000	4	0.003258012	970467	3.14.2
io	read_table (csv, hoa)	pd.read_csv(mix.csv)	10000	5	0.003190521	970467	3.14.2
io	read_table (csv, hoa)	pd.read_csv(mix.csv)	10000	6	0.003131007	970467	3.14.2
io	read_table (xlsx)	pd.read_excel(mix.xlsx)	10000	0	0.437786427	4307191	3.14.2
io	read_table (xlsx)	pd.read_excel(mix.xlsx)	10000	1	0.442908354	4307191	3.14.2
io	read_table (xlsx)	pd.read_excel(mix.xlsx)	10000	2	0.436390879	4307191	3.14.2
io	read_table (xlsx)	pd.read_excel(mix.xlsx)	10000	3	0.436946145	4307191	3.14.2
io	read_table (xlsx)	pd.read_excel(mix.xlsx)	10000	4	0.438629694	4307191	3.14.2
io	read_table (xlsx)	pd.read_excel(mix.xlsx)	10000	5	0.438058456	4307191	3.14.2
io	read_table (xlsx)	pd.read_excel(mix.xlsx)	10000	6	0.438012388	4307191	3.14.2
io	write_table (csv, hoa)	df.to_csv(f, index=False)	10000	0	0.018733252	3090927	3.14.2
io	write_table (csv, hoa)	df.to_csv(f, index=False)	10000	1	0.016229983	3090927	3.14.2
io	write_table (csv, hoa)	df.to_csv(f, index=False)	10000	2	0.016120810	3090927	3.14.2
io	write_table (csv, hoa)	df.to_csv(f, index=False)	10000	3	0.016001792	3090927	3.14.2
io	write_table (csv, hoa)	df.to_csv(f, index=False)	10000	4	0.025600122	3090927	3.14.2
io	write_table (csv, hoa)	df.to_csv(f, index=False)	10000	5	0.016138360	3090927	3.14.2
io	write_table (csv, hoa)	df.to_csv(f, index=False)	10000	6	0.016034509	3090927	3.14.2
io	write_table (tsv, hoa)	df.to_csv(f, sep="\t", index=False)	10000	0	0.019123015	3090927	3.14.2
io	write_table (tsv, hoa)	df.to_csv(f, sep="\t", index=False)	10000	1	0.016055287	3090927	3.14.2
io	write_table (tsv, hoa)	df.to_csv(f, sep="\t", index=False)	10000	2	0.016069419	3090927	3.14.2
io	write_table (tsv, hoa)	df.to_csv(f, sep="\t", index=False)	10000	3	0.015932171	3090927	3.14.2
io	write_table (tsv, hoa)	df.to_csv(f, sep="\t", index=False)	10000	4	0.015938909	3090927	3.14.2
io	write_table (tsv, hoa)	df.to_csv(f, sep="\t", index=False)	10000	5	0.015963844	3090927	3.14.2
io	write_table (tsv, hoa)	df.to_csv(f, sep="\t", index=False)	10000	6	0.015959021	3090927	3.14.2
io	write_table (csv, aoa)	df.to_csv(f, index=False)	10000	0	0.019060532	3090927	3.14.2
io	write_table (csv, aoa)	df.to_csv(f, index=False)	10000	1	0.016003391	3090927	3.14.2
io	write_table (csv, aoa)	df.to_csv(f, index=False)	10000	2	0.016078476	3090927	3.14.2
io	write_table (csv, aoa)	df.to_csv(f, index=False)	10000	3	0.016007458	3090927	3.14.2
io	write_table (csv, aoa)	df.to_csv(f, index=False)	10000	4	0.015995294	3090927	3.14.2
io	write_table (csv, aoa)	df.to_csv(f, index=False)	10000	5	0.016045024	3090927	3.14.2
io	write_table (csv, aoa)	df.to_csv(f, index=False)	10000	6	0.016033305	3090927	3.14.2
io	write_table (csv, row.names)	df.to_csv(f, index=True)	10000	0	0.020318087	3090928	3.14.2
io	write_table (csv, row.names)	df.to_csv(f, index=True)	10000	1	0.017899980	3090928	3.14.2
io	write_table (csv, row.names)	df.to_csv(f, index=True)	10000	2	0.017861028	3090928	3.14.2
io	write_table (csv, row.names)	df.to_csv(f, index=True)	10000	3	0.017908353	3090928	3.14.2
io	write_table (csv, row.names)	df.to_csv(f, index=True)	10000	4	0.017857566	3090928	3.14.2
io	write_table (csv, row.names)	df.to_csv(f, index=True)	10000	5	0.017700177	3090928	3.14.2
io	write_table (csv, row.names)	df.to_csv(f, index=True)	10000	6	0.017916472	3090928	3.14.2
io	write_table (xlsx, hoa)	df.to_excel(f, index=False)	10000	0	0.552612492	18642939	3.14.2
io	write_table (xlsx, hoa)	df.to_excel(f, index=False)	10000	1	0.567212645	18642939	3.14.2
io	write_table (xlsx, hoa)	df.to_excel(f, index=False)	10000	2	0.538578086	18642939	3.14.2
io	write_table (xlsx, hoa)	df.to_excel(f, index=False)	10000	3	0.553884517	18642939	3.14.2
io	write_table (xlsx, hoa)	df.to_excel(f, index=False)	10000	4	0.541232661	18642939	3.14.2
io	write_table (xlsx, hoa)	df.to_excel(f, index=False)	10000	5	0.562225176	18642939	3.14.2
io	write_table (xlsx, hoa)	df.to_excel(f, index=False)	10000	6	0.547854808	18642939	3.14.2
io	read_table (csv, numeric)	pd.read_csv(num.csv)	30000	0	0.007134131	1344271	3.14.2
io	read_table (csv, numeric)	pd.read_csv(num.csv)	30000	1	0.006782697	1344271	3.14.2
io	read_table (csv, numeric)	pd.read_csv(num.csv)	30000	2	0.006539845	1344271	3.14.2
io	read_table (csv, numeric)	pd.read_csv(num.csv)	30000	3	0.006565800	1344271	3.14.2
io	read_table (csv, numeric)	pd.read_csv(num.csv)	30000	4	0.006502169	1344271	3.14.2
io	read_table (csv, numeric)	pd.read_csv(num.csv)	30000	5	0.006577058	1344271	3.14.2
io	read_table (csv, numeric)	pd.read_csv(num.csv)	30000	6	0.006480625	1344271	3.14.2
io	read_table (csv, mixed)	list(csv.DictReader(mix.csv))	30000	0	0.046647150	10238760	3.14.2
io	read_table (csv, mixed)	list(csv.DictReader(mix.csv))	30000	1	0.046600085	10238760	3.14.2
io	read_table (csv, mixed)	list(csv.DictReader(mix.csv))	30000	2	0.038465008	10238760	3.14.2
io	read_table (csv, mixed)	list(csv.DictReader(mix.csv))	30000	3	0.048166720	10238760	3.14.2
io	read_table (csv, mixed)	list(csv.DictReader(mix.csv))	30000	4	0.035226842	10238760	3.14.2
io	read_table (csv, mixed)	list(csv.DictReader(mix.csv))	30000	5	0.035028705	10238760	3.14.2
io	read_table (csv, mixed)	list(csv.DictReader(mix.csv))	30000	6	0.035082033	10238760	3.14.2
io	read_table (tsv, mixed)	list(csv.DictReader(mix.tsv, "\t"))	30000	0	0.049581062	10238760	3.14.2
io	read_table (tsv, mixed)	list(csv.DictReader(mix.tsv, "\t"))	30000	1	0.035156676	10238760	3.14.2
io	read_table (tsv, mixed)	list(csv.DictReader(mix.tsv, "\t"))	30000	2	0.034945841	10238760	3.14.2
io	read_table (tsv, mixed)	list(csv.DictReader(mix.tsv, "\t"))	30000	3	0.034836950	10238760	3.14.2
io	read_table (tsv, mixed)	list(csv.DictReader(mix.tsv, "\t"))	30000	4	0.034946280	10238760	3.14.2
io	read_table (tsv, mixed)	list(csv.DictReader(mix.tsv, "\t"))	30000	5	0.036524022	10238760	3.14.2
io	read_table (tsv, mixed)	list(csv.DictReader(mix.tsv, "\t"))	30000	6	0.049751165	10238760	3.14.2
io	read_table (csv, hoa)	pd.read_csv(mix.csv)	30000	0	0.008269042	2610602	3.14.2
io	read_table (csv, hoa)	pd.read_csv(mix.csv)	30000	1	0.008317178	2610602	3.14.2
io	read_table (csv, hoa)	pd.read_csv(mix.csv)	30000	2	0.008375684	2610602	3.14.2
io	read_table (csv, hoa)	pd.read_csv(mix.csv)	30000	3	0.008153281	2610602	3.14.2
io	read_table (csv, hoa)	pd.read_csv(mix.csv)	30000	4	0.008170658	2610602	3.14.2
io	read_table (csv, hoa)	pd.read_csv(mix.csv)	30000	5	0.008149417	2610602	3.14.2
io	read_table (csv, hoa)	pd.read_csv(mix.csv)	30000	6	0.008167415	2610602	3.14.2
io	read_table (xlsx)	pd.read_excel(mix.xlsx)	30000	0	1.309820029	9949092	3.14.2
io	read_table (xlsx)	pd.read_excel(mix.xlsx)	30000	1	1.311653345	9949092	3.14.2
io	read_table (xlsx)	pd.read_excel(mix.xlsx)	30000	2	1.309867671	9949092	3.14.2
io	read_table (xlsx)	pd.read_excel(mix.xlsx)	30000	3	1.296437180	9949092	3.14.2
io	read_table (xlsx)	pd.read_excel(mix.xlsx)	30000	4	1.309934481	9949092	3.14.2
io	read_table (xlsx)	pd.read_excel(mix.xlsx)	30000	5	1.306749848	9949092	3.14.2
io	read_table (xlsx)	pd.read_excel(mix.xlsx)	30000	6	1.299463904	9949092	3.14.2
io	write_table (csv, hoa)	df.to_csv(f, index=False)	30000	0	0.050909222	5923759	3.14.2
io	write_table (csv, hoa)	df.to_csv(f, index=False)	30000	1	0.048081966	5923759	3.14.2
io	write_table (csv, hoa)	df.to_csv(f, index=False)	30000	2	0.048018592	5923759	3.14.2
io	write_table (csv, hoa)	df.to_csv(f, index=False)	30000	3	0.047871268	5923759	3.14.2
io	write_table (csv, hoa)	df.to_csv(f, index=False)	30000	4	0.048164907	5923759	3.14.2
io	write_table (csv, hoa)	df.to_csv(f, index=False)	30000	5	0.047970288	5923759	3.14.2
io	write_table (csv, hoa)	df.to_csv(f, index=False)	30000	6	0.047755975	5923759	3.14.2
io	write_table (tsv, hoa)	df.to_csv(f, sep="\t", index=False)	30000	0	0.050997049	5923759	3.14.2
io	write_table (tsv, hoa)	df.to_csv(f, sep="\t", index=False)	30000	1	0.048034895	5923759	3.14.2
io	write_table (tsv, hoa)	df.to_csv(f, sep="\t", index=False)	30000	2	0.047980857	5923759	3.14.2
io	write_table (tsv, hoa)	df.to_csv(f, sep="\t", index=False)	30000	3	0.047923501	5923759	3.14.2
io	write_table (tsv, hoa)	df.to_csv(f, sep="\t", index=False)	30000	4	0.047954986	5923759	3.14.2
io	write_table (tsv, hoa)	df.to_csv(f, sep="\t", index=False)	30000	5	0.048026199	5923759	3.14.2
io	write_table (tsv, hoa)	df.to_csv(f, sep="\t", index=False)	30000	6	0.047913977	5923759	3.14.2
io	write_table (csv, aoa)	df.to_csv(f, index=False)	30000	0	0.050691118	5923759	3.14.2
io	write_table (csv, aoa)	df.to_csv(f, index=False)	30000	1	0.048001991	5923759	3.14.2
io	write_table (csv, aoa)	df.to_csv(f, index=False)	30000	2	0.048091617	5923759	3.14.2
io	write_table (csv, aoa)	df.to_csv(f, index=False)	30000	3	0.047957364	5923759	3.14.2
io	write_table (csv, aoa)	df.to_csv(f, index=False)	30000	4	0.048018934	5923759	3.14.2
io	write_table (csv, aoa)	df.to_csv(f, index=False)	30000	5	0.048001622	5923759	3.14.2
io	write_table (csv, aoa)	df.to_csv(f, index=False)	30000	6	0.047950250	5923759	3.14.2
io	write_table (csv, row.names)	df.to_csv(f, index=True)	30000	0	0.056640551	5923760	3.14.2
io	write_table (csv, row.names)	df.to_csv(f, index=True)	30000	1	0.053649141	5923760	3.14.2
io	write_table (csv, row.names)	df.to_csv(f, index=True)	30000	2	0.053830775	5923760	3.14.2
io	write_table (csv, row.names)	df.to_csv(f, index=True)	30000	3	0.053840891	5923760	3.14.2
io	write_table (csv, row.names)	df.to_csv(f, index=True)	30000	4	0.053659954	5923760	3.14.2
io	write_table (csv, row.names)	df.to_csv(f, index=True)	30000	5	0.053619182	5923760	3.14.2
io	write_table (csv, row.names)	df.to_csv(f, index=True)	30000	6	0.054024056	5923760	3.14.2
io	write_table (xlsx, hoa)	df.to_excel(f, index=False)	30000	0	1.690998573	53338300	3.14.2
io	write_table (xlsx, hoa)	df.to_excel(f, index=False)	30000	1	1.677223187	53338300	3.14.2
io	write_table (xlsx, hoa)	df.to_excel(f, index=False)	30000	2	1.672891917	53338300	3.14.2
io	write_table (xlsx, hoa)	df.to_excel(f, index=False)	30000	3	1.677419745	53338300	3.14.2
io	write_table (xlsx, hoa)	df.to_excel(f, index=False)	30000	4	1.681090220	53338300	3.14.2
io	write_table (xlsx, hoa)	df.to_excel(f, index=False)	30000	5	1.666490263	53338300	3.14.2
io	write_table (xlsx, hoa)	df.to_excel(f, index=False)	30000	6	1.675331769	53338300	3.14.2
io	read_table (csv, numeric)	pd.read_csv(num.csv)	100000	0	0.021171658	4144721	3.14.2
io	read_table (csv, numeric)	pd.read_csv(num.csv)	100000	1	0.020994380	4144721	3.14.2
io	read_table (csv, numeric)	pd.read_csv(num.csv)	100000	2	0.021190086	4144721	3.14.2
io	read_table (csv, numeric)	pd.read_csv(num.csv)	100000	3	0.021066578	4144721	3.14.2
io	read_table (csv, numeric)	pd.read_csv(num.csv)	100000	4	0.021266491	4144721	3.14.2
io	read_table (csv, numeric)	pd.read_csv(num.csv)	100000	5	0.020949340	4144721	3.14.2
io	read_table (csv, numeric)	pd.read_csv(num.csv)	100000	6	0.020882180	4144721	3.14.2
io	read_table (csv, mixed)	list(csv.DictReader(mix.csv))	100000	0	0.136437480	33788719	3.14.2
io	read_table (csv, mixed)	list(csv.DictReader(mix.csv))	100000	1	0.117037110	33788719	3.14.2
io	read_table (csv, mixed)	list(csv.DictReader(mix.csv))	100000	2	0.132620883	33788719	3.14.2
io	read_table (csv, mixed)	list(csv.DictReader(mix.csv))	100000	3	0.123644307	33788719	3.14.2
io	read_table (csv, mixed)	list(csv.DictReader(mix.csv))	100000	4	0.133339169	33788719	3.14.2
io	read_table (csv, mixed)	list(csv.DictReader(mix.csv))	100000	5	0.124885682	33788719	3.14.2
io	read_table (csv, mixed)	list(csv.DictReader(mix.csv))	100000	6	0.135745651	33788719	3.14.2
io	read_table (tsv, mixed)	list(csv.DictReader(mix.tsv, "\t"))	100000	0	0.134044386	33788931	3.14.2
io	read_table (tsv, mixed)	list(csv.DictReader(mix.tsv, "\t"))	100000	1	0.125912126	33788931	3.14.2
io	read_table (tsv, mixed)	list(csv.DictReader(mix.tsv, "\t"))	100000	2	0.125312761	33788931	3.14.2
io	read_table (tsv, mixed)	list(csv.DictReader(mix.tsv, "\t"))	100000	3	0.129370620	33788931	3.14.2
io	read_table (tsv, mixed)	list(csv.DictReader(mix.tsv, "\t"))	100000	4	0.136364959	33788931	3.14.2
io	read_table (tsv, mixed)	list(csv.DictReader(mix.tsv, "\t"))	100000	5	0.117213307	33788931	3.14.2
io	read_table (tsv, mixed)	list(csv.DictReader(mix.tsv, "\t"))	100000	6	0.135625652	33788931	3.14.2
io	read_table (csv, hoa)	pd.read_csv(mix.csv)	100000	0	0.026068584	8350647	3.14.2
io	read_table (csv, hoa)	pd.read_csv(mix.csv)	100000	1	0.026131496	8350647	3.14.2
io	read_table (csv, hoa)	pd.read_csv(mix.csv)	100000	2	0.026051502	8350647	3.14.2
io	read_table (csv, hoa)	pd.read_csv(mix.csv)	100000	3	0.025905223	8350647	3.14.2
io	read_table (csv, hoa)	pd.read_csv(mix.csv)	100000	4	0.026556590	8350647	3.14.2
io	read_table (csv, hoa)	pd.read_csv(mix.csv)	100000	5	0.025924490	8350647	3.14.2
io	read_table (csv, hoa)	pd.read_csv(mix.csv)	100000	6	0.026429865	8350647	3.14.2
io	read_table (xlsx)	pd.read_excel(mix.xlsx)	100000	0	4.332809448	32767869	3.14.2
io	read_table (xlsx)	pd.read_excel(mix.xlsx)	100000	1	4.329150895	32767869	3.14.2
io	read_table (xlsx)	pd.read_excel(mix.xlsx)	100000	2	4.339025325	32767869	3.14.2
io	read_table (xlsx)	pd.read_excel(mix.xlsx)	100000	3	4.330154525	32767869	3.14.2
io	read_table (xlsx)	pd.read_excel(mix.xlsx)	100000	4	4.342406374	32767869	3.14.2
io	read_table (xlsx)	pd.read_excel(mix.xlsx)	100000	5	4.328921433	32767869	3.14.2
io	read_table (xlsx)	pd.read_excel(mix.xlsx)	100000	6	4.343176332	32767869	3.14.2
io	write_table (csv, hoa)	df.to_csv(f, index=False)	100000	0	0.159688758	5950340	3.14.2
io	write_table (csv, hoa)	df.to_csv(f, index=False)	100000	1	0.158670903	5950340	3.14.2
io	write_table (csv, hoa)	df.to_csv(f, index=False)	100000	2	0.162094630	5950340	3.14.2
io	write_table (csv, hoa)	df.to_csv(f, index=False)	100000	3	0.162282417	5950340	3.14.2
io	write_table (csv, hoa)	df.to_csv(f, index=False)	100000	4	0.162394402	5950340	3.14.2
io	write_table (csv, hoa)	df.to_csv(f, index=False)	100000	5	0.162317377	5950340	3.14.2
io	write_table (csv, hoa)	df.to_csv(f, index=False)	100000	6	0.162083416	5950340	3.14.2
io	write_table (tsv, hoa)	df.to_csv(f, sep="\t", index=False)	100000	0	0.162194865	5953351	3.14.2
io	write_table (tsv, hoa)	df.to_csv(f, sep="\t", index=False)	100000	1	0.161935322	5953351	3.14.2
io	write_table (tsv, hoa)	df.to_csv(f, sep="\t", index=False)	100000	2	0.162178420	5953351	3.14.2
io	write_table (tsv, hoa)	df.to_csv(f, sep="\t", index=False)	100000	3	0.161963778	5953351	3.14.2
io	write_table (tsv, hoa)	df.to_csv(f, sep="\t", index=False)	100000	4	0.161841280	5953351	3.14.2
io	write_table (tsv, hoa)	df.to_csv(f, sep="\t", index=False)	100000	5	0.161823620	5953351	3.14.2
io	write_table (tsv, hoa)	df.to_csv(f, sep="\t", index=False)	100000	6	0.162014401	5953351	3.14.2
io	write_table (csv, aoa)	df.to_csv(f, index=False)	100000	0	0.162090812	5950084	3.14.2
io	write_table (csv, aoa)	df.to_csv(f, index=False)	100000	1	0.161905208	5950084	3.14.2
io	write_table (csv, aoa)	df.to_csv(f, index=False)	100000	2	0.161740605	5950084	3.14.2
io	write_table (csv, aoa)	df.to_csv(f, index=False)	100000	3	0.162143536	5950084	3.14.2
io	write_table (csv, aoa)	df.to_csv(f, index=False)	100000	4	0.161994413	5950084	3.14.2
io	write_table (csv, aoa)	df.to_csv(f, index=False)	100000	5	0.159903859	5950084	3.14.2
io	write_table (csv, aoa)	df.to_csv(f, index=False)	100000	6	0.162314035	5950084	3.14.2
io	write_table (csv, row.names)	df.to_csv(f, index=True)	100000	0	0.183218888	5961590	3.14.2
io	write_table (csv, row.names)	df.to_csv(f, index=True)	100000	1	0.181328639	5961590	3.14.2
io	write_table (csv, row.names)	df.to_csv(f, index=True)	100000	2	0.181489623	5961590	3.14.2
io	write_table (csv, row.names)	df.to_csv(f, index=True)	100000	3	0.181484838	5961590	3.14.2
io	write_table (csv, row.names)	df.to_csv(f, index=True)	100000	4	0.181717794	5961590	3.14.2
io	write_table (csv, row.names)	df.to_csv(f, index=True)	100000	5	0.181759141	5961590	3.14.2
io	write_table (csv, row.names)	df.to_csv(f, index=True)	100000	6	0.181791708	5961590	3.14.2
io	write_table (xlsx, hoa)	df.to_excel(f, index=False)	100000	0	5.757231814	183309339	3.14.2
io	write_table (xlsx, hoa)	df.to_excel(f, index=False)	100000	1	5.827302588	183309339	3.14.2
io	write_table (xlsx, hoa)	df.to_excel(f, index=False)	100000	2	5.713891920	183309339	3.14.2
io	write_table (xlsx, hoa)	df.to_excel(f, index=False)	100000	3	5.758641809	183309339	3.14.2
io	write_table (xlsx, hoa)	df.to_excel(f, index=False)	100000	4	5.691673803	183309339	3.14.2
io	write_table (xlsx, hoa)	df.to_excel(f, index=False)	100000	5	5.741980713	183309339	3.14.2
io	write_table (xlsx, hoa)	df.to_excel(f, index=False)	100000	6	5.716168803	183309339	3.14.2
io	read_table (csv, numeric)	pd.read_csv(num.csv)	300000	0	0.062918785	12147203	3.14.2
io	read_table (csv, numeric)	pd.read_csv(num.csv)	300000	1	0.061818711	12147203	3.14.2
io	read_table (csv, numeric)	pd.read_csv(num.csv)	300000	2	0.061930947	12147203	3.14.2
io	read_table (csv, numeric)	pd.read_csv(num.csv)	300000	3	0.061898623	12147203	3.14.2
io	read_table (csv, numeric)	pd.read_csv(num.csv)	300000	4	0.061333300	12147203	3.14.2
io	read_table (csv, numeric)	pd.read_csv(num.csv)	300000	5	0.061702066	12147203	3.14.2
io	read_table (csv, numeric)	pd.read_csv(num.csv)	300000	6	0.062275254	12147203	3.14.2
io	read_table (csv, mixed)	list(csv.DictReader(mix.csv))	300000	0	0.416769522	101492490	3.14.2
io	read_table (csv, mixed)	list(csv.DictReader(mix.csv))	300000	1	0.411055785	101492490	3.14.2
io	read_table (csv, mixed)	list(csv.DictReader(mix.csv))	300000	2	0.421650354	101492490	3.14.2
io	read_table (csv, mixed)	list(csv.DictReader(mix.csv))	300000	3	0.402232074	101492490	3.14.2
io	read_table (csv, mixed)	list(csv.DictReader(mix.csv))	300000	4	0.410567395	101492490	3.14.2
io	read_table (csv, mixed)	list(csv.DictReader(mix.csv))	300000	5	0.416427440	101492490	3.14.2
io	read_table (csv, mixed)	list(csv.DictReader(mix.csv))	300000	6	0.413135483	101492490	3.14.2
io	read_table (tsv, mixed)	list(csv.DictReader(mix.tsv, "\t"))	300000	0	0.415412909	101492439	3.14.2
io	read_table (tsv, mixed)	list(csv.DictReader(mix.tsv, "\t"))	300000	1	0.414211637	101492439	3.14.2
io	read_table (tsv, mixed)	list(csv.DictReader(mix.tsv, "\t"))	300000	2	0.414481621	101492439	3.14.2
io	read_table (tsv, mixed)	list(csv.DictReader(mix.tsv, "\t"))	300000	3	0.425205289	101492439	3.14.2
io	read_table (tsv, mixed)	list(csv.DictReader(mix.tsv, "\t"))	300000	4	0.408295434	101492439	3.14.2
io	read_table (tsv, mixed)	list(csv.DictReader(mix.tsv, "\t"))	300000	5	0.414044671	101492439	3.14.2
io	read_table (tsv, mixed)	list(csv.DictReader(mix.tsv, "\t"))	300000	6	0.415445802	101492439	3.14.2
io	read_table (csv, hoa)	pd.read_csv(mix.csv)	300000	0	0.080174863	24750800	3.14.2
io	read_table (csv, hoa)	pd.read_csv(mix.csv)	300000	1	0.080352124	24750800	3.14.2
io	read_table (csv, hoa)	pd.read_csv(mix.csv)	300000	2	0.080163583	24750800	3.14.2
io	read_table (csv, hoa)	pd.read_csv(mix.csv)	300000	3	0.083151023	24750800	3.14.2
io	read_table (csv, hoa)	pd.read_csv(mix.csv)	300000	4	0.079354871	24750800	3.14.2
io	read_table (csv, hoa)	pd.read_csv(mix.csv)	300000	5	0.079073353	24750800	3.14.2
io	read_table (csv, hoa)	pd.read_csv(mix.csv)	300000	6	0.078997358	24750800	3.14.2
io	read_table (xlsx)	pd.read_excel(mix.xlsx)	300000	0	13.855801338	97967878	3.14.2
io	read_table (xlsx)	pd.read_excel(mix.xlsx)	300000	1	13.562977409	97967878	3.14.2
io	read_table (xlsx)	pd.read_excel(mix.xlsx)	300000	2	13.341081124	97967878	3.14.2
io	read_table (xlsx)	pd.read_excel(mix.xlsx)	300000	3	13.316753198	97967878	3.14.2
io	read_table (xlsx)	pd.read_excel(mix.xlsx)	300000	4	13.342939271	97967878	3.14.2
io	read_table (xlsx)	pd.read_excel(mix.xlsx)	300000	5	13.432978904	97967878	3.14.2
io	read_table (xlsx)	pd.read_excel(mix.xlsx)	300000	6	13.482718458	97967878	3.14.2
io	write_table (csv, hoa)	df.to_csv(f, index=False)	300000	0	0.498038808	5969871	3.14.2
io	write_table (csv, hoa)	df.to_csv(f, index=False)	300000	1	0.495709944	5969871	3.14.2
io	write_table (csv, hoa)	df.to_csv(f, index=False)	300000	2	0.492335118	5969871	3.14.2
io	write_table (csv, hoa)	df.to_csv(f, index=False)	300000	3	0.516978433	5969871	3.14.2
io	write_table (csv, hoa)	df.to_csv(f, index=False)	300000	4	0.490971473	5969871	3.14.2
io	write_table (csv, hoa)	df.to_csv(f, index=False)	300000	5	0.489737878	5969871	3.14.2
io	write_table (csv, hoa)	df.to_csv(f, index=False)	300000	6	0.488759582	5969871	3.14.2
io	write_table (tsv, hoa)	df.to_csv(f, sep="\t", index=False)	300000	0	0.494333526	5967055	3.14.2
io	write_table (tsv, hoa)	df.to_csv(f, sep="\t", index=False)	300000	1	0.492744604	5967055	3.14.2
io	write_table (tsv, hoa)	df.to_csv(f, sep="\t", index=False)	300000	2	0.489900536	5967055	3.14.2
io	write_table (tsv, hoa)	df.to_csv(f, sep="\t", index=False)	300000	3	0.493803330	5967055	3.14.2
io	write_table (tsv, hoa)	df.to_csv(f, sep="\t", index=False)	300000	4	0.489526322	5967055	3.14.2
io	write_table (tsv, hoa)	df.to_csv(f, sep="\t", index=False)	300000	5	0.494878361	5967055	3.14.2
io	write_table (tsv, hoa)	df.to_csv(f, sep="\t", index=False)	300000	6	0.491479574	5967055	3.14.2
io	write_table (csv, aoa)	df.to_csv(f, index=False)	300000	0	0.496625368	5968655	3.14.2
io	write_table (csv, aoa)	df.to_csv(f, index=False)	300000	1	0.492161551	5968655	3.14.2
io	write_table (csv, aoa)	df.to_csv(f, index=False)	300000	2	0.489590655	5968655	3.14.2
io	write_table (csv, aoa)	df.to_csv(f, index=False)	300000	3	0.497978484	5968655	3.14.2
io	write_table (csv, aoa)	df.to_csv(f, index=False)	300000	4	0.492655209	5968655	3.14.2
io	write_table (csv, aoa)	df.to_csv(f, index=False)	300000	5	0.497939836	5968655	3.14.2
io	write_table (csv, aoa)	df.to_csv(f, index=False)	300000	6	0.499010737	5968655	3.14.2
io	write_table (csv, row.names)	df.to_csv(f, index=True)	300000	0	0.561491852	5966019	3.14.2
io	write_table (csv, row.names)	df.to_csv(f, index=True)	300000	1	0.563701416	5966019	3.14.2
io	write_table (csv, row.names)	df.to_csv(f, index=True)	300000	2	0.559223847	5966019	3.14.2
io	write_table (csv, row.names)	df.to_csv(f, index=True)	300000	3	0.552737789	5966019	3.14.2
io	write_table (csv, row.names)	df.to_csv(f, index=True)	300000	4	0.559947089	5966019	3.14.2
io	write_table (csv, row.names)	df.to_csv(f, index=True)	300000	5	0.558157499	5966019	3.14.2
io	write_table (csv, row.names)	df.to_csv(f, index=True)	300000	6	0.555665779	5966019	3.14.2
io	write_table (xlsx, hoa)	df.to_excel(f, index=False)	300000	0	17.462783849	562360577	3.14.2
io	write_table (xlsx, hoa)	df.to_excel(f, index=False)	300000	1	16.801772140	562360577	3.14.2
io	write_table (xlsx, hoa)	df.to_excel(f, index=False)	300000	2	17.369739246	562360577	3.14.2
io	write_table (xlsx, hoa)	df.to_excel(f, index=False)	300000	3	17.241222793	562360577	3.14.2
io	write_table (xlsx, hoa)	df.to_excel(f, index=False)	300000	4	18.135899622	562360577	3.14.2
io	write_table (xlsx, hoa)	df.to_excel(f, index=False)	300000	5	17.641114244	562360577	3.14.2
io	write_table (xlsx, hoa)	df.to_excel(f, index=False)	300000	6	16.946702384	562360577	3.14.2
frame	filter	df[df.x > 0]	1000	0	0.000300178	26569	3.14.2
frame	filter	df[df.x > 0]	1000	1	0.000267686	26569	3.14.2
frame	filter	df[df.x > 0]	1000	2	0.000261006	26569	3.14.2
frame	filter	df[df.x > 0]	1000	3	0.000262547	26569	3.14.2
frame	filter	df[df.x > 0]	1000	4	0.000268487	26569	3.14.2
frame	filter	df[df.x > 0]	1000	5	0.000268277	26569	3.14.2
frame	filter	df[df.x > 0]	1000	6	0.000262371	26569	3.14.2
frame	select_cols	df[['x','cat1']]	1000	0	0.000329192	5500	3.14.2
frame	select_cols	df[['x','cat1']]	1000	1	0.000308146	5500	3.14.2
frame	select_cols	df[['x','cat1']]	1000	2	0.000317704	5500	3.14.2
frame	select_cols	df[['x','cat1']]	1000	3	0.000288880	5500	3.14.2
frame	select_cols	df[['x','cat1']]	1000	4	0.000294222	5500	3.14.2
frame	select_cols	df[['x','cat1']]	1000	5	0.000294606	5500	3.14.2
frame	select_cols	df[['x','cat1']]	1000	6	0.000314175	5500	3.14.2
frame	group_by + mean	df.groupby('cat1')['x'].mean()	1000	0	0.000353251	22429	3.14.2
frame	group_by + mean	df.groupby('cat1')['x'].mean()	1000	1	0.000293730	22429	3.14.2
frame	group_by + mean	df.groupby('cat1')['x'].mean()	1000	2	0.000288522	22429	3.14.2
frame	group_by + mean	df.groupby('cat1')['x'].mean()	1000	3	0.000277465	22429	3.14.2
frame	group_by + mean	df.groupby('cat1')['x'].mean()	1000	4	0.000284511	22429	3.14.2
frame	group_by + mean	df.groupby('cat1')['x'].mean()	1000	5	0.000286113	22429	3.14.2
frame	group_by + mean	df.groupby('cat1')['x'].mean()	1000	6	0.000282280	22429	3.14.2
frame	merge	df_id.merge(df_id, on='id', how='inner')	1000	0	0.001997932	21454	3.14.2
frame	merge	df_id.merge(df_id, on='id', how='inner')	1000	1	0.001713858	21454	3.14.2
frame	merge	df_id.merge(df_id, on='id', how='inner')	1000	2	0.001653835	21454	3.14.2
frame	merge	df_id.merge(df_id, on='id', how='inner')	1000	3	0.001641447	21454	3.14.2
frame	merge	df_id.merge(df_id, on='id', how='inner')	1000	4	0.001653146	21454	3.14.2
frame	merge	df_id.merge(df_id, on='id', how='inner')	1000	5	0.001636078	21454	3.14.2
frame	merge	df_id.merge(df_id, on='id', how='inner')	1000	6	0.001633370	21454	3.14.2
frame	value_counts	df['cat1'].value_counts()	1000	0	0.000238228	10049	3.14.2
frame	value_counts	df['cat1'].value_counts()	1000	1	0.000213504	10049	3.14.2
frame	value_counts	df['cat1'].value_counts()	1000	2	0.000240794	10049	3.14.2
frame	value_counts	df['cat1'].value_counts()	1000	3	0.000216960	10049	3.14.2
frame	value_counts	df['cat1'].value_counts()	1000	4	0.000229220	10049	3.14.2
frame	value_counts	df['cat1'].value_counts()	1000	5	0.000214139	10049	3.14.2
frame	value_counts	df['cat1'].value_counts()	1000	6	0.000209035	10049	3.14.2
frame	drop_duplicates	df.drop_duplicates()	1000	0	0.000781891	84871	3.14.2
frame	drop_duplicates	df.drop_duplicates()	1000	1	0.000717724	84871	3.14.2
frame	drop_duplicates	df.drop_duplicates()	1000	2	0.000718586	84871	3.14.2
frame	drop_duplicates	df.drop_duplicates()	1000	3	0.000698219	84871	3.14.2
frame	drop_duplicates	df.drop_duplicates()	1000	4	0.000732319	84871	3.14.2
frame	drop_duplicates	df.drop_duplicates()	1000	5	0.000760437	84871	3.14.2
frame	drop_duplicates	df.drop_duplicates()	1000	6	0.000696532	84871	3.14.2
frame	transpose	arr.T.copy()	1000	0	0.000001257	24192	3.14.2
frame	transpose	arr.T.copy()	1000	1	0.000001204	24192	3.14.2
frame	transpose	arr.T.copy()	1000	2	0.000000906	24192	3.14.2
frame	transpose	arr.T.copy()	1000	3	0.000000923	24192	3.14.2
frame	transpose	arr.T.copy()	1000	4	0.000000897	24192	3.14.2
frame	transpose	arr.T.copy()	1000	5	0.000000917	24192	3.14.2
frame	transpose	arr.T.copy()	1000	6	0.000000898	24192	3.14.2
frame	aoh2hoa	pd.DataFrame(records)	1000	0	0.000824225	104856	3.14.2
frame	aoh2hoa	pd.DataFrame(records)	1000	1	0.000842394	104856	3.14.2
frame	aoh2hoa	pd.DataFrame(records)	1000	2	0.000839432	104856	3.14.2
frame	aoh2hoa	pd.DataFrame(records)	1000	3	0.000775816	104856	3.14.2
frame	aoh2hoa	pd.DataFrame(records)	1000	4	0.000802475	104856	3.14.2
frame	aoh2hoa	pd.DataFrame(records)	1000	5	0.000788390	104856	3.14.2
frame	aoh2hoa	pd.DataFrame(records)	1000	6	0.000792553	104856	3.14.2
frame	filter	df[df.x > 0]	3000	0	0.000327974	68757	3.14.2
frame	filter	df[df.x > 0]	3000	1	0.000293856	68757	3.14.2
frame	filter	df[df.x > 0]	3000	2	0.000291068	68757	3.14.2
frame	filter	df[df.x > 0]	3000	3	0.000287452	68757	3.14.2
frame	filter	df[df.x > 0]	3000	4	0.000306442	68757	3.14.2
frame	filter	df[df.x > 0]	3000	5	0.000304200	68757	3.14.2
frame	filter	df[df.x > 0]	3000	6	0.000281677	68757	3.14.2
frame	select_cols	df[['x','cat1']]	3000	0	0.000340955	5500	3.14.2
frame	select_cols	df[['x','cat1']]	3000	1	0.000287525	5500	3.14.2
frame	select_cols	df[['x','cat1']]	3000	2	0.000297025	5500	3.14.2
frame	select_cols	df[['x','cat1']]	3000	3	0.000291691	5500	3.14.2
frame	select_cols	df[['x','cat1']]	3000	4	0.000286933	5500	3.14.2
frame	select_cols	df[['x','cat1']]	3000	5	0.000293841	5500	3.14.2
frame	select_cols	df[['x','cat1']]	3000	6	0.000290672	5500	3.14.2
frame	group_by + mean	df.groupby('cat1')['x'].mean()	3000	0	0.000394777	53445	3.14.2
frame	group_by + mean	df.groupby('cat1')['x'].mean()	3000	1	0.000350667	53445	3.14.2
frame	group_by + mean	df.groupby('cat1')['x'].mean()	3000	2	0.000328913	53445	3.14.2
frame	group_by + mean	df.groupby('cat1')['x'].mean()	3000	3	0.000325373	53445	3.14.2
frame	group_by + mean	df.groupby('cat1')['x'].mean()	3000	4	0.000326226	53445	3.14.2
frame	group_by + mean	df.groupby('cat1')['x'].mean()	3000	5	0.000329433	53445	3.14.2
frame	group_by + mean	df.groupby('cat1')['x'].mean()	3000	6	0.000328365	53445	3.14.2
frame	merge	df_id.merge(df_id, on='id', how='inner')	3000	0	0.001770665	21314	3.14.2
frame	merge	df_id.merge(df_id, on='id', how='inner')	3000	1	0.001752318	21314	3.14.2
frame	merge	df_id.merge(df_id, on='id', how='inner')	3000	2	0.001686608	21314	3.14.2
frame	merge	df_id.merge(df_id, on='id', how='inner')	3000	3	0.001630514	21314	3.14.2
frame	merge	df_id.merge(df_id, on='id', how='inner')	3000	4	0.001613334	21314	3.14.2
frame	merge	df_id.merge(df_id, on='id', how='inner')	3000	5	0.001649831	21314	3.14.2
frame	merge	df_id.merge(df_id, on='id', how='inner')	3000	6	0.001691810	21314	3.14.2
frame	value_counts	df['cat1'].value_counts()	3000	0	0.000279298	10049	3.14.2
frame	value_counts	df['cat1'].value_counts()	3000	1	0.000250906	10049	3.14.2
frame	value_counts	df['cat1'].value_counts()	3000	2	0.000237398	10049	3.14.2
frame	value_counts	df['cat1'].value_counts()	3000	3	0.000237202	10049	3.14.2
frame	value_counts	df['cat1'].value_counts()	3000	4	0.000239063	10049	3.14.2
frame	value_counts	df['cat1'].value_counts()	3000	5	0.000230051	10049	3.14.2
frame	value_counts	df['cat1'].value_counts()	3000	6	0.000243201	10049	3.14.2
frame	drop_duplicates	df.drop_duplicates()	3000	0	0.000775352	215895	3.14.2
frame	drop_duplicates	df.drop_duplicates()	3000	1	0.000727009	215895	3.14.2
frame	drop_duplicates	df.drop_duplicates()	3000	2	0.000768750	215895	3.14.2
frame	drop_duplicates	df.drop_duplicates()	3000	3	0.000760211	215895	3.14.2
frame	drop_duplicates	df.drop_duplicates()	3000	4	0.000718664	215895	3.14.2
frame	drop_duplicates	df.drop_duplicates()	3000	5	0.000782648	215895	3.14.2
frame	drop_duplicates	df.drop_duplicates()	3000	6	0.000757289	215895	3.14.2
frame	transpose	arr.T.copy()	3000	0	0.000001872	72192	3.14.2
frame	transpose	arr.T.copy()	3000	1	0.000001918	72192	3.14.2
frame	transpose	arr.T.copy()	3000	2	0.000001904	72192	3.14.2
frame	transpose	arr.T.copy()	3000	3	0.000001914	72192	3.14.2
frame	transpose	arr.T.copy()	3000	4	0.000001903	72192	3.14.2
frame	transpose	arr.T.copy()	3000	5	0.000001909	72192	3.14.2
frame	transpose	arr.T.copy()	3000	6	0.000001908	72192	3.14.2
frame	aoh2hoa	pd.DataFrame(records)	3000	0	0.002087835	300856	3.14.2
frame	aoh2hoa	pd.DataFrame(records)	3000	1	0.002001778	300856	3.14.2
frame	aoh2hoa	pd.DataFrame(records)	3000	2	0.001980858	300856	3.14.2
frame	aoh2hoa	pd.DataFrame(records)	3000	3	0.001974926	300856	3.14.2
frame	aoh2hoa	pd.DataFrame(records)	3000	4	0.002000682	300856	3.14.2
frame	aoh2hoa	pd.DataFrame(records)	3000	5	0.002000890	300856	3.14.2
frame	aoh2hoa	pd.DataFrame(records)	3000	6	0.001988674	300856	3.14.2
frame	filter	df[df.x > 0]	10000	0	0.000290387	217002	3.14.2
frame	filter	df[df.x > 0]	10000	1	0.000268753	217002	3.14.2
frame	filter	df[df.x > 0]	10000	2	0.000275101	217002	3.14.2
frame	filter	df[df.x > 0]	10000	3	0.000262162	217002	3.14.2
frame	filter	df[df.x > 0]	10000	4	0.000262569	217002	3.14.2
frame	filter	df[df.x > 0]	10000	5	0.000271668	217002	3.14.2
frame	filter	df[df.x > 0]	10000	6	0.000271729	217002	3.14.2
frame	select_cols	df[['x','cat1']]	10000	0	0.000368128	5500	3.14.2
frame	select_cols	df[['x','cat1']]	10000	1	0.000315133	5500	3.14.2
frame	select_cols	df[['x','cat1']]	10000	2	0.000298378	5500	3.14.2
frame	select_cols	df[['x','cat1']]	10000	3	0.000290131	5500	3.14.2
frame	select_cols	df[['x','cat1']]	10000	4	0.000326158	5500	3.14.2
frame	select_cols	df[['x','cat1']]	10000	5	0.000303282	5500	3.14.2
frame	select_cols	df[['x','cat1']]	10000	6	0.000287175	5500	3.14.2
frame	group_by + mean	df.groupby('cat1')['x'].mean()	10000	0	0.000505356	165957	3.14.2
frame	group_by + mean	df.groupby('cat1')['x'].mean()	10000	1	0.000484873	165957	3.14.2
frame	group_by + mean	df.groupby('cat1')['x'].mean()	10000	2	0.000549675	165957	3.14.2
frame	group_by + mean	df.groupby('cat1')['x'].mean()	10000	3	0.000474185	165957	3.14.2
frame	group_by + mean	df.groupby('cat1')['x'].mean()	10000	4	0.000472870	165957	3.14.2
frame	group_by + mean	df.groupby('cat1')['x'].mean()	10000	5	0.000471320	165957	3.14.2
frame	group_by + mean	df.groupby('cat1')['x'].mean()	10000	6	0.000467570	165957	3.14.2
frame	merge	df_id.merge(df_id, on='id', how='inner')	10000	0	0.001721663	21314	3.14.2
frame	merge	df_id.merge(df_id, on='id', how='inner')	10000	1	0.001721815	21314	3.14.2
frame	merge	df_id.merge(df_id, on='id', how='inner')	10000	2	0.001644823	21314	3.14.2
frame	merge	df_id.merge(df_id, on='id', how='inner')	10000	3	0.001659843	21314	3.14.2
frame	merge	df_id.merge(df_id, on='id', how='inner')	10000	4	0.001682675	21314	3.14.2
frame	merge	df_id.merge(df_id, on='id', how='inner')	10000	5	0.001777972	21314	3.14.2
frame	merge	df_id.merge(df_id, on='id', how='inner')	10000	6	0.001692368	21314	3.14.2
frame	value_counts	df['cat1'].value_counts()	10000	0	0.000371420	8865	3.14.2
frame	value_counts	df['cat1'].value_counts()	10000	1	0.000351600	8865	3.14.2
frame	value_counts	df['cat1'].value_counts()	10000	2	0.000350958	8865	3.14.2
frame	value_counts	df['cat1'].value_counts()	10000	3	0.000393296	8865	3.14.2
frame	value_counts	df['cat1'].value_counts()	10000	4	0.000373005	8865	3.14.2
frame	value_counts	df['cat1'].value_counts()	10000	5	0.000348000	8865	3.14.2
frame	value_counts	df['cat1'].value_counts()	10000	6	0.000337792	8865	3.14.2
frame	drop_duplicates	df.drop_duplicates()	10000	0	0.001384438	771598	3.14.2
frame	drop_duplicates	df.drop_duplicates()	10000	1	0.001353578	771598	3.14.2
frame	drop_duplicates	df.drop_duplicates()	10000	2	0.001490621	771598	3.14.2
frame	drop_duplicates	df.drop_duplicates()	10000	3	0.001364646	771598	3.14.2
frame	drop_duplicates	df.drop_duplicates()	10000	4	0.001373847	771598	3.14.2
frame	drop_duplicates	df.drop_duplicates()	10000	5	0.001339496	771598	3.14.2
frame	drop_duplicates	df.drop_duplicates()	10000	6	0.001330290	771598	3.14.2
frame	transpose	arr.T.copy()	10000	0	0.000005110	240192	3.14.2
frame	transpose	arr.T.copy()	10000	1	0.000005236	240192	3.14.2
frame	transpose	arr.T.copy()	10000	2	0.000005450	240192	3.14.2
frame	transpose	arr.T.copy()	10000	3	0.000005287	240192	3.14.2
frame	transpose	arr.T.copy()	10000	4	0.000005178	240192	3.14.2
frame	transpose	arr.T.copy()	10000	5	0.000005240	240192	3.14.2
frame	transpose	arr.T.copy()	10000	6	0.000005195	240192	3.14.2
frame	aoh2hoa	pd.DataFrame(records)	10000	0	0.006625209	986856	3.14.2
frame	aoh2hoa	pd.DataFrame(records)	10000	1	0.006154105	986856	3.14.2
frame	aoh2hoa	pd.DataFrame(records)	10000	2	0.006036974	986856	3.14.2
frame	aoh2hoa	pd.DataFrame(records)	10000	3	0.006191789	986856	3.14.2
frame	aoh2hoa	pd.DataFrame(records)	10000	4	0.006105465	986856	3.14.2
frame	aoh2hoa	pd.DataFrame(records)	10000	5	0.006203617	986856	3.14.2
frame	aoh2hoa	pd.DataFrame(records)	10000	6	0.006157136	986856	3.14.2
frame	filter	df[df.x > 0]	30000	0	0.000473352	651430	3.14.2
frame	filter	df[df.x > 0]	30000	1	0.000407028	651430	3.14.2
frame	filter	df[df.x > 0]	30000	2	0.000414217	651430	3.14.2
frame	filter	df[df.x > 0]	30000	3	0.000405486	651430	3.14.2
frame	filter	df[df.x > 0]	30000	4	0.000398354	651430	3.14.2
frame	filter	df[df.x > 0]	30000	5	0.000392901	651430	3.14.2
frame	filter	df[df.x > 0]	30000	6	0.000391533	651430	3.14.2
frame	select_cols	df[['x','cat1']]	30000	0	0.000312902	5500	3.14.2
frame	select_cols	df[['x','cat1']]	30000	1	0.000307502	5500	3.14.2
frame	select_cols	df[['x','cat1']]	30000	2	0.000305960	5500	3.14.2
frame	select_cols	df[['x','cat1']]	30000	3	0.000286452	5500	3.14.2
frame	select_cols	df[['x','cat1']]	30000	4	0.000283546	5500	3.14.2
frame	select_cols	df[['x','cat1']]	30000	5	0.000286534	5500	3.14.2
frame	select_cols	df[['x','cat1']]	30000	6	0.000307862	5500	3.14.2
frame	group_by + mean	df.groupby('cat1')['x'].mean()	30000	0	0.000903152	485957	3.14.2
frame	group_by + mean	df.groupby('cat1')['x'].mean()	30000	1	0.000979283	485957	3.14.2
frame	group_by + mean	df.groupby('cat1')['x'].mean()	30000	2	0.000895294	485957	3.14.2
frame	group_by + mean	df.groupby('cat1')['x'].mean()	30000	3	0.000893146	485957	3.14.2
frame	group_by + mean	df.groupby('cat1')['x'].mean()	30000	4	0.000860258	485957	3.14.2
frame	group_by + mean	df.groupby('cat1')['x'].mean()	30000	5	0.000858193	485957	3.14.2
frame	group_by + mean	df.groupby('cat1')['x'].mean()	30000	6	0.000924225	485957	3.14.2
frame	merge	df_id.merge(df_id, on='id', how='inner')	30000	0	0.001682058	36137	3.14.2
frame	merge	df_id.merge(df_id, on='id', how='inner')	30000	1	0.001658633	36137	3.14.2
frame	merge	df_id.merge(df_id, on='id', how='inner')	30000	2	0.001748658	36137	3.14.2
frame	merge	df_id.merge(df_id, on='id', how='inner')	30000	3	0.002127420	36137	3.14.2
frame	merge	df_id.merge(df_id, on='id', how='inner')	30000	4	0.001770903	36137	3.14.2
frame	merge	df_id.merge(df_id, on='id', how='inner')	30000	5	0.001657590	36137	3.14.2
frame	merge	df_id.merge(df_id, on='id', how='inner')	30000	6	0.001650788	36137	3.14.2
frame	value_counts	df['cat1'].value_counts()	30000	0	0.000691147	8865	3.14.2
frame	value_counts	df['cat1'].value_counts()	30000	1	0.000666117	8865	3.14.2
frame	value_counts	df['cat1'].value_counts()	30000	2	0.000661019	8865	3.14.2
frame	value_counts	df['cat1'].value_counts()	30000	3	0.000642387	8865	3.14.2
frame	value_counts	df['cat1'].value_counts()	30000	4	0.000636735	8865	3.14.2
frame	value_counts	df['cat1'].value_counts()	30000	5	0.000627219	8865	3.14.2
frame	value_counts	df['cat1'].value_counts()	30000	6	0.000627638	8865	3.14.2
frame	drop_duplicates	df.drop_duplicates()	30000	0	0.002909920	2529665	3.14.2
frame	drop_duplicates	df.drop_duplicates()	30000	1	0.002906306	2529665	3.14.2
frame	drop_duplicates	df.drop_duplicates()	30000	2	0.002975436	2529665	3.14.2
frame	drop_duplicates	df.drop_duplicates()	30000	3	0.002952832	2529665	3.14.2
frame	drop_duplicates	df.drop_duplicates()	30000	4	0.002818808	2529665	3.14.2
frame	drop_duplicates	df.drop_duplicates()	30000	5	0.002838778	2529665	3.14.2
frame	drop_duplicates	df.drop_duplicates()	30000	6	0.002872511	2529665	3.14.2
frame	transpose	arr.T.copy()	30000	0	0.000020881	720192	3.14.2
frame	transpose	arr.T.copy()	30000	1	0.000021259	720192	3.14.2
frame	transpose	arr.T.copy()	30000	2	0.000023054	720192	3.14.2
frame	transpose	arr.T.copy()	30000	3	0.000023001	720192	3.14.2
frame	transpose	arr.T.copy()	30000	4	0.000025552	720192	3.14.2
frame	transpose	arr.T.copy()	30000	5	0.000022554	720192	3.14.2
frame	transpose	arr.T.copy()	30000	6	0.000022395	720192	3.14.2
frame	aoh2hoa	pd.DataFrame(records)	30000	0	0.017637123	2946856	3.14.2
frame	aoh2hoa	pd.DataFrame(records)	30000	1	0.017403735	2946856	3.14.2
frame	aoh2hoa	pd.DataFrame(records)	30000	2	0.017367411	2946856	3.14.2
frame	aoh2hoa	pd.DataFrame(records)	30000	3	0.018090796	2946856	3.14.2
frame	aoh2hoa	pd.DataFrame(records)	30000	4	0.017443533	2946856	3.14.2
frame	aoh2hoa	pd.DataFrame(records)	30000	5	0.017429976	2946856	3.14.2
frame	aoh2hoa	pd.DataFrame(records)	30000	6	0.017532535	2946856	3.14.2
frame	filter	df[df.x > 0]	100000	0	0.000922691	2138841	3.14.2
frame	filter	df[df.x > 0]	100000	1	0.000854545	2138841	3.14.2
frame	filter	df[df.x > 0]	100000	2	0.000883472	2138841	3.14.2
frame	filter	df[df.x > 0]	100000	3	0.000837941	2138841	3.14.2
frame	filter	df[df.x > 0]	100000	4	0.000843048	2138841	3.14.2
frame	filter	df[df.x > 0]	100000	5	0.000846084	2138841	3.14.2
frame	filter	df[df.x > 0]	100000	6	0.000891202	2138841	3.14.2
frame	select_cols	df[['x','cat1']]	100000	0	0.000328560	5500	3.14.2
frame	select_cols	df[['x','cat1']]	100000	1	0.000308385	5500	3.14.2
frame	select_cols	df[['x','cat1']]	100000	2	0.000293324	5500	3.14.2
frame	select_cols	df[['x','cat1']]	100000	3	0.000283426	5500	3.14.2
frame	select_cols	df[['x','cat1']]	100000	4	0.000282720	5500	3.14.2
frame	select_cols	df[['x','cat1']]	100000	5	0.000293078	5500	3.14.2
frame	select_cols	df[['x','cat1']]	100000	6	0.000313987	5500	3.14.2
frame	group_by + mean	df.groupby('cat1')['x'].mean()	100000	0	0.002323878	1605957	3.14.2
frame	group_by + mean	df.groupby('cat1')['x'].mean()	100000	1	0.002271065	1605957	3.14.2
frame	group_by + mean	df.groupby('cat1')['x'].mean()	100000	2	0.002267727	1605957	3.14.2
frame	group_by + mean	df.groupby('cat1')['x'].mean()	100000	3	0.002349592	1605957	3.14.2
frame	group_by + mean	df.groupby('cat1')['x'].mean()	100000	4	0.002429345	1605957	3.14.2
frame	group_by + mean	df.groupby('cat1')['x'].mean()	100000	5	0.002346104	1605957	3.14.2
frame	group_by + mean	df.groupby('cat1')['x'].mean()	100000	6	0.002250526	1605957	3.14.2
frame	merge	df_id.merge(df_id, on='id', how='inner')	100000	0	0.002237301	106257	3.14.2
frame	merge	df_id.merge(df_id, on='id', how='inner')	100000	1	0.001948846	106257	3.14.2
frame	merge	df_id.merge(df_id, on='id', how='inner')	100000	2	0.001748710	106257	3.14.2
frame	merge	df_id.merge(df_id, on='id', how='inner')	100000	3	0.001709196	106257	3.14.2
frame	merge	df_id.merge(df_id, on='id', how='inner')	100000	4	0.001731047	106257	3.14.2
frame	merge	df_id.merge(df_id, on='id', how='inner')	100000	5	0.001828270	106257	3.14.2
frame	merge	df_id.merge(df_id, on='id', how='inner')	100000	6	0.001693589	106257	3.14.2
frame	value_counts	df['cat1'].value_counts()	100000	0	0.001598733	8865	3.14.2
frame	value_counts	df['cat1'].value_counts()	100000	1	0.001698201	8865	3.14.2
frame	value_counts	df['cat1'].value_counts()	100000	2	0.001690463	8865	3.14.2
frame	value_counts	df['cat1'].value_counts()	100000	3	0.001601105	8865	3.14.2
frame	value_counts	df['cat1'].value_counts()	100000	4	0.001604302	8865	3.14.2
frame	value_counts	df['cat1'].value_counts()	100000	5	0.001597810	8865	3.14.2
frame	value_counts	df['cat1'].value_counts()	100000	6	0.001606048	8865	3.14.2
frame	drop_duplicates	df.drop_duplicates()	100000	0	0.010647877	7016333	3.14.2
frame	drop_duplicates	df.drop_duplicates()	100000	1	0.011382526	7016333	3.14.2
frame	drop_duplicates	df.drop_duplicates()	100000	2	0.010832394	7016333	3.14.2
frame	drop_duplicates	df.drop_duplicates()	100000	3	0.010703878	7016333	3.14.2
frame	drop_duplicates	df.drop_duplicates()	100000	4	0.010552749	7016333	3.14.2
frame	drop_duplicates	df.drop_duplicates()	100000	5	0.010579128	7016333	3.14.2
frame	drop_duplicates	df.drop_duplicates()	100000	6	0.010554027	7016333	3.14.2
frame	transpose	arr.T.copy()	100000	0	0.000101049	2400192	3.14.2
frame	transpose	arr.T.copy()	100000	1	0.000100869	2400192	3.14.2
frame	transpose	arr.T.copy()	100000	2	0.000124220	2400192	3.14.2
frame	transpose	arr.T.copy()	100000	3	0.000135083	2400192	3.14.2
frame	transpose	arr.T.copy()	100000	4	0.000112061	2400192	3.14.2
frame	transpose	arr.T.copy()	100000	5	0.000100832	2400192	3.14.2
frame	transpose	arr.T.copy()	100000	6	0.000108445	2400192	3.14.2
frame	aoh2hoa	pd.DataFrame(records)	100000	0	0.058799881	9806856	3.14.2
frame	aoh2hoa	pd.DataFrame(records)	100000	1	0.058480111	9806856	3.14.2
frame	aoh2hoa	pd.DataFrame(records)	100000	2	0.058045432	9806856	3.14.2
frame	aoh2hoa	pd.DataFrame(records)	100000	3	0.058048835	9806856	3.14.2
frame	aoh2hoa	pd.DataFrame(records)	100000	4	0.057645730	9806856	3.14.2
frame	aoh2hoa	pd.DataFrame(records)	100000	5	0.057799523	9806856	3.14.2
frame	aoh2hoa	pd.DataFrame(records)	100000	6	0.057877725	9806856	3.14.2
frame	filter	df[df.x > 0]	300000	0	0.002453522	6445606	3.14.2
frame	filter	df[df.x > 0]	300000	1	0.002399456	6445606	3.14.2
frame	filter	df[df.x > 0]	300000	2	0.002456177	6445606	3.14.2
frame	filter	df[df.x > 0]	300000	3	0.002607343	6445606	3.14.2
frame	filter	df[df.x > 0]	300000	4	0.002453245	6445606	3.14.2
frame	filter	df[df.x > 0]	300000	5	0.002442879	6445606	3.14.2
frame	filter	df[df.x > 0]	300000	6	0.002739219	6445606	3.14.2
frame	select_cols	df[['x','cat1']]	300000	0	0.000312894	5500	3.14.2
frame	select_cols	df[['x','cat1']]	300000	1	0.000296964	5500	3.14.2
frame	select_cols	df[['x','cat1']]	300000	2	0.000330212	5500	3.14.2
frame	select_cols	df[['x','cat1']]	300000	3	0.000296005	5500	3.14.2
frame	select_cols	df[['x','cat1']]	300000	4	0.000293401	5500	3.14.2
frame	select_cols	df[['x','cat1']]	300000	5	0.000297809	5500	3.14.2
frame	select_cols	df[['x','cat1']]	300000	6	0.000321682	5500	3.14.2
frame	group_by + mean	df.groupby('cat1')['x'].mean()	300000	0	0.006344216	4806565	3.14.2
frame	group_by + mean	df.groupby('cat1')['x'].mean()	300000	1	0.006262457	4806565	3.14.2
frame	group_by + mean	df.groupby('cat1')['x'].mean()	300000	2	0.006461633	4806565	3.14.2
frame	group_by + mean	df.groupby('cat1')['x'].mean()	300000	3	0.006245777	4806565	3.14.2
frame	group_by + mean	df.groupby('cat1')['x'].mean()	300000	4	0.006517615	4806565	3.14.2
frame	group_by + mean	df.groupby('cat1')['x'].mean()	300000	5	0.006246726	4806565	3.14.2
frame	group_by + mean	df.groupby('cat1')['x'].mean()	300000	6	0.006174265	4806565	3.14.2
frame	merge	df_id.merge(df_id, on='id', how='inner')	300000	0	0.002025911	306257	3.14.2
frame	merge	df_id.merge(df_id, on='id', how='inner')	300000	1	0.001921494	306257	3.14.2
frame	merge	df_id.merge(df_id, on='id', how='inner')	300000	2	0.001937331	306257	3.14.2
frame	merge	df_id.merge(df_id, on='id', how='inner')	300000	3	0.001951794	306257	3.14.2
frame	merge	df_id.merge(df_id, on='id', how='inner')	300000	4	0.002018853	306257	3.14.2
frame	merge	df_id.merge(df_id, on='id', how='inner')	300000	5	0.001979053	306257	3.14.2
frame	merge	df_id.merge(df_id, on='id', how='inner')	300000	6	0.002012593	306257	3.14.2
frame	value_counts	df['cat1'].value_counts()	300000	0	0.004555107	8865	3.14.2
frame	value_counts	df['cat1'].value_counts()	300000	1	0.004524573	8865	3.14.2
frame	value_counts	df['cat1'].value_counts()	300000	2	0.004493833	8865	3.14.2
frame	value_counts	df['cat1'].value_counts()	300000	3	0.004517650	8865	3.14.2
frame	value_counts	df['cat1'].value_counts()	300000	4	0.004496576	8865	3.14.2
frame	value_counts	df['cat1'].value_counts()	300000	5	0.004483278	8865	3.14.2
frame	value_counts	df['cat1'].value_counts()	300000	6	0.004454970	8865	3.14.2
frame	drop_duplicates	df.drop_duplicates()	300000	0	0.029930843	23156941	3.14.2
frame	drop_duplicates	df.drop_duplicates()	300000	1	0.032118563	23156941	3.14.2
frame	drop_duplicates	df.drop_duplicates()	300000	2	0.029967775	23156941	3.14.2
frame	drop_duplicates	df.drop_duplicates()	300000	3	0.030682915	23156941	3.14.2
frame	drop_duplicates	df.drop_duplicates()	300000	4	0.030202489	23156941	3.14.2
frame	drop_duplicates	df.drop_duplicates()	300000	5	0.031065323	23156941	3.14.2
frame	drop_duplicates	df.drop_duplicates()	300000	6	0.030787541	23156941	3.14.2
frame	transpose	arr.T.copy()	300000	0	0.000340292	7200192	3.14.2
frame	transpose	arr.T.copy()	300000	1	0.000359745	7200192	3.14.2
frame	transpose	arr.T.copy()	300000	2	0.000354910	7200192	3.14.2
frame	transpose	arr.T.copy()	300000	3	0.000336802	7200192	3.14.2
frame	transpose	arr.T.copy()	300000	4	0.000312648	7200192	3.14.2
frame	transpose	arr.T.copy()	300000	5	0.000309868	7200192	3.14.2
frame	transpose	arr.T.copy()	300000	6	0.000350390	7200192	3.14.2
frame	aoh2hoa	pd.DataFrame(records)	300000	0	0.177308551	29406856	3.14.2
frame	aoh2hoa	pd.DataFrame(records)	300000	1	0.176274748	29406856	3.14.2
frame	aoh2hoa	pd.DataFrame(records)	300000	2	0.174899562	29406856	3.14.2
frame	aoh2hoa	pd.DataFrame(records)	300000	3	0.173464127	29406856	3.14.2
frame	aoh2hoa	pd.DataFrame(records)	300000	4	0.175355642	29406856	3.14.2
frame	aoh2hoa	pd.DataFrame(records)	300000	5	0.173759342	29406856	3.14.2
frame	aoh2hoa	pd.DataFrame(records)	300000	6	0.174617731	29406856	3.14.2
