run	seconds
0	0.00475883483886719
1	0.00140929222106934
2	0.00128841400146484
3	0.00126552581787109
4	0.0012814998626709
5	0.00130438804626465
6	0.00127291679382324
7	0.00125384330749512
8	0.00126266479492188
9	0.00131773948669434
