run	seconds
0	0.00355887413024902
1	0.00303554534912109
2	0.00301837921142578
3	0.00303030014038086
4	0.00299835205078125
5	0.00298070907592773
6	0.00295877456665039
7	0.00297260284423828
8	0.00295567512512207
9	0.00297427177429199
