figure	function	call	n	run	seconds	bytes
vector	sum	sum(x)	1000	0	6.31809234619141e-06	116628.800000004
vector	sum	sum(x)	1000	1	4.05311584472656e-06	116628.800000004
vector	sum	sum(x)	1000	2	2.86102294921875e-06	116628.800000004
vector	sum	sum(x)	1000	3	2.62260437011719e-06	116628.800000004
vector	sum	sum(x)	1000	4	2.50339508056641e-06	116628.800000004
vector	sum	sum(x)	1000	5	2.62260437011719e-06	116628.800000004
vector	sum	sum(x)	1000	6	5.7220458984375e-06	116628.800000004
vector	min	min(x)	1000	0	7.2320302327474e-06	187568
vector	min	min(x)	1000	1	3.49680582682292e-06	187568
vector	min	min(x)	1000	2	2.86102294921875e-06	187568
vector	min	min(x)	1000	3	2.62260437011719e-06	187568
vector	min	min(x)	1000	4	2.54313151041667e-06	187568
vector	min	min(x)	1000	5	2.54313151041667e-06	187568
vector	min	min(x)	1000	6	2.62260437011719e-06	187568
vector	max	max(x)	1000	0	6.03993733723958e-06	179040
vector	max	max(x)	1000	1	3.17891438802083e-06	179040
vector	max	max(x)	1000	2	2.94049580891927e-06	179040
vector	max	max(x)	1000	3	2.70207722981771e-06	179040
vector	max	max(x)	1000	4	2.46365865071615e-06	179040
vector	max	max(x)	1000	5	2.38418579101562e-06	179040
vector	max	max(x)	1000	6	2.38418579101562e-06	179040
vector	mean	mean(x)	1000	0	1.27156575520833e-05	155808
vector	mean	mean(x)	1000	1	6.35782877604167e-06	155808
vector	mean	mean(x)	1000	2	5.40415445963542e-06	155808
vector	mean	mean(x)	1000	3	5.24520874023438e-06	155808
vector	mean	mean(x)	1000	4	5.24520874023438e-06	155808
vector	mean	mean(x)	1000	5	5.40415445963542e-06	155808
vector	mean	mean(x)	1000	6	5.08626302083333e-06	155808
vector	median	median(x)	1000	0	6.5922737121582e-05	134144
vector	median	median(x)	1000	1	3.7074089050293e-05	134144
vector	median	median(x)	1000	2	2.86102294921875e-05	134144
vector	median	median(x)	1000	3	2.7775764465332e-05	134144
vector	median	median(x)	1000	4	3.07559967041016e-05	134144
vector	median	median(x)	1000	5	2.50339508056641e-05	134144
vector	median	median(x)	1000	6	2.51531600952148e-05	134144
vector	sd	sd(x)	1000	0	1.83582305908203e-05	124784
vector	sd	sd(x)	1000	1	1.07288360595703e-05	124784
vector	sd	sd(x)	1000	2	9.5367431640625e-06	124784
vector	sd	sd(x)	1000	3	9.77516174316406e-06	124784
vector	sd	sd(x)	1000	4	9.05990600585938e-06	124784
vector	sd	sd(x)	1000	5	9.21885172526042e-06	124784
vector	sd	sd(x)	1000	6	8.98043314615885e-06	124784
vector	var	var(x)	1000	0	2.39213307698568e-05	117696
vector	var	var(x)	1000	1	1.37488047281901e-05	117696
vector	var	var(x)	1000	2	1.07288360595703e-05	117696
vector	var	var(x)	1000	3	1.18414560953776e-05	117696
vector	var	var(x)	1000	4	9.9341074625651e-06	117696
vector	var	var(x)	1000	5	1.02519989013672e-05	117696
vector	var	var(x)	1000	6	1.16825103759766e-05	117696
vector	quantile	quantile(x, c(.25,.5,.75))	1000	0	0.00017082691192627	224910.399999999
vector	quantile	quantile(x, c(.25,.5,.75))	1000	1	0.000119686126708984	224910.399999999
vector	quantile	quantile(x, c(.25,.5,.75))	1000	2	9.6440315246582e-05	224910.399999999
vector	quantile	quantile(x, c(.25,.5,.75))	1000	3	0.000106453895568848	224910.399999999
vector	quantile	quantile(x, c(.25,.5,.75))	1000	4	9.40561294555664e-05	224910.399999999
vector	quantile	quantile(x, c(.25,.5,.75))	1000	5	8.60691070556641e-05	224910.399999999
vector	quantile	quantile(x, c(.25,.5,.75))	1000	6	0.000105023384094238	224910.399999999
vector	cor	cor(x, y)	1000	0	4.0888786315918e-05	135086.399999999
vector	cor	cor(x, y)	1000	1	2.24113464355469e-05	135086.399999999
vector	cor	cor(x, y)	1000	2	1.96695327758789e-05	135086.399999999
vector	cor	cor(x, y)	1000	3	1.97887420654297e-05	135086.399999999
vector	cor	cor(x, y)	1000	4	1.88350677490234e-05	135086.399999999
vector	cor	cor(x, y)	1000	5	1.93119049072266e-05	135086.399999999
vector	cor	cor(x, y)	1000	6	1.87158584594727e-05	135086.399999999
vector	cov	cov(x, y)	1000	0	5.03063201904297e-05	127510.399999999
vector	cov	cov(x, y)	1000	1	2.71797180175781e-05	127510.399999999
vector	cov	cov(x, y)	1000	2	2.21729278564453e-05	127510.399999999
vector	cov	cov(x, y)	1000	3	2.00271606445312e-05	127510.399999999
vector	cov	cov(x, y)	1000	4	2.95639038085938e-05	127510.399999999
vector	cov	cov(x, y)	1000	5	2.13384628295898e-05	127510.399999999
vector	cov	cov(x, y)	1000	6	1.96695327758789e-05	127510.399999999
vector	sum	sum(x)	3000	0	3.20304750772047e-06	80678.3999999985
vector	sum	sum(x)	3000	1	3.11691723568901e-06	80678.3999999985
vector	sum	sum(x)	3000	2	3.53009288847759e-06	80678.3999999985
vector	sum	sum(x)	3000	3	3.12066203012516e-06	80678.3999999985
vector	sum	sum(x)	3000	4	3.05200746546241e-06	80678.3999999985
vector	sum	sum(x)	3000	5	2.99333901929606e-06	80678.3999999985
vector	sum	sum(x)	3000	6	2.93342230831765e-06	80678.3999999985
vector	min	min(x)	3000	0	4.26354195907531e-06	76350.3999999985
vector	min	min(x)	3000	1	4.0328454392159e-06	76350.3999999985
vector	min	min(x)	3000	2	3.89481363026237e-06	76350.3999999985
vector	min	min(x)	3000	3	3.78380902865638e-06	76350.3999999985
vector	min	min(x)	3000	4	3.69693586218212e-06	76350.3999999985
vector	min	min(x)	3000	5	3.72975461396129e-06	76350.3999999985
vector	min	min(x)	3000	6	3.71141472326117e-06	76350.3999999985
vector	max	max(x)	3000	0	4.03182847159249e-06	72046.3999999985
vector	max	max(x)	3000	1	3.94667897905622e-06	72046.3999999985
vector	max	max(x)	3000	2	3.79340989249093e-06	72046.3999999985
vector	max	max(x)	3000	3	3.83853912353516e-06	72046.3999999985
vector	max	max(x)	3000	4	3.73550823756627e-06	72046.3999999985
vector	max	max(x)	3000	5	3.68952751159668e-06	72046.3999999985
vector	max	max(x)	3000	6	3.67845807756696e-06	72046.3999999985
vector	mean	mean(x)	3000	0	7.72301439215375e-06	67702.3999999985
vector	mean	mean(x)	3000	1	7.45588572237504e-06	67702.3999999985
vector	mean	mean(x)	3000	2	7.13508166567817e-06	67702.3999999985
vector	mean	mean(x)	3000	3	7.07890974913592e-06	67702.3999999985
vector	mean	mean(x)	3000	4	7.03522048071417e-06	67702.3999999985
vector	mean	mean(x)	3000	5	6.99777253635267e-06	67702.3999999985
vector	mean	mean(x)	3000	6	6.97405550492372e-06	67702.3999999985
vector	median	median(x)	3000	0	4.85738118489583e-05	168256
vector	median	median(x)	3000	1	4.87089157104492e-05	168256
vector	median	median(x)	3000	2	4.60624694824219e-05	168256
vector	median	median(x)	3000	3	4.28120295206706e-05	168256
vector	median	median(x)	3000	4	4.06185785929362e-05	168256
vector	median	median(x)	3000	5	4.2120615641276e-05	168256
vector	median	median(x)	3000	6	4.10318374633789e-05	168256
vector	sd	sd(x)	3000	0	1.47062998551589e-05	59086.3999999985
vector	sd	sd(x)	3000	1	1.40873285440298e-05	59086.3999999985
vector	sd	sd(x)	3000	2	1.38810047736535e-05	59086.3999999985
vector	sd	sd(x)	3000	3	1.34591872875507e-05	59086.3999999985
vector	sd	sd(x)	3000	4	1.34660647465633e-05	59086.3999999985
vector	sd	sd(x)	3000	5	1.30648796374981e-05	59086.3999999985
vector	sd	sd(x)	3000	6	1.32184762221116e-05	59086.3999999985
vector	var	var(x)	3000	0	1.55143909626179e-05	54774.3999999985
vector	var	var(x)	3000	1	1.49516371993331e-05	54774.3999999985
vector	var	var(x)	3000	2	1.43738480301591e-05	54774.3999999985
vector	var	var(x)	3000	3	1.40516607611029e-05	54774.3999999985
vector	var	var(x)	3000	4	1.39721879014024e-05	54774.3999999985
vector	var	var(x)	3000	5	1.41504648569468e-05	54774.3999999985
vector	var	var(x)	3000	6	1.35791194331539e-05	54774.3999999985
vector	quantile	quantile(x, c(.25,.5,.75))	3000	0	0.000142131532941546	260129.600000001
vector	quantile	quantile(x, c(.25,.5,.75))	3000	1	0.000127332551138742	260129.600000001
vector	quantile	quantile(x, c(.25,.5,.75))	3000	2	0.000115105084010533	260129.600000001
vector	quantile	quantile(x, c(.25,.5,.75))	3000	3	0.00011772768838065	260129.600000001
vector	quantile	quantile(x, c(.25,.5,.75))	3000	4	0.000112227031162807	260129.600000001
vector	quantile	quantile(x, c(.25,.5,.75))	3000	5	0.000115871429443359	260129.600000001
vector	quantile	quantile(x, c(.25,.5,.75))	3000	6	0.000112601688929967	260129.600000001
vector	cor	cor(x, y)	3000	0	3.25194720564217e-05	46094.3999999985
vector	cor	cor(x, y)	3000	1	3.14342564549939e-05	46094.3999999985
vector	cor	cor(x, y)	3000	2	2.9925642342403e-05	46094.3999999985
vector	cor	cor(x, y)	3000	3	2.90829559852337e-05	46094.3999999985
vector	cor	cor(x, y)	3000	4	2.91569479580583e-05	46094.3999999985
vector	cor	cor(x, y)	3000	5	3.22563894863786e-05	46094.3999999985
vector	cor	cor(x, y)	3000	6	2.9173390618686e-05	46094.3999999985
vector	cov	cov(x, y)	3000	0	2.90364930123994e-05	41774.3999999985
vector	cov	cov(x, y)	3000	1	2.71652684067235e-05	41774.3999999985
vector	cov	cov(x, y)	3000	2	2.64138886422822e-05	41774.3999999985
vector	cov	cov(x, y)	3000	3	3.07704463149562e-05	41774.3999999985
vector	cov	cov(x, y)	3000	4	2.68257025516394e-05	41774.3999999985
vector	cov	cov(x, y)	3000	5	2.63849894205729e-05	41774.3999999985
vector	cov	cov(x, y)	3000	6	2.56552840724136e-05	41774.3999999985
vector	sum	sum(x)	10000	0	9.53445067772498e-06	107105.600000001
vector	sum	sum(x)	10000	1	9.36251420241136e-06	107105.600000001
vector	sum	sum(x)	10000	2	9.08741584190955e-06	107105.600000001
vector	sum	sum(x)	10000	3	8.93611174363356e-06	107105.600000001
vector	sum	sum(x)	10000	4	8.87650709885817e-06	107105.600000001
vector	sum	sum(x)	10000	5	8.87192212618314e-06	107105.600000001
vector	sum	sum(x)	10000	6	8.53721912090595e-06	107105.600000001
vector	min	min(x)	10000	0	1.26962061528559e-05	102777.600000001
vector	min	min(x)	10000	1	1.2047640927188e-05	102777.600000001
vector	min	min(x)	10000	2	1.15824746085214e-05	102777.600000001
vector	min	min(x)	10000	3	1.12890363573194e-05	102777.600000001
vector	min	min(x)	10000	4	1.13373869782561e-05	102777.600000001
vector	min	min(x)	10000	5	1.11923351154461e-05	102777.600000001
vector	min	min(x)	10000	6	1.10256088363541e-05	102777.600000001
vector	max	max(x)	10000	0	1.26828680505286e-05	98449.6000000015
vector	max	max(x)	10000	1	1.2090989759752e-05	98449.6000000015
vector	max	max(x)	10000	2	1.16641704852764e-05	98449.6000000015
vector	max	max(x)	10000	3	1.13223816131378e-05	98449.6000000015
vector	max	max(x)	10000	4	1.13207143503469e-05	98449.6000000015
vector	max	max(x)	10000	5	1.1339054241047e-05	98449.6000000015
vector	max	max(x)	10000	6	1.1027276099145e-05	98449.6000000015
vector	mean	mean(x)	10000	0	2.05416428415399e-05	94185.6000000015
vector	mean	mean(x)	10000	1	1.97686647114001e-05	94185.6000000015
vector	mean	mean(x)	10000	2	1.86895069323088e-05	94185.6000000015
vector	mean	mean(x)	10000	3	1.84234819914165e-05	94185.6000000015
vector	mean	mean(x)	10000	4	1.83130565442537e-05	94185.6000000015
vector	mean	mean(x)	10000	5	1.80620896188836e-05	94185.6000000015
vector	mean	mean(x)	10000	6	1.80319735878392e-05	94185.6000000015
vector	median	median(x)	10000	0	0.000126139322916667	299564.800000004
vector	median	median(x)	10000	1	0.00011440912882487	299564.800000004
vector	median	median(x)	10000	2	0.000113932291666667	299564.800000004
vector	median	median(x)	10000	3	0.000109529495239258	299564.800000004
vector	median	median(x)	10000	4	0.000112104415893555	299564.800000004
vector	median	median(x)	10000	5	0.000107129414876302	299564.800000004
vector	median	median(x)	10000	6	0.000109990437825521	299564.800000004
vector	sd	sd(x)	10000	0	3.76441261985085e-05	190371.200000003
vector	sd	sd(x)	10000	1	3.54246659712358e-05	190371.200000003
vector	sd	sd(x)	10000	2	3.41632149436257e-05	190371.200000003
vector	sd	sd(x)	10000	3	3.39464707808061e-05	190371.200000003
vector	sd	sd(x)	10000	4	3.33179127086293e-05	190371.200000003
vector	sd	sd(x)	10000	5	3.49044799804688e-05	190371.200000003
vector	sd	sd(x)	10000	6	3.30318104137074e-05	190371.200000003
vector	var	var(x)	10000	0	3.77231174045139e-05	186027.200000003
vector	var	var(x)	10000	1	3.60144509209527e-05	186027.200000003
vector	var	var(x)	10000	2	3.50342856513129e-05	186027.200000003
vector	var	var(x)	10000	3	3.68445007889359e-05	186027.200000003
vector	var	var(x)	10000	4	3.47163942125109e-05	186027.200000003
vector	var	var(x)	10000	5	3.43631815027308e-05	186027.200000003
vector	var	var(x)	10000	6	3.41291780825014e-05	186027.200000003
vector	quantile	quantile(x, c(.25,.5,.75))	10000	0	0.000287681818008423	286620.800000004
vector	quantile	quantile(x, c(.25,.5,.75))	10000	1	0.000271886587142944	286620.800000004
vector	quantile	quantile(x, c(.25,.5,.75))	10000	2	0.000252693891525269	286620.800000004
vector	quantile	quantile(x, c(.25,.5,.75))	10000	3	0.000247478485107422	286620.800000004
vector	quantile	quantile(x, c(.25,.5,.75))	10000	4	0.000251322984695435	286620.800000004
vector	quantile	quantile(x, c(.25,.5,.75))	10000	5	0.000237435102462769	286620.800000004
vector	quantile	quantile(x, c(.25,.5,.75))	10000	6	0.000241756439208984	286620.800000004
vector	cor	cor(x, y)	10000	0	8.42717977670523e-05	177419.200000003
vector	cor	cor(x, y)	10000	1	8.03103813758263e-05	177419.200000003
vector	cor	cor(x, y)	10000	2	7.77427966778095e-05	177419.200000003
vector	cor	cor(x, y)	10000	3	7.61655660775992e-05	177419.200000003
vector	cor	cor(x, y)	10000	4	7.57162387554462e-05	177419.200000003
vector	cor	cor(x, y)	10000	5	7.59088076077975e-05	177419.200000003
vector	cor	cor(x, y)	10000	6	7.45058059692383e-05	177419.200000003
vector	cov	cov(x, y)	10000	0	6.79877496534778e-05	173067.200000003
vector	cov	cov(x, y)	10000	1	6.36269969324912e-05	173067.200000003
vector	cov	cov(x, y)	10000	2	6.12812657510081e-05	173067.200000003
vector	cov	cov(x, y)	10000	3	6.17657938311177e-05	173067.200000003
vector	cov	cov(x, y)	10000	4	6.25656497093939e-05	173067.200000003
vector	cov	cov(x, y)	10000	5	6.02199185279108e-05	173067.200000003
vector	cov	cov(x, y)	10000	6	5.98584451983052e-05	173067.200000003
vector	sum	sum(x)	30000	0	2.75828621604226e-05	188169.600000001
vector	sum	sum(x)	30000	1	2.70410017533736e-05	188169.600000001
vector	sum	sum(x)	30000	2	2.63560901988636e-05	188169.600000001
vector	sum	sum(x)	30000	3	2.54327600652521e-05	188169.600000001
vector	sum	sum(x)	30000	4	2.50816345214844e-05	188169.600000001
vector	sum	sum(x)	30000	5	2.49689275568182e-05	188169.600000001
vector	sum	sum(x)	30000	6	2.49169089577415e-05	188169.600000001
vector	min	min(x)	30000	0	3.64822253846286e-05	183817.600000001
vector	min	min(x)	30000	1	3.50433483458402e-05	183817.600000001
vector	min	min(x)	30000	2	3.37299547697368e-05	183817.600000001
vector	min	min(x)	30000	3	3.34455255876508e-05	183817.600000001
vector	min	min(x)	30000	4	3.53654225667318e-05	183817.600000001
vector	min	min(x)	30000	5	3.30648924175062e-05	183817.600000001
vector	min	min(x)	30000	6	3.22283359996059e-05	183817.600000001
vector	max	max(x)	30000	0	3.60723127398575e-05	179457.600000001
vector	max	max(x)	30000	1	3.43531893010725e-05	179457.600000001
vector	max	max(x)	30000	2	3.31652791876542e-05	179457.600000001
vector	max	max(x)	30000	3	3.30858063279537e-05	179457.600000001
vector	max	max(x)	30000	4	3.2295260513038e-05	179457.600000001
vector	max	max(x)	30000	5	3.35208156652618e-05	179457.600000001
vector	max	max(x)	30000	6	3.23245399876645e-05	179457.600000001
vector	mean	mean(x)	30000	0	5.75104275265256e-05	175193.600000001
vector	mean	mean(x)	30000	1	5.61572409964897e-05	175193.600000001
vector	mean	mean(x)	30000	2	5.65696407008815e-05	175193.600000001
vector	mean	mean(x)	30000	3	5.24778623838682e-05	175193.600000001
vector	mean	mean(x)	30000	4	5.13179882152661e-05	175193.600000001
vector	mean	mean(x)	30000	5	5.12471070160737e-05	175193.600000001
vector	mean	mean(x)	30000	6	5.05382950241501e-05	175193.600000001
vector	median	median(x)	30000	0	0.000540304183959961	590264
vector	median	median(x)	30000	1	0.000519752502441406	590264
vector	median	median(x)	30000	2	0.000507974624633789	590264
vector	median	median(x)	30000	3	0.000558805465698242	590264
vector	median	median(x)	30000	4	0.000598049163818359	590264
vector	median	median(x)	30000	5	0.000603151321411133	590264
vector	median	median(x)	30000	6	0.000627040863037109	590264
vector	sd	sd(x)	30000	0	0.000103201184953962	166569.600000001
vector	sd	sd(x)	30000	1	9.67752365838914e-05	166569.600000001
vector	sd	sd(x)	30000	2	0.000100601287115188	166569.600000001
vector	sd	sd(x)	30000	3	9.39369201660156e-05	166569.600000001
vector	sd	sd(x)	30000	4	9.37779744466146e-05	166569.600000001
vector	sd	sd(x)	30000	5	9.28924197242373e-05	166569.600000001
vector	sd	sd(x)	30000	6	9.08488319033668e-05	166569.600000001
vector	var	var(x)	30000	0	0.00010205398906361	162201.600000001
vector	var	var(x)	30000	1	0.000102476640181108	162201.600000001
vector	var	var(x)	30000	2	9.44896177812056e-05	162201.600000001
vector	var	var(x)	30000	3	9.42078503695401e-05	162201.600000001
vector	var	var(x)	30000	4	9.17152924971147e-05	162201.600000001
vector	var	var(x)	30000	5	9.1531059958718e-05	162201.600000001
vector	var	var(x)	30000	6	9.09133390946822e-05	162201.600000001
vector	quantile	quantile(x, c(.25,.5,.75))	30000	0	0.000667452812194824	577264
vector	quantile	quantile(x, c(.25,.5,.75))	30000	1	0.000599384307861328	577264
vector	quantile	quantile(x, c(.25,.5,.75))	30000	2	0.000573337078094482	577264
vector	quantile	quantile(x, c(.25,.5,.75))	30000	3	0.000611782073974609	577264
vector	quantile	quantile(x, c(.25,.5,.75))	30000	4	0.000639736652374268	577264
vector	quantile	quantile(x, c(.25,.5,.75))	30000	5	0.000622153282165527	577264
vector	quantile	quantile(x, c(.25,.5,.75))	30000	6	0.000613033771514893	577264
vector	cor	cor(x, y)	30000	0	0.000230073928833008	153569.600000001
vector	cor	cor(x, y)	30000	1	0.000219297409057617	153569.600000001
vector	cor	cor(x, y)	30000	2	0.000212669372558594	153569.600000001
vector	cor	cor(x, y)	30000	3	0.000208330154418945	153569.600000001
vector	cor	cor(x, y)	30000	4	0.000208067893981934	153569.600000001
vector	cor	cor(x, y)	30000	5	0.000201869010925293	153569.600000001
vector	cor	cor(x, y)	30000	6	0.000202083587646484	153569.600000001
vector	cov	cov(x, y)	30000	0	0.000178833802541097	149193.600000001
vector	cov	cov(x, y)	30000	1	0.000176270802815755	149193.600000001
vector	cov	cov(x, y)	30000	2	0.000163296858469645	149193.600000001
vector	cov	cov(x, y)	30000	3	0.000161488850911458	149193.600000001
vector	cov	cov(x, y)	30000	4	0.00016176700592041	149193.600000001
vector	cov	cov(x, y)	30000	5	0.000156621138254801	149193.600000001
vector	cov	cov(x, y)	30000	6	0.000156064828236898	149193.600000001
vector	sum	sum(x)	100000	0	9.47280363603072e-05	108014.400000006
vector	sum	sum(x)	100000	1	9.09241763028232e-05	108014.400000006
vector	sum	sum(x)	100000	2	8.58523628928445e-05	108014.400000006
vector	sum	sum(x)	100000	3	8.38149677623402e-05	108014.400000006
vector	sum	sum(x)	100000	4	8.46060839566317e-05	108014.400000006
vector	sum	sum(x)	100000	5	8.30455259843306e-05	108014.400000006
vector	sum	sum(x)	100000	6	8.03687355735085e-05	108014.400000006
vector	min	min(x)	100000	0	0.000122346376117907	103630.400000006
vector	min	min(x)	100000	1	0.000119761416786595	103630.400000006
vector	min	min(x)	100000	2	0.000112646504452354	103630.400000006
vector	min	min(x)	100000	3	0.000109873319927015	103630.400000006
vector	min	min(x)	100000	4	0.00010965999804045	103630.400000006
vector	min	min(x)	100000	5	0.000108932193956877	103630.400000006
vector	min	min(x)	100000	6	0.000106497814780787	103630.400000006
vector	max	max(x)	100000	0	0.000124467046637284	99366.400000006
vector	max	max(x)	100000	1	0.000116774910374692	99366.400000006
vector	max	max(x)	100000	2	0.000111617540058337	99366.400000006
vector	max	max(x)	100000	3	0.000109710191425524	99366.400000006
vector	max	max(x)	100000	4	0.000109095322458368	99366.400000006
vector	max	max(x)	100000	5	0.00010924590261359	99366.400000006
vector	max	max(x)	100000	6	0.000107125232094213	99366.400000006
vector	mean	mean(x)	100000	0	0.000192503134409587	94974.400000006
vector	mean	mean(x)	100000	1	0.000177899996439616	94974.400000006
vector	mean	mean(x)	100000	2	0.000171999136606852	94974.400000006
vector	mean	mean(x)	100000	3	0.00016625722249349	94974.400000006
vector	mean	mean(x)	100000	4	0.000166773796081543	94974.400000006
vector	mean	mean(x)	100000	5	0.000163535277048747	94974.400000006
vector	mean	mean(x)	100000	6	0.000162243843078613	94974.400000006
vector	median	median(x)	100000	0	0.00148892402648926	1663574.40000001
vector	median	median(x)	100000	1	0.00180935859680176	1663574.40000001
vector	median	median(x)	100000	2	0.00170385837554932	1663574.40000001
vector	median	median(x)	100000	3	0.00173020362854004	1663574.40000001
vector	median	median(x)	100000	4	0.001717209815979	1663574.40000001
vector	median	median(x)	100000	5	0.00176906585693359	1663574.40000001
vector	median	median(x)	100000	6	0.00170648097991943	1663574.40000001
vector	sd	sd(x)	100000	0	0.00032874516078404	86446.400000006
vector	sd	sd(x)	100000	1	0.000310795647757394	86446.400000006
vector	sd	sd(x)	100000	2	0.000301088605608259	86446.400000006
vector	sd	sd(x)	100000	3	0.000300713947841099	86446.400000006
vector	sd	sd(x)	100000	4	0.000293050493512835	86446.400000006
vector	sd	sd(x)	100000	5	0.000290768487112863	86446.400000006
vector	sd	sd(x)	100000	6	0.000289440155029297	86446.400000006
vector	var	var(x)	100000	0	0.000322954995291574	82054.400000006
vector	var	var(x)	100000	1	0.000309194837297712	82054.400000006
vector	var	var(x)	100000	2	0.000306708472115653	82054.400000006
vector	var	var(x)	100000	3	0.000300611768450056	82054.400000006
vector	var	var(x)	100000	4	0.000297648566109794	82054.400000006
vector	var	var(x)	100000	5	0.000292573656354632	82054.400000006
vector	var	var(x)	100000	6	0.000292164938790458	82054.400000006
vector	quantile	quantile(x, c(.25,.5,.75))	100000	0	0.00254678726196289	1440939.2
vector	quantile	quantile(x, c(.25,.5,.75))	100000	1	0.00232648849487305	1440939.2
vector	quantile	quantile(x, c(.25,.5,.75))	100000	2	0.00250506401062012	1440939.2
vector	quantile	quantile(x, c(.25,.5,.75))	100000	3	0.00250577926635742	1440939.2
vector	quantile	quantile(x, c(.25,.5,.75))	100000	4	0.00242972373962402	1440939.2
vector	quantile	quantile(x, c(.25,.5,.75))	100000	5	0.00246620178222656	1440939.2
vector	quantile	quantile(x, c(.25,.5,.75))	100000	6	0.00241708755493164	1440939.2
vector	cor	cor(x, y)	100000	0	0.000827948252360026	73390.400000006
vector	cor	cor(x, y)	100000	1	0.000696579615275065	73390.400000006
vector	cor	cor(x, y)	100000	2	0.000668525695800781	73390.400000006
vector	cor	cor(x, y)	100000	3	0.00066979726155599	73390.400000006
vector	cor	cor(x, y)	100000	4	0.000660578409830729	73390.400000006
vector	cor	cor(x, y)	100000	5	0.00066073735555013	73390.400000006
vector	cor	cor(x, y)	100000	6	0.000650326410929362	73390.400000006
vector	cov	cov(x, y)	100000	0	0.000585496425628662	69126.400000006
vector	cov	cov(x, y)	100000	1	0.000543653964996338	69126.400000006
vector	cov	cov(x, y)	100000	2	0.00051724910736084	69126.400000006
vector	cov	cov(x, y)	100000	3	0.000512003898620605	69126.400000006
vector	cov	cov(x, y)	100000	4	0.000518321990966797	69126.400000006
vector	cov	cov(x, y)	100000	5	0.000499069690704346	69126.400000006
vector	cov	cov(x, y)	100000	6	0.00049746036529541	69126.400000006
vector	sum	sum(x)	300000	0	0.000286102294921875	49243.200000003
vector	sum	sum(x)	300000	1	0.000264585018157959	49243.200000003
vector	sum	sum(x)	300000	2	0.000251978635787964	49243.200000003
vector	sum	sum(x)	300000	3	0.000246405601501465	49243.200000003
vector	sum	sum(x)	300000	4	0.000245839357376099	49243.200000003
vector	sum	sum(x)	300000	5	0.000240325927734375	49243.200000003
vector	sum	sum(x)	300000	6	0.000239729881286621	49243.200000003
vector	min	min(x)	300000	0	0.000382219042096819	44979.200000003
vector	min	min(x)	300000	1	0.000350849969046456	44979.200000003
vector	min	min(x)	300000	2	0.000333854130336217	44979.200000003
vector	min	min(x)	300000	3	0.000328200204031808	44979.200000003
vector	min	min(x)	300000	4	0.00032670157296317	44979.200000003
vector	min	min(x)	300000	5	0.000319651194981166	44979.200000003
vector	min	min(x)	300000	6	0.000320025852748326	44979.200000003
vector	max	max(x)	300000	0	0.000369037900652204	40715.200000003
vector	max	max(x)	300000	1	0.00034717151096889	40715.200000003
vector	max	max(x)	300000	2	0.00033848626273019	40715.200000003
vector	max	max(x)	300000	3	0.000328098024640765	40715.200000003
vector	max	max(x)	300000	4	0.000323942729404994	40715.200000003
vector	max	max(x)	300000	5	0.000325543539864676	40715.200000003
vector	max	max(x)	300000	6	0.00032080922807966	40715.200000003
vector	mean	mean(x)	300000	0	0.000539827346801758	36299.200000003
vector	mean	mean(x)	300000	1	0.000513982772827148	36299.200000003
vector	mean	mean(x)	300000	2	0.000496244430541992	36299.200000003
vector	mean	mean(x)	300000	3	0.000493049621582031	36299.200000003
vector	mean	mean(x)	300000	4	0.000482082366943359	36299.200000003
vector	mean	mean(x)	300000	5	0.000481843948364258	36299.200000003
vector	mean	mean(x)	300000	6	0.000484800338745117	36299.200000003
vector	median	median(x)	300000	0	0.00606727600097656	4960342.40000001
vector	median	median(x)	300000	1	0.00565600395202637	4960342.40000001
vector	median	median(x)	300000	2	0.00556063652038574	4960342.40000001
vector	median	median(x)	300000	3	0.00554108619689941	4960342.40000001
vector	median	median(x)	300000	4	0.00573325157165527	4960342.40000001
vector	median	median(x)	300000	5	0.00555920600891113	4960342.40000001
vector	median	median(x)	300000	6	0.00561642646789551	4960342.40000001
vector	sd	sd(x)	300000	0	0.000989754994710286	132628.800000004
vector	sd	sd(x)	300000	1	0.000921249389648438	132628.800000004
vector	sd	sd(x)	300000	2	0.000879605611165365	132628.800000004
vector	sd	sd(x)	300000	3	0.000856320063273112	132628.800000004
vector	sd	sd(x)	300000	4	0.000855286916097005	132628.800000004
vector	sd	sd(x)	300000	5	0.000849326451619466	132628.800000004
vector	sd	sd(x)	300000	6	0.000849008560180664	132628.800000004
vector	var	var(x)	300000	0	0.000985145568847656	128204.800000004
vector	var	var(x)	300000	1	0.000905275344848633	128204.800000004
vector	var	var(x)	300000	2	0.00088047981262207	128204.800000004
vector	var	var(x)	300000	3	0.000861008961995443	128204.800000004
vector	var	var(x)	300000	4	0.00085139274597168	128204.800000004
vector	var	var(x)	300000	5	0.000873168309529622	128204.800000004
vector	var	var(x)	300000	6	0.000888268152872721	128204.800000004
vector	quantile	quantile(x, c(.25,.5,.75))	300000	0	0.00710535049438477	3793956.8
vector	quantile	quantile(x, c(.25,.5,.75))	300000	1	0.00736904144287109	3793956.8
vector	quantile	quantile(x, c(.25,.5,.75))	300000	2	0.00702738761901855	3793956.8
vector	quantile	quantile(x, c(.25,.5,.75))	300000	3	0.00705409049987793	3793956.8
vector	quantile	quantile(x, c(.25,.5,.75))	300000	4	0.00688290596008301	3793956.8
vector	quantile	quantile(x, c(.25,.5,.75))	300000	5	0.0069279670715332	3793956.8
vector	quantile	quantile(x, c(.25,.5,.75))	300000	6	0.00696206092834473	3793956.8
vector	cor	cor(x, y)	300000	0	0.00227487087249756	119676.800000004
vector	cor	cor(x, y)	300000	1	0.0021364688873291	119676.800000004
vector	cor	cor(x, y)	300000	2	0.00202584266662598	119676.800000004
vector	cor	cor(x, y)	300000	3	0.00196123123168945	119676.800000004
vector	cor	cor(x, y)	300000	4	0.00194954872131348	119676.800000004
vector	cor	cor(x, y)	300000	5	0.00195884704589844	119676.800000004
vector	cor	cor(x, y)	300000	6	0.00192928314208984	119676.800000004
vector	cov	cov(x, y)	300000	0	0.00173985958099365	115244.800000004
vector	cov	cov(x, y)	300000	1	0.00153994560241699	115244.800000004
vector	cov	cov(x, y)	300000	2	0.00148558616638184	115244.800000004
vector	cov	cov(x, y)	300000	3	0.00145626068115234	115244.800000004
vector	cov	cov(x, y)	300000	4	0.00146245956420898	115244.800000004
vector	cov	cov(x, y)	300000	5	0.00146114826202393	115244.800000004
vector	cov	cov(x, y)	300000	6	0.0014650821685791	115244.800000004
vector	sum	sum(x)	1000000	0	0.000971635182698568	161835.200000003
vector	sum	sum(x)	1000000	1	0.000865618387858073	161835.200000003
vector	sum	sum(x)	1000000	2	0.000836769739786784	161835.200000003
vector	sum	sum(x)	1000000	3	0.000823338826497396	161835.200000003
vector	sum	sum(x)	1000000	4	0.000810543696085612	161835.200000003
vector	sum	sum(x)	1000000	5	0.000803152720133464	161835.200000003
vector	sum	sum(x)	1000000	6	0.000797430674235026	161835.200000003
vector	min	min(x)	1000000	0	0.00152039527893066	157571.200000003
vector	min	min(x)	1000000	1	0.00124430656433105	157571.200000003
vector	min	min(x)	1000000	2	0.00110018253326416	157571.200000003
vector	min	min(x)	1000000	3	0.00109422206878662	157571.200000003
vector	min	min(x)	1000000	4	0.00106275081634521	157571.200000003
vector	min	min(x)	1000000	5	0.0010683536529541	157571.200000003
vector	min	min(x)	1000000	6	0.00107252597808838	157571.200000003
vector	max	max(x)	1000000	0	0.00124943256378174	153131.200000003
vector	max	max(x)	1000000	1	0.00115084648132324	153131.200000003
vector	max	max(x)	1000000	2	0.00120174884796143	153131.200000003
vector	max	max(x)	1000000	3	0.00124514102935791	153131.200000003
vector	max	max(x)	1000000	4	0.00106966495513916	153131.200000003
vector	max	max(x)	1000000	5	0.00107085704803467	153131.200000003
vector	max	max(x)	1000000	6	0.00107240676879883	153131.200000003
vector	mean	mean(x)	1000000	0	0.00205278396606445	148867.200000003
vector	mean	mean(x)	1000000	1	0.00172519683837891	148867.200000003
vector	mean	mean(x)	1000000	2	0.00166165828704834	148867.200000003
vector	mean	mean(x)	1000000	3	0.00165140628814697	148867.200000003
vector	mean	mean(x)	1000000	4	0.0016019344329834	148867.200000003
vector	mean	mean(x)	1000000	5	0.0016639232635498	148867.200000003
vector	mean	mean(x)	1000000	6	0.00160360336303711	148867.200000003
vector	median	median(x)	1000000	0	0.0177333354949951	16187816
vector	median	median(x)	1000000	1	0.0168743133544922	16187816
vector	median	median(x)	1000000	2	0.0194628238677979	16187816
vector	median	median(x)	1000000	3	0.0172708034515381	16187816
vector	median	median(x)	1000000	4	0.0163760185241699	16187816
vector	median	median(x)	1000000	5	0.0131635665893555	16187816
vector	median	median(x)	1000000	6	0.0147104263305664	16187816
vector	sd	sd(x)	1000000	0	0.00377202033996582	140155.200000003
vector	sd	sd(x)	1000000	1	0.00343585014343262	140155.200000003
vector	sd	sd(x)	1000000	2	0.00290942192077637	140155.200000003
vector	sd	sd(x)	1000000	3	0.00295639038085938	140155.200000003
vector	sd	sd(x)	1000000	4	0.00283336639404297	140155.200000003
vector	sd	sd(x)	1000000	5	0.00286293029785156	140155.200000003
vector	sd	sd(x)	1000000	6	0.00325775146484375	140155.200000003
vector	var	var(x)	1000000	0	0.00342679023742676	135891.200000003
vector	var	var(x)	1000000	1	0.00293183326721191	135891.200000003
vector	var	var(x)	1000000	2	0.00293707847595215	135891.200000003
vector	var	var(x)	1000000	3	0.00288248062133789	135891.200000003
vector	var	var(x)	1000000	4	0.00280928611755371	135891.200000003
vector	var	var(x)	1000000	5	0.00281858444213867	135891.200000003
vector	var	var(x)	1000000	6	0.00292325019836426	135891.200000003
vector	quantile	quantile(x, c(.25,.5,.75))	1000000	0	0.0187833309173584	12085393.6
vector	quantile	quantile(x, c(.25,.5,.75))	1000000	1	0.0212235450744629	12085393.6
vector	quantile	quantile(x, c(.25,.5,.75))	1000000	2	0.0209457874298096	12085393.6
vector	quantile	quantile(x, c(.25,.5,.75))	1000000	3	0.0230374336242676	12085393.6
vector	quantile	quantile(x, c(.25,.5,.75))	1000000	4	0.0210244655609131	12085393.6
vector	quantile	quantile(x, c(.25,.5,.75))	1000000	5	0.0208315849304199	12085393.6
vector	quantile	quantile(x, c(.25,.5,.75))	1000000	6	0.0226757526397705	12085393.6
vector	cor	cor(x, y)	1000000	0	0.00727438926696777	127171.200000003
vector	cor	cor(x, y)	1000000	1	0.00734305381774902	127171.200000003
vector	cor	cor(x, y)	1000000	2	0.00661873817443848	127171.200000003
vector	cor	cor(x, y)	1000000	3	0.00664758682250977	127171.200000003
vector	cor	cor(x, y)	1000000	4	0.00647687911987305	127171.200000003
vector	cor	cor(x, y)	1000000	5	0.00654721260070801	127171.200000003
vector	cor	cor(x, y)	1000000	6	0.00645232200622559	127171.200000003
vector	cov	cov(x, y)	1000000	0	0.00582218170166016	122907.200000003
vector	cov	cov(x, y)	1000000	1	0.00497603416442871	122907.200000003
vector	cov	cov(x, y)	1000000	2	0.00487637519836426	122907.200000003
vector	cov	cov(x, y)	1000000	3	0.00552177429199219	122907.200000003
vector	cov	cov(x, y)	1000000	4	0.00539255142211914	122907.200000003
vector	cov	cov(x, y)	1000000	5	0.00495219230651855	122907.200000003
vector	cov	cov(x, y)	1000000	6	0.0049889087677002	122907.200000003
transform	rank	rank(x)	1000	0	0.000126361846923828	145587.200000003
transform	rank	rank(x)	1000	1	0.000110983848571777	145587.200000003
transform	rank	rank(x)	1000	2	0.000104427337646484	145587.200000003
transform	rank	rank(x)	1000	3	0.000102639198303223	145587.200000003
transform	rank	rank(x)	1000	4	0.000100255012512207	145587.200000003
transform	rank	rank(x)	1000	5	9.94205474853516e-05	145587.200000003
transform	rank	rank(x)	1000	6	0.000103116035461426	145587.200000003
transform	uniq	unique(x)	1000	0	2.39213307698568e-05	139955.200000003
transform	uniq	unique(x)	1000	1	1.47024790445964e-05	139955.200000003
transform	uniq	unique(x)	1000	2	1.44640604654948e-05	139955.200000003
transform	uniq	unique(x)	1000	3	1.23977661132812e-05	139955.200000003
transform	uniq	unique(x)	1000	4	1.22388203938802e-05	139955.200000003
transform	uniq	unique(x)	1000	5	1.20798746744792e-05	139955.200000003
transform	uniq	unique(x)	1000	6	1.48614247639974e-05	139955.200000003
transform	scale	scale(x)	1000	0	0.00013422966003418	255326.400000006
transform	scale	scale(x)	1000	1	9.07182693481445e-05	255326.400000006
transform	scale	scale(x)	1000	2	8.97645950317383e-05	255326.400000006
transform	scale	scale(x)	1000	3	8.71419906616211e-05	255326.400000006
transform	scale	scale(x)	1000	4	8.30888748168945e-05	255326.400000006
transform	scale	scale(x)	1000	5	8.07046890258789e-05	255326.400000006
transform	scale	scale(x)	1000	6	7.55786895751953e-05	255326.400000006
transform	sample	sample(x, n %/% 10)	1000	0	2.33650207519531e-05	127556.800000004
transform	sample	sample(x, n %/% 10)	1000	1	1.22785568237305e-05	127556.800000004
transform	sample	sample(x, n %/% 10)	1000	2	1.10864639282227e-05	127556.800000004
transform	sample	sample(x, n %/% 10)	1000	3	9.29832458496094e-06	127556.800000004
transform	sample	sample(x, n %/% 10)	1000	4	8.82148742675781e-06	127556.800000004
transform	sample	sample(x, n %/% 10)	1000	5	8.94069671630859e-06	127556.800000004
transform	sample	sample(x, n %/% 10)	1000	6	8.58306884765625e-06	127556.800000004
transform	seq	seq(1, n)	1000	0	1.11262003580729e-05	89942.3999999985
transform	seq	seq(1, n)	1000	1	5.7220458984375e-06	89942.3999999985
transform	seq	seq(1, n)	1000	2	4.76837158203125e-06	89942.3999999985
transform	seq	seq(1, n)	1000	3	4.29153442382812e-06	89942.3999999985
transform	seq	seq(1, n)	1000	4	4.29153442382812e-06	89942.3999999985
transform	seq	seq(1, n)	1000	5	4.13258870442708e-06	89942.3999999985
transform	seq	seq(1, n)	1000	6	4.13258870442708e-06	89942.3999999985
transform	auc	pROC::auc(roc(label, y))	1000	0	0.000922918319702148	1141844.8
transform	auc	pROC::auc(roc(label, y))	1000	1	0.00074315071105957	1141844.8
transform	auc	pROC::auc(roc(label, y))	1000	2	0.000735759735107422	1141844.8
transform	auc	pROC::auc(roc(label, y))	1000	3	0.000714302062988281	1141844.8
transform	auc	pROC::auc(roc(label, y))	1000	4	0.000708341598510742	1141844.8
transform	auc	pROC::auc(roc(label, y))	1000	5	0.000676870346069336	1141844.8
transform	auc	pROC::auc(roc(label, y))	1000	6	0.000690221786499023	1141844.8
transform	rank	rank(x)	3000	0	0.000348687171936035	258584
transform	rank	rank(x)	3000	1	0.000329772631327311	258584
transform	rank	rank(x)	3000	2	0.000320911407470703	258584
transform	rank	rank(x)	3000	3	0.000313242276509603	258584
transform	rank	rank(x)	3000	4	0.000307559967041016	258584
transform	rank	rank(x)	3000	5	0.000306129455566406	258584
transform	rank	rank(x)	3000	6	0.000314950942993164	258584
transform	uniq	unique(x)	3000	0	3.12283353985481e-05	149462.400000006
transform	uniq	unique(x)	3000	1	2.94694360697045e-05	149462.400000006
transform	uniq	unique(x)	3000	2	2.87361864773732e-05	149462.400000006
transform	uniq	unique(x)	3000	3	2.86237248834574e-05	149462.400000006
transform	uniq	unique(x)	3000	4	3.04006180673275e-05	149462.400000006
transform	uniq	unique(x)	3000	5	2.94559406784346e-05	149462.400000006
transform	uniq	unique(x)	3000	6	2.94469437509213e-05	149462.400000006
transform	scale	scale(x)	3000	0	0.000109873319927015	459771.200000003
transform	scale	scale(x)	3000	1	0.000106987200285259	459771.200000003
transform	scale	scale(x)	3000	2	0.00011603455794485	459771.200000003
transform	scale	scale(x)	3000	3	9.91444838674445e-05	459771.200000003
transform	scale	scale(x)	3000	4	0.00010018599660773	459771.200000003
transform	scale	scale(x)	3000	5	9.23934735749897e-05	459771.200000003
transform	scale	scale(x)	3000	6	0.000113876242386667	459771.200000003
transform	sample	sample(x, n %/% 10)	3000	0	1.40817541825144e-05	140710.400000006
transform	sample	sample(x, n %/% 10)	3000	1	1.40064641049034e-05	140710.400000006
transform	sample	sample(x, n %/% 10)	3000	2	1.44983592786287e-05	140710.400000006
transform	sample	sample(x, n %/% 10)	3000	3	1.28796226099918e-05	140710.400000006
transform	sample	sample(x, n %/% 10)	3000	4	1.25809719688014e-05	140710.400000006
transform	sample	sample(x, n %/% 10)	3000	5	1.22095409192537e-05	140710.400000006
transform	sample	sample(x, n %/% 10)	3000	6	1.21116638183594e-05	140710.400000006
transform	seq	seq(1, n)	3000	0	3.42013789158241e-06	136446.400000006
transform	seq	seq(1, n)	3000	1	3.55944913976333e-06	136446.400000006
transform	seq	seq(1, n)	3000	2	3.60432793112362e-06	136446.400000006
transform	seq	seq(1, n)	3000	3	3.2957862405216e-06	136446.400000006
transform	seq	seq(1, n)	3000	4	3.1891991110409e-06	136446.400000006
transform	seq	seq(1, n)	3000	5	3.18265428730086e-06	136446.400000006
transform	seq	seq(1, n)	3000	6	3.10411640242034e-06	136446.400000006
transform	auc	pROC::auc(roc(label, y))	3000	0	0.001717209815979	2648764.8
transform	auc	pROC::auc(roc(label, y))	3000	1	0.0015106201171875	2648764.8
transform	auc	pROC::auc(roc(label, y))	3000	2	0.0014117956161499	2648764.8
transform	auc	pROC::auc(roc(label, y))	3000	3	0.00144124031066895	2648764.8
transform	auc	pROC::auc(roc(label, y))	3000	4	0.00139784812927246	2648764.8
transform	auc	pROC::auc(roc(label, y))	3000	5	0.0013427734375	2648764.8
transform	auc	pROC::auc(roc(label, y))	3000	6	0.00133728981018066	2648764.8
transform	rank	rank(x)	10000	0	0.0013267993927002	512142.400000006
transform	rank	rank(x)	10000	1	0.00125432014465332	512142.400000006
transform	rank	rank(x)	10000	2	0.00124824047088623	512142.400000006
transform	rank	rank(x)	10000	3	0.0012519359588623	512142.400000006
transform	rank	rank(x)	10000	4	0.00121283531188965	512142.400000006
transform	rank	rank(x)	10000	5	0.00120079517364502	512142.400000006
transform	rank	rank(x)	10000	6	0.0012812614440918	512142.400000006
transform	uniq	unique(x)	10000	0	0.000103988145527087	297931.200000003
transform	uniq	unique(x)	10000	1	9.84041314376028e-05	297931.200000003
transform	uniq	unique(x)	10000	2	9.34600830078125e-05	297931.200000003
transform	uniq	unique(x)	10000	3	9.79272942793997e-05	297931.200000003
transform	uniq	unique(x)	10000	4	9.41376937063117e-05	297931.200000003
transform	uniq	unique(x)	10000	5	9.25440537302118e-05	297931.200000003
transform	uniq	unique(x)	10000	6	0.000133087760523746	297931.200000003
transform	scale	scale(x)	10000	0	0.000272035598754883	1132528.00000001
transform	scale	scale(x)	10000	1	0.000238895416259766	1132528.00000001
transform	scale	scale(x)	10000	2	0.000254964828491211	1132528.00000001
transform	scale	scale(x)	10000	3	0.000304603576660156	1132528.00000001
transform	scale	scale(x)	10000	4	0.000424623489379883	1132528.00000001
transform	scale	scale(x)	10000	5	0.00042567253112793	1132528.00000001
transform	scale	scale(x)	10000	6	0.000419807434082031	1132528.00000001
transform	sample	sample(x, n %/% 10)	10000	0	4.48558065626356e-05	184545.600000001
transform	sample	sample(x, n %/% 10)	10000	1	4.31868765089247e-05	184545.600000001
transform	sample	sample(x, n %/% 10)	10000	2	4.14053599039714e-05	184545.600000001
transform	sample	sample(x, n %/% 10)	10000	3	4.04384401109484e-05	184545.600000001
transform	sample	sample(x, n %/% 10)	10000	4	4.0537781185574e-05	184545.600000001
transform	sample	sample(x, n %/% 10)	10000	5	4.08622953626845e-05	184545.600000001
transform	sample	sample(x, n %/% 10)	10000	6	3.89085875617133e-05	184545.600000001
transform	seq	seq(1, n)	10000	0	3.40918190458901e-06	75424
transform	seq	seq(1, n)	10000	1	3.44076727190588e-06	75424
transform	seq	seq(1, n)	10000	2	3.21661305223775e-06	75424
transform	seq	seq(1, n)	10000	3	3.22476411477113e-06	75424
transform	seq	seq(1, n)	10000	4	3.11268700493707e-06	75424
transform	seq	seq(1, n)	10000	5	3.12083806747045e-06	75424
transform	seq	seq(1, n)	10000	6	3.10963035648705e-06	75424
transform	auc	pROC::auc(roc(label, y))	10000	0	0.00373697280883789	7515801.6
transform	auc	pROC::auc(roc(label, y))	10000	1	0.00338411331176758	7515801.6
transform	auc	pROC::auc(roc(label, y))	10000	2	0.00332450866699219	7515801.6
transform	auc	pROC::auc(roc(label, y))	10000	3	0.00328946113586426	7515801.6
transform	auc	pROC::auc(roc(label, y))	10000	4	0.00385141372680664	7515801.6
transform	auc	pROC::auc(roc(label, y))	10000	5	0.00491952896118164	7515801.6
transform	auc	pROC::auc(roc(label, y))	10000	6	0.00489401817321777	7515801.6
transform	rank	rank(x)	30000	0	0.00455307960510254	1239448
transform	rank	rank(x)	30000	1	0.00425553321838379	1239448
transform	rank	rank(x)	30000	2	0.00420546531677246	1239448
transform	rank	rank(x)	30000	3	0.00400805473327637	1239448
transform	rank	rank(x)	30000	4	0.00417828559875488	1239448
transform	rank	rank(x)	30000	5	0.004150390625	1239448
transform	rank	rank(x)	30000	6	0.00423312187194824	1239448
transform	uniq	unique(x)	30000	0	0.000423610210418701	710896
transform	uniq	unique(x)	30000	1	0.000405311584472656	710896
transform	uniq	unique(x)	30000	2	0.000449776649475098	710896
transform	uniq	unique(x)	30000	3	0.000506699085235596	710896
transform	uniq	unique(x)	30000	4	0.000508010387420654	710896
transform	uniq	unique(x)	30000	5	0.000492095947265625	710896
transform	uniq	unique(x)	30000	6	0.000492751598358154	710896
transform	scale	scale(x)	30000	0	0.00063478946685791	2908641.60000001
transform	scale	scale(x)	30000	1	0.000560760498046875	2908641.60000001
transform	scale	scale(x)	30000	2	0.000540733337402344	2908641.60000001
transform	scale	scale(x)	30000	3	0.000528573989868164	2908641.60000001
transform	scale	scale(x)	30000	4	0.00108182430267334	2908641.60000001
transform	scale	scale(x)	30000	5	0.00113940238952637	2908641.60000001
transform	scale	scale(x)	30000	6	0.00114893913269043	2908641.60000001
transform	sample	sample(x, n %/% 10)	30000	0	7.22181229364304e-05	282681.600000009
transform	sample	sample(x, n %/% 10)	30000	1	6.88916160946801e-05	282681.600000009
transform	sample	sample(x, n %/% 10)	30000	2	7.13552747453962e-05	282681.600000009
transform	sample	sample(x, n %/% 10)	30000	3	9.918212890625e-05	282681.600000009
transform	sample	sample(x, n %/% 10)	30000	4	9.95340801420666e-05	282681.600000009
transform	sample	sample(x, n %/% 10)	30000	5	9.50495402018229e-05	282681.600000009
transform	sample	sample(x, n %/% 10)	30000	6	9.31308383033389e-05	282681.600000009
transform	seq	seq(1, n)	30000	0	3.42665886392399e-06	173560.000000007
transform	seq	seq(1, n)	30000	1	3.26000914281728e-06	173560.000000007
transform	seq	seq(1, n)	30000	2	3.16269543706154e-06	173560.000000007
transform	seq	seq(1, n)	30000	3	3.18580744217853e-06	173560.000000007
transform	seq	seq(1, n)	30000	4	3.14566553855429e-06	173560.000000007
transform	seq	seq(1, n)	30000	5	3.28555399057816e-06	173560.000000007
transform	seq	seq(1, n)	30000	6	3.35610642725108e-06	173560.000000007
transform	auc	pROC::auc(roc(label, y))	30000	0	0.0105376243591309	21769961.6
transform	auc	pROC::auc(roc(label, y))	30000	1	0.0146427154541016	21769961.6
transform	auc	pROC::auc(roc(label, y))	30000	2	0.0151760578155518	21769961.6
transform	auc	pROC::auc(roc(label, y))	30000	3	0.0100860595703125	21769961.6
transform	auc	pROC::auc(roc(label, y))	30000	4	0.00988411903381348	21769961.6
transform	auc	pROC::auc(roc(label, y))	30000	5	0.0114946365356445	21769961.6
transform	auc	pROC::auc(roc(label, y))	30000	6	0.00990605354309082	21769961.6
transform	rank	rank(x)	100000	0	0.0178897380828857	4112705.60000001
transform	rank	rank(x)	100000	1	0.0172016620635986	4112705.60000001
transform	rank	rank(x)	100000	2	0.0180237293243408	4112705.60000001
transform	rank	rank(x)	100000	3	0.0181331634521484	4112705.60000001
transform	rank	rank(x)	100000	4	0.0178003311157227	4112705.60000001
transform	rank	rank(x)	100000	5	0.0178077220916748	4112705.60000001
transform	rank	rank(x)	100000	6	0.0179226398468018	4112705.60000001
transform	uniq	unique(x)	100000	0	0.00154399871826172	2430720.00000001
transform	uniq	unique(x)	100000	1	0.00195002555847168	2430720.00000001
transform	uniq	unique(x)	100000	2	0.0020296573638916	2430720.00000001
transform	uniq	unique(x)	100000	3	0.00192594528198242	2430720.00000001
transform	uniq	unique(x)	100000	4	0.00181031227111816	2430720.00000001
transform	uniq	unique(x)	100000	5	0.00179553031921387	2430720.00000001
transform	uniq	unique(x)	100000	6	0.00181436538696289	2430720.00000001
transform	scale	scale(x)	100000	0	0.0018470287322998	9346785.60000001
transform	scale	scale(x)	100000	1	0.00384330749511719	9346785.60000001
transform	scale	scale(x)	100000	2	0.00368952751159668	9346785.60000001
transform	scale	scale(x)	100000	3	0.00364041328430176	9346785.60000001
transform	scale	scale(x)	100000	4	0.0035552978515625	9346785.60000001
transform	scale	scale(x)	100000	5	0.00388383865356445	9346785.60000001
transform	scale	scale(x)	100000	6	0.00330162048339844	9346785.60000001
transform	sample	sample(x, n %/% 10)	100000	0	0.0003890593846639	639340.800000004
transform	sample	sample(x, n %/% 10)	100000	1	0.000352144241333008	639340.800000004
transform	sample	sample(x, n %/% 10)	100000	2	0.00032965342203776	639340.800000004
transform	sample	sample(x, n %/% 10)	100000	3	0.000348091125488281	639340.800000004
transform	sample	sample(x, n %/% 10)	100000	4	0.000427683194478353	639340.800000004
transform	sample	sample(x, n %/% 10)	100000	5	0.000414371490478516	639340.800000004
transform	sample	sample(x, n %/% 10)	100000	6	0.000410874684651693	639340.800000004
transform	seq	seq(1, n)	100000	0	3.29434645039954e-06	110788.800000004
transform	seq	seq(1, n)	100000	1	3.25899160406889e-06	110788.800000004
transform	seq	seq(1, n)	100000	2	3.11485261518239e-06	110788.800000004
transform	seq	seq(1, n)	100000	3	3.07405856172395e-06	110788.800000004
transform	seq	seq(1, n)	100000	4	2.98884431672187e-06	110788.800000004
transform	seq	seq(1, n)	100000	5	3.01422728331823e-06	110788.800000004
transform	seq	seq(1, n)	100000	6	2.94986333230602e-06	110788.800000004
transform	auc	pROC::auc(roc(label, y))	100000	0	0.0432736873626709	55576195.2
transform	auc	pROC::auc(roc(label, y))	100000	1	0.0323095321655273	55576195.2
transform	auc	pROC::auc(roc(label, y))	100000	2	0.0342502593994141	55576195.2
transform	auc	pROC::auc(roc(label, y))	100000	3	0.0346333980560303	55576195.2
transform	auc	pROC::auc(roc(label, y))	100000	4	0.0357489585876465	55576195.2
transform	auc	pROC::auc(roc(label, y))	100000	5	0.0338547229766846	55576195.2
transform	auc	pROC::auc(roc(label, y))	100000	6	0.0341796875	55576195.2
transform	rank	rank(x)	300000	0	0.0665092468261719	12145409.6
transform	rank	rank(x)	300000	1	0.0685029029846191	12145409.6
transform	rank	rank(x)	300000	2	0.0673656463623047	12145409.6
transform	rank	rank(x)	300000	3	0.067840576171875	12145409.6
transform	rank	rank(x)	300000	4	0.0668294429779053	12145409.6
transform	rank	rank(x)	300000	5	0.0648195743560791	12145409.6
transform	rank	rank(x)	300000	6	0.0649504661560059	12145409.6
transform	uniq	unique(x)	300000	0	0.00454115867614746	7946553.60000001
transform	uniq	unique(x)	300000	1	0.00600957870483398	7946553.60000001
transform	uniq	unique(x)	300000	2	0.00560522079467773	7946553.60000001
transform	uniq	unique(x)	300000	3	0.00640368461608887	7946553.60000001
transform	uniq	unique(x)	300000	4	0.00637340545654297	7946553.60000001
transform	uniq	unique(x)	300000	5	0.00558376312255859	7946553.60000001
transform	uniq	unique(x)	300000	6	0.00858736038208008	7946553.60000001
transform	scale	scale(x)	300000	0	0.0113506317138672	27760376
transform	scale	scale(x)	300000	1	0.0115866661071777	27760376
transform	scale	scale(x)	300000	2	0.00510931015014648	27760376
transform	scale	scale(x)	300000	3	0.00641131401062012	27760376
transform	scale	scale(x)	300000	4	0.00615787506103516	27760376
transform	scale	scale(x)	300000	5	0.00483989715576172	27760376
transform	scale	scale(x)	300000	6	0.006683349609375	27760376
transform	sample	sample(x, n %/% 10)	300000	0	0.0017704963684082	1646569.60000001
transform	sample	sample(x, n %/% 10)	300000	1	0.00193643569946289	1646569.60000001
transform	sample	sample(x, n %/% 10)	300000	2	0.00196146965026855	1646569.60000001
transform	sample	sample(x, n %/% 10)	300000	3	0.00187194347381592	1646569.60000001
transform	sample	sample(x, n %/% 10)	300000	4	0.00178635120391846	1646569.60000001
transform	sample	sample(x, n %/% 10)	300000	5	0.00169527530670166	1646569.60000001
transform	sample	sample(x, n %/% 10)	300000	6	0.00167953968048096	1646569.60000001
transform	seq	seq(1, n)	300000	0	3.28269659304151e-06	174299.200000003
transform	seq	seq(1, n)	300000	1	3.22753307866115e-06	174299.200000003
transform	seq	seq(1, n)	300000	2	3.15740996716069e-06	174299.200000003
transform	seq	seq(1, n)	300000	3	3.12655579810049e-06	174299.200000003
transform	seq	seq(1, n)	300000	4	3.32944533404182e-06	174299.200000003
transform	seq	seq(1, n)	300000	5	3.35094975490196e-06	174299.200000003
transform	seq	seq(1, n)	300000	6	2.99659429811964e-06	174299.200000003
transform	auc	pROC::auc(roc(label, y))	300000	0	0.124907493591309	63818598.4
transform	auc	pROC::auc(roc(label, y))	300000	1	0.151978731155396	63818598.4
transform	auc	pROC::auc(roc(label, y))	300000	2	0.145258903503418	63818598.4
transform	auc	pROC::auc(roc(label, y))	300000	3	0.148367404937744	63818598.4
transform	auc	pROC::auc(roc(label, y))	300000	4	0.142010927200317	63818598.4
transform	auc	pROC::auc(roc(label, y))	300000	5	0.11655330657959	63818598.4
transform	auc	pROC::auc(roc(label, y))	300000	6	0.120721340179443	63818598.4
transform	rank	rank(x)	1000000	0	0.320802450180054	40167075.2
transform	rank	rank(x)	1000000	1	0.301846504211426	40167075.2
transform	rank	rank(x)	1000000	2	0.300005197525024	40167075.2
transform	rank	rank(x)	1000000	3	0.300407409667969	40167075.2
transform	rank	rank(x)	1000000	4	0.300926685333252	40167075.2
transform	rank	rank(x)	1000000	5	0.30765962600708	40167075.2
transform	rank	rank(x)	1000000	6	0.30799412727356	40167075.2
transform	uniq	unique(x)	1000000	0	0.0328452587127686	20554440
transform	uniq	unique(x)	1000000	1	0.0265114307403564	20554440
transform	uniq	unique(x)	1000000	2	0.0306859016418457	20554440
transform	uniq	unique(x)	1000000	3	0.0274367332458496	20554440
transform	uniq	unique(x)	1000000	4	0.0269114971160889	20554440
transform	uniq	unique(x)	1000000	5	0.0257928371429443	20554440
transform	uniq	unique(x)	1000000	6	0.0314846038818359	20554440
transform	scale	scale(x)	1000000	0	0.0361149311065674	64066080
transform	scale	scale(x)	1000000	1	0.0214776992797852	64066080
transform	scale	scale(x)	1000000	2	0.0523674488067627	64066080
transform	scale	scale(x)	1000000	3	0.0267832279205322	64066080
transform	scale	scale(x)	1000000	4	0.0254018306732178	64066080
transform	scale	scale(x)	1000000	5	0.023090124130249	64066080
transform	scale	scale(x)	1000000	6	0.0266985893249512	64066080
transform	sample	sample(x, n %/% 10)	1000000	0	0.00499796867370605	5341560
transform	sample	sample(x, n %/% 10)	1000000	1	0.00719094276428223	5341560
transform	sample	sample(x, n %/% 10)	1000000	2	0.0047004222869873	5341560
transform	sample	sample(x, n %/% 10)	1000000	3	0.00543880462646484	5341560
transform	sample	sample(x, n %/% 10)	1000000	4	0.00494790077209473	5341560
transform	sample	sample(x, n %/% 10)	1000000	5	0.00484776496887207	5341560
transform	sample	sample(x, n %/% 10)	1000000	6	0.00526332855224609	5341560
transform	seq	seq(1, n)	1000000	0	3.49968267242294e-06	94416.0000000075
transform	seq	seq(1, n)	1000000	1	3.24831828812129e-06	94416.0000000075
transform	seq	seq(1, n)	1000000	2	3.1274907729205e-06	94416.0000000075
transform	seq	seq(1, n)	1000000	3	3.03902777071992e-06	94416.0000000075
transform	seq	seq(1, n)	1000000	4	3.36267290072204e-06	94416.0000000075
transform	seq	seq(1, n)	1000000	5	3.03147605101987e-06	94416.0000000075
transform	seq	seq(1, n)	1000000	6	3.26881581302142e-06	94416.0000000075
transform	auc	pROC::auc(roc(label, y))	1000000	0	0.546538352966309	180235196.8
transform	auc	pROC::auc(roc(label, y))	1000000	1	0.454263210296631	180235196.8
transform	auc	pROC::auc(roc(label, y))	1000000	2	0.446732759475708	180235196.8
transform	auc	pROC::auc(roc(label, y))	1000000	3	0.446143865585327	180235196.8
transform	auc	pROC::auc(roc(label, y))	1000000	4	0.445458889007568	180235196.8
transform	auc	pROC::auc(roc(label, y))	1000000	5	0.471693515777588	180235196.8
transform	auc	pROC::auc(roc(label, y))	1000000	6	0.438502550125122	180235196.8
io	read_table (csv, numeric)	read.csv(num.csv)	1000	0	0.00127029418945312	729081.600000001
io	read_table (csv, numeric)	read.csv(num.csv)	1000	1	0.00106346607208252	729081.600000001
io	read_table (csv, numeric)	read.csv(num.csv)	1000	2	0.000942468643188477	729081.600000001
io	read_table (csv, numeric)	read.csv(num.csv)	1000	3	0.00106310844421387	729081.600000001
io	read_table (csv, numeric)	read.csv(num.csv)	1000	4	0.000967502593994141	729081.600000001
io	read_table (csv, numeric)	read.csv(num.csv)	1000	5	0.000963807106018066	729081.600000001
io	read_table (csv, numeric)	read.csv(num.csv)	1000	6	0.000914573669433594	729081.600000001
io	read_table (csv, mixed)	read.csv(mix.csv)	1000	0	0.00105786323547363	720913.600000001
io	read_table (csv, mixed)	read.csv(mix.csv)	1000	1	0.000840067863464355	720913.600000001
io	read_table (csv, mixed)	read.csv(mix.csv)	1000	2	0.000806331634521484	720913.600000001
io	read_table (csv, mixed)	read.csv(mix.csv)	1000	3	0.000782608985900879	720913.600000001
io	read_table (csv, mixed)	read.csv(mix.csv)	1000	4	0.000761508941650391	720913.600000001
io	read_table (csv, mixed)	read.csv(mix.csv)	1000	5	0.000809550285339355	720913.600000001
io	read_table (csv, mixed)	read.csv(mix.csv)	1000	6	0.000748157501220703	720913.600000001
io	read_table (tsv, mixed)	read.delim(mix.tsv)	1000	0	0.00102722644805908	715393.600000001
io	read_table (tsv, mixed)	read.delim(mix.tsv)	1000	1	0.000865817070007324	715393.600000001
io	read_table (tsv, mixed)	read.delim(mix.tsv)	1000	2	0.000879883766174316	715393.600000001
io	read_table (tsv, mixed)	read.delim(mix.tsv)	1000	3	0.000801324844360352	715393.600000001
io	read_table (tsv, mixed)	read.delim(mix.tsv)	1000	4	0.000769615173339844	715393.600000001
io	read_table (tsv, mixed)	read.delim(mix.tsv)	1000	5	0.00076138973236084	715393.600000001
io	read_table (tsv, mixed)	read.delim(mix.tsv)	1000	6	0.000793218612670898	715393.600000001
io	read_table (csv, hoa)	read.csv(mix.csv)	1000	0	0.000969409942626953	711641.600000001
io	read_table (csv, hoa)	read.csv(mix.csv)	1000	1	0.000800450642903646	711641.600000001
io	read_table (csv, hoa)	read.csv(mix.csv)	1000	2	0.000766277313232422	711641.600000001
io	read_table (csv, hoa)	read.csv(mix.csv)	1000	3	0.00076444943745931	711641.600000001
io	read_table (csv, hoa)	read.csv(mix.csv)	1000	4	0.000747203826904297	711641.600000001
io	read_table (csv, hoa)	read.csv(mix.csv)	1000	5	0.000752766927083333	711641.600000001
io	read_table (csv, hoa)	read.csv(mix.csv)	1000	6	0.00073854128519694	711641.600000001
io	write_table (csv, hoa)	write.csv(df, f, row.names = FALSE)	1000	0	0.00164651870727539	166307.200000003
io	write_table (csv, hoa)	write.csv(df, f, row.names = FALSE)	1000	1	0.00143074989318848	166307.200000003
io	write_table (csv, hoa)	write.csv(df, f, row.names = FALSE)	1000	2	0.00138044357299805	166307.200000003
io	write_table (csv, hoa)	write.csv(df, f, row.names = FALSE)	1000	3	0.00132441520690918	166307.200000003
io	write_table (csv, hoa)	write.csv(df, f, row.names = FALSE)	1000	4	0.00131106376647949	166307.200000003
io	write_table (csv, hoa)	write.csv(df, f, row.names = FALSE)	1000	5	0.00134611129760742	166307.200000003
io	write_table (csv, hoa)	write.csv(df, f, row.names = FALSE)	1000	6	0.00136661529541016	166307.200000003
io	write_table (tsv, hoa)	write.table(df, f, sep = "\t")	1000	0	0.00160980224609375	162891.200000003
io	write_table (tsv, hoa)	write.table(df, f, sep = "\t")	1000	1	0.00155758857727051	162891.200000003
io	write_table (tsv, hoa)	write.table(df, f, sep = "\t")	1000	2	0.00144267082214355	162891.200000003
io	write_table (tsv, hoa)	write.table(df, f, sep = "\t")	1000	3	0.00136399269104004	162891.200000003
io	write_table (tsv, hoa)	write.table(df, f, sep = "\t")	1000	4	0.00129961967468262	162891.200000003
io	write_table (tsv, hoa)	write.table(df, f, sep = "\t")	1000	5	0.00130367279052734	162891.200000003
io	write_table (tsv, hoa)	write.table(df, f, sep = "\t")	1000	6	0.00129365921020508	162891.200000003
io	write_table (csv, aoa)	write.csv(df, f, row.names = FALSE)	1000	0	0.00162911415100098	159371.200000003
io	write_table (csv, aoa)	write.csv(df, f, row.names = FALSE)	1000	1	0.00142908096313477	159371.200000003
io	write_table (csv, aoa)	write.csv(df, f, row.names = FALSE)	1000	2	0.00139522552490234	159371.200000003
io	write_table (csv, aoa)	write.csv(df, f, row.names = FALSE)	1000	3	0.00132524967193604	159371.200000003
io	write_table (csv, aoa)	write.csv(df, f, row.names = FALSE)	1000	4	0.00133931636810303	159371.200000003
io	write_table (csv, aoa)	write.csv(df, f, row.names = FALSE)	1000	5	0.00129318237304688	159371.200000003
io	write_table (csv, aoa)	write.csv(df, f, row.names = FALSE)	1000	6	0.0012737512588501	159371.200000003
io	write_table (csv, row.names)	write.csv(df, f, row.names = TRUE)	1000	0	0.00186729431152344	225436.800000004
io	write_table (csv, row.names)	write.csv(df, f, row.names = TRUE)	1000	1	0.00162458419799805	225436.800000004
io	write_table (csv, row.names)	write.csv(df, f, row.names = TRUE)	1000	2	0.00166034698486328	225436.800000004
io	write_table (csv, row.names)	write.csv(df, f, row.names = TRUE)	1000	3	0.00148963928222656	225436.800000004
io	write_table (csv, row.names)	write.csv(df, f, row.names = TRUE)	1000	4	0.00152182579040527	225436.800000004
io	write_table (csv, row.names)	write.csv(df, f, row.names = TRUE)	1000	5	0.00145912170410156	225436.800000004
io	write_table (csv, row.names)	write.csv(df, f, row.names = TRUE)	1000	6	0.00143742561340332	225436.800000004
io	read_table (xlsx)	readxl::read_excel(mix.xlsx)	1000	0	0.00438213348388672	1864238.40000001
io	read_table (xlsx)	readxl::read_excel(mix.xlsx)	1000	1	0.0035712718963623	1864238.40000001
io	read_table (xlsx)	readxl::read_excel(mix.xlsx)	1000	2	0.00342559814453125	1864238.40000001
io	read_table (xlsx)	readxl::read_excel(mix.xlsx)	1000	3	0.00351548194885254	1864238.40000001
io	read_table (xlsx)	readxl::read_excel(mix.xlsx)	1000	4	0.00478887557983398	1864238.40000001
io	read_table (xlsx)	readxl::read_excel(mix.xlsx)	1000	5	0.00354433059692383	1864238.40000001
io	read_table (xlsx)	readxl::read_excel(mix.xlsx)	1000	6	0.00347638130187988	1864238.40000001
io	read_table (csv, numeric)	read.csv(num.csv)	3000	0	0.00361824035644531	1476249.6
io	read_table (csv, numeric)	read.csv(num.csv)	3000	1	0.0027005672454834	1476249.6
io	read_table (csv, numeric)	read.csv(num.csv)	3000	2	0.00249552726745605	1476249.6
io	read_table (csv, numeric)	read.csv(num.csv)	3000	3	0.00242805480957031	1476249.6
io	read_table (csv, numeric)	read.csv(num.csv)	3000	4	0.00243496894836426	1476249.6
io	read_table (csv, numeric)	read.csv(num.csv)	3000	5	0.00276398658752441	1476249.6
io	read_table (csv, numeric)	read.csv(num.csv)	3000	6	0.00298833847045898	1476249.6
io	read_table (csv, mixed)	read.csv(mix.csv)	3000	0	0.00320744514465332	1470737.6
io	read_table (csv, mixed)	read.csv(mix.csv)	3000	1	0.00229477882385254	1470737.6
io	read_table (csv, mixed)	read.csv(mix.csv)	3000	2	0.00208854675292969	1470737.6
io	read_table (csv, mixed)	read.csv(mix.csv)	3000	3	0.00202822685241699	1470737.6
io	read_table (csv, mixed)	read.csv(mix.csv)	3000	4	0.00199723243713379	1470737.6
io	read_table (csv, mixed)	read.csv(mix.csv)	3000	5	0.00197887420654297	1470737.6
io	read_table (csv, mixed)	read.csv(mix.csv)	3000	6	0.00200700759887695	1470737.6
io	read_table (tsv, mixed)	read.delim(mix.tsv)	3000	0	0.00242805480957031	1466129.6
io	read_table (tsv, mixed)	read.delim(mix.tsv)	3000	1	0.00200843811035156	1466129.6
io	read_table (tsv, mixed)	read.delim(mix.tsv)	3000	2	0.00202429294586182	1466129.6
io	read_table (tsv, mixed)	read.delim(mix.tsv)	3000	3	0.00193357467651367	1466129.6
io	read_table (tsv, mixed)	read.delim(mix.tsv)	3000	4	0.00193643569946289	1466129.6
io	read_table (tsv, mixed)	read.delim(mix.tsv)	3000	5	0.00203490257263184	1466129.6
io	read_table (tsv, mixed)	read.delim(mix.tsv)	3000	6	0.0023263692855835	1466129.6
io	read_table (csv, hoa)	read.csv(mix.csv)	3000	0	0.00284671783447266	1460409.6
io	read_table (csv, hoa)	read.csv(mix.csv)	3000	1	0.0022890567779541	1460409.6
io	read_table (csv, hoa)	read.csv(mix.csv)	3000	2	0.00225400924682617	1460409.6
io	read_table (csv, hoa)	read.csv(mix.csv)	3000	3	0.00206112861633301	1460409.6
io	read_table (csv, hoa)	read.csv(mix.csv)	3000	4	0.00201654434204102	1460409.6
io	read_table (csv, hoa)	read.csv(mix.csv)	3000	5	0.00202298164367676	1460409.6
io	read_table (csv, hoa)	read.csv(mix.csv)	3000	6	0.00196385383605957	1460409.6
io	write_table (csv, hoa)	write.csv(df, f, row.names = FALSE)	3000	0	0.0042572021484375	199310.399999999
io	write_table (csv, hoa)	write.csv(df, f, row.names = FALSE)	3000	1	0.0037992000579834	199310.399999999
io	write_table (csv, hoa)	write.csv(df, f, row.names = FALSE)	3000	2	0.0036776065826416	199310.399999999
io	write_table (csv, hoa)	write.csv(df, f, row.names = FALSE)	3000	3	0.00356483459472656	199310.399999999
io	write_table (csv, hoa)	write.csv(df, f, row.names = FALSE)	3000	4	0.00360774993896484	199310.399999999
io	write_table (csv, hoa)	write.csv(df, f, row.names = FALSE)	3000	5	0.00355792045593262	199310.399999999
io	write_table (csv, hoa)	write.csv(df, f, row.names = FALSE)	3000	6	0.00380134582519531	199310.399999999
io	write_table (tsv, hoa)	write.table(df, f, sep = "\t")	3000	0	0.00425028800964355	195046.399999999
io	write_table (tsv, hoa)	write.table(df, f, sep = "\t")	3000	1	0.00374650955200195	195046.399999999
io	write_table (tsv, hoa)	write.table(df, f, sep = "\t")	3000	2	0.00364327430725098	195046.399999999
io	write_table (tsv, hoa)	write.table(df, f, sep = "\t")	3000	3	0.00360345840454102	195046.399999999
io	write_table (tsv, hoa)	write.table(df, f, sep = "\t")	3000	4	0.00358366966247559	195046.399999999
io	write_table (tsv, hoa)	write.table(df, f, sep = "\t")	3000	5	0.00351786613464355	195046.399999999
io	write_table (tsv, hoa)	write.table(df, f, sep = "\t")	3000	6	0.00361299514770508	195046.399999999
io	write_table (csv, aoa)	write.csv(df, f, row.names = FALSE)	3000	0	0.00410866737365723	190782.399999999
io	write_table (csv, aoa)	write.csv(df, f, row.names = FALSE)	3000	1	0.00378227233886719	190782.399999999
io	write_table (csv, aoa)	write.csv(df, f, row.names = FALSE)	3000	2	0.00367879867553711	190782.399999999
io	write_table (csv, aoa)	write.csv(df, f, row.names = FALSE)	3000	3	0.00383472442626953	190782.399999999
io	write_table (csv, aoa)	write.csv(df, f, row.names = FALSE)	3000	4	0.00355839729309082	190782.399999999
io	write_table (csv, aoa)	write.csv(df, f, row.names = FALSE)	3000	5	0.00359797477722168	190782.399999999
io	write_table (csv, aoa)	write.csv(df, f, row.names = FALSE)	3000	6	0.00381565093994141	190782.399999999
io	write_table (csv, row.names)	write.csv(df, f, row.names = TRUE)	3000	0	0.00500655174255371	396233.600000001
io	write_table (csv, row.names)	write.csv(df, f, row.names = TRUE)	3000	1	0.00433564186096191	396233.600000001
io	write_table (csv, row.names)	write.csv(df, f, row.names = TRUE)	3000	2	0.00405001640319824	396233.600000001
io	write_table (csv, row.names)	write.csv(df, f, row.names = TRUE)	3000	3	0.00402021408081055	396233.600000001
io	write_table (csv, row.names)	write.csv(df, f, row.names = TRUE)	3000	4	0.00411629676818848	396233.600000001
io	write_table (csv, row.names)	write.csv(df, f, row.names = TRUE)	3000	5	0.00404524803161621	396233.600000001
io	write_table (csv, row.names)	write.csv(df, f, row.names = TRUE)	3000	6	0.0040130615234375	396233.600000001
io	read_table (xlsx)	readxl::read_excel(mix.xlsx)	3000	0	0.0099637508392334	3430816.00000001
io	read_table (xlsx)	readxl::read_excel(mix.xlsx)	3000	1	0.0073084831237793	3430816.00000001
io	read_table (xlsx)	readxl::read_excel(mix.xlsx)	3000	2	0.00741982460021973	3430816.00000001
io	read_table (xlsx)	readxl::read_excel(mix.xlsx)	3000	3	0.00725150108337402	3430816.00000001
io	read_table (xlsx)	readxl::read_excel(mix.xlsx)	3000	4	0.00760722160339355	3430816.00000001
io	read_table (xlsx)	readxl::read_excel(mix.xlsx)	3000	5	0.0073089599609375	3430816.00000001
io	read_table (xlsx)	readxl::read_excel(mix.xlsx)	3000	6	0.00734543800354004	3430816.00000001
io	read_table (csv, numeric)	read.csv(num.csv)	10000	0	0.0111608505249023	4855025.6
io	read_table (csv, numeric)	read.csv(num.csv)	10000	1	0.00881075859069824	4855025.6
io	read_table (csv, numeric)	read.csv(num.csv)	10000	2	0.00849032402038574	4855025.6
io	read_table (csv, numeric)	read.csv(num.csv)	10000	3	0.0082852840423584	4855025.6
io	read_table (csv, numeric)	read.csv(num.csv)	10000	4	0.00855493545532227	4855025.6
io	read_table (csv, numeric)	read.csv(num.csv)	10000	5	0.00822210311889648	4855025.6
io	read_table (csv, numeric)	read.csv(num.csv)	10000	6	0.0083000659942627	4855025.6
io	read_table (csv, mixed)	read.csv(mix.csv)	10000	0	0.00851821899414062	4325225.6
io	read_table (csv, mixed)	read.csv(mix.csv)	10000	1	0.00659823417663574	4325225.6
io	read_table (csv, mixed)	read.csv(mix.csv)	10000	2	0.00664949417114258	4325225.6
io	read_table (csv, mixed)	read.csv(mix.csv)	10000	3	0.00657844543457031	4325225.6
io	read_table (csv, mixed)	read.csv(mix.csv)	10000	4	0.00664114952087402	4325225.6
io	read_table (csv, mixed)	read.csv(mix.csv)	10000	5	0.00641798973083496	4325225.6
io	read_table (csv, mixed)	read.csv(mix.csv)	10000	6	0.00644421577453613	4325225.6
io	read_table (tsv, mixed)	read.delim(mix.tsv)	10000	0	0.00857067108154297	4320961.6
io	read_table (tsv, mixed)	read.delim(mix.tsv)	10000	1	0.0072786808013916	4320961.6
io	read_table (tsv, mixed)	read.delim(mix.tsv)	10000	2	0.00674796104431152	4320961.6
io	read_table (tsv, mixed)	read.delim(mix.tsv)	10000	3	0.00674033164978027	4320961.6
io	read_table (tsv, mixed)	read.delim(mix.tsv)	10000	4	0.00681495666503906	4320961.6
io	read_table (tsv, mixed)	read.delim(mix.tsv)	10000	5	0.00693535804748535	4320961.6
io	read_table (tsv, mixed)	read.delim(mix.tsv)	10000	6	0.00770092010498047	4320961.6
io	read_table (csv, hoa)	read.csv(mix.csv)	10000	0	0.00836467742919922	4316697.6
io	read_table (csv, hoa)	read.csv(mix.csv)	10000	1	0.00665402412414551	4316697.6
io	read_table (csv, hoa)	read.csv(mix.csv)	10000	2	0.00652575492858887	4316697.6
io	read_table (csv, hoa)	read.csv(mix.csv)	10000	3	0.00659418106079102	4316697.6
io	read_table (csv, hoa)	read.csv(mix.csv)	10000	4	0.00752425193786621	4316697.6
io	read_table (csv, hoa)	read.csv(mix.csv)	10000	5	0.00670814514160156	4316697.6
io	read_table (csv, hoa)	read.csv(mix.csv)	10000	6	0.00655841827392578	4316697.6
io	write_table (csv, hoa)	write.csv(df, f, row.names = FALSE)	10000	0	0.0126888751983643	222987.200000003
io	write_table (csv, hoa)	write.csv(df, f, row.names = FALSE)	10000	1	0.0117504596710205	222987.200000003
io	write_table (csv, hoa)	write.csv(df, f, row.names = FALSE)	10000	2	0.0115354061126709	222987.200000003
io	write_table (csv, hoa)	write.csv(df, f, row.names = FALSE)	10000	3	0.0115571022033691	222987.200000003
io	write_table (csv, hoa)	write.csv(df, f, row.names = FALSE)	10000	4	0.011601448059082	222987.200000003
io	write_table (csv, hoa)	write.csv(df, f, row.names = FALSE)	10000	5	0.0115511417388916	222987.200000003
io	write_table (csv, hoa)	write.csv(df, f, row.names = FALSE)	10000	6	0.0116093158721924	222987.200000003
io	write_table (tsv, hoa)	write.table(df, f, sep = "\t")	10000	0	0.0123505592346191	218339.200000003
io	write_table (tsv, hoa)	write.table(df, f, sep = "\t")	10000	1	0.0115106105804443	218339.200000003
io	write_table (tsv, hoa)	write.table(df, f, sep = "\t")	10000	2	0.0115845203399658	218339.200000003
io	write_table (tsv, hoa)	write.table(df, f, sep = "\t")	10000	3	0.0115587711334229	218339.200000003
io	write_table (tsv, hoa)	write.table(df, f, sep = "\t")	10000	4	0.011430025100708	218339.200000003
io	write_table (tsv, hoa)	write.table(df, f, sep = "\t")	10000	5	0.0114789009094238	218339.200000003
io	write_table (tsv, hoa)	write.table(df, f, sep = "\t")	10000	6	0.0114803314208984	218339.200000003
io	write_table (csv, aoa)	write.csv(df, f, row.names = FALSE)	10000	0	0.0123767852783203	214075.200000003
io	write_table (csv, aoa)	write.csv(df, f, row.names = FALSE)	10000	1	0.0115940570831299	214075.200000003
io	write_table (csv, aoa)	write.csv(df, f, row.names = FALSE)	10000	2	0.0116159915924072	214075.200000003
io	write_table (csv, aoa)	write.csv(df, f, row.names = FALSE)	10000	3	0.0116455554962158	214075.200000003
io	write_table (csv, aoa)	write.csv(df, f, row.names = FALSE)	10000	4	0.0117483139038086	214075.200000003
io	write_table (csv, aoa)	write.csv(df, f, row.names = FALSE)	10000	5	0.0116822719573975	214075.200000003
io	write_table (csv, aoa)	write.csv(df, f, row.names = FALSE)	10000	6	0.0115375518798828	214075.200000003
io	write_table (csv, row.names)	write.csv(df, f, row.names = TRUE)	10000	0	0.0146455764770508	838956.799999997
io	write_table (csv, row.names)	write.csv(df, f, row.names = TRUE)	10000	1	0.0131785869598389	838956.799999997
io	write_table (csv, row.names)	write.csv(df, f, row.names = TRUE)	10000	2	0.0131046772003174	838956.799999997
io	write_table (csv, row.names)	write.csv(df, f, row.names = TRUE)	10000	3	0.0131344795227051	838956.799999997
io	write_table (csv, row.names)	write.csv(df, f, row.names = TRUE)	10000	4	0.0132832527160645	838956.799999997
io	write_table (csv, row.names)	write.csv(df, f, row.names = TRUE)	10000	5	0.0132291316986084	838956.799999997
io	write_table (csv, row.names)	write.csv(df, f, row.names = TRUE)	10000	6	0.0131294727325439	838956.799999997
io	read_table (xlsx)	readxl::read_excel(mix.xlsx)	10000	0	0.0198700428009033	8697348.8
io	read_table (xlsx)	readxl::read_excel(mix.xlsx)	10000	1	0.0219924449920654	8697348.8
io	read_table (xlsx)	readxl::read_excel(mix.xlsx)	10000	2	0.0205800533294678	8697348.8
io	read_table (xlsx)	readxl::read_excel(mix.xlsx)	10000	3	0.0209987163543701	8697348.8
io	read_table (xlsx)	readxl::read_excel(mix.xlsx)	10000	4	0.0220673084259033	8697348.8
io	read_table (xlsx)	readxl::read_excel(mix.xlsx)	10000	5	0.0231142044067383	8697348.8
io	read_table (xlsx)	readxl::read_excel(mix.xlsx)	10000	6	0.0234525203704834	8697348.8
io	read_table (csv, numeric)	read.csv(num.csv)	30000	0	0.0301520824432373	12799382.4
io	read_table (csv, numeric)	read.csv(num.csv)	30000	1	0.0298488140106201	12799382.4
io	read_table (csv, numeric)	read.csv(num.csv)	30000	2	0.0252716541290283	12799382.4
io	read_table (csv, numeric)	read.csv(num.csv)	30000	3	0.0272769927978516	12799382.4
io	read_table (csv, numeric)	read.csv(num.csv)	30000	4	0.0267727375030518	12799382.4
io	read_table (csv, numeric)	read.csv(num.csv)	30000	5	0.0270090103149414	12799382.4
io	read_table (csv, numeric)	read.csv(num.csv)	30000	6	0.0281434059143066	12799382.4
io	read_table (csv, mixed)	read.csv(mix.csv)	30000	0	0.0248897075653076	11221006.4
io	read_table (csv, mixed)	read.csv(mix.csv)	30000	1	0.0228633880615234	11221006.4
io	read_table (csv, mixed)	read.csv(mix.csv)	30000	2	0.0234758853912354	11221006.4
io	read_table (csv, mixed)	read.csv(mix.csv)	30000	3	0.0272359848022461	11221006.4
io	read_table (csv, mixed)	read.csv(mix.csv)	30000	4	0.0252335071563721	11221006.4
io	read_table (csv, mixed)	read.csv(mix.csv)	30000	5	0.026580810546875	11221006.4
io	read_table (csv, mixed)	read.csv(mix.csv)	30000	6	0.0215334892272949	11221006.4
io	read_table (tsv, mixed)	read.delim(mix.tsv)	30000	0	0.0228266716003418	11216742.4
io	read_table (tsv, mixed)	read.delim(mix.tsv)	30000	1	0.0233027935028076	11216742.4
io	read_table (tsv, mixed)	read.delim(mix.tsv)	30000	2	0.0202136039733887	11216742.4
io	read_table (tsv, mixed)	read.delim(mix.tsv)	30000	3	0.0206658840179443	11216742.4
io	read_table (tsv, mixed)	read.delim(mix.tsv)	30000	4	0.0199401378631592	11216742.4
io	read_table (tsv, mixed)	read.delim(mix.tsv)	30000	5	0.0234372615814209	11216742.4
io	read_table (tsv, mixed)	read.delim(mix.tsv)	30000	6	0.0202963352203369	11216742.4
io	read_table (csv, hoa)	read.csv(mix.csv)	30000	0	0.0244717597961426	11212078.4
io	read_table (csv, hoa)	read.csv(mix.csv)	30000	1	0.0202922821044922	11212078.4
io	read_table (csv, hoa)	read.csv(mix.csv)	30000	2	0.020679235458374	11212078.4
io	read_table (csv, hoa)	read.csv(mix.csv)	30000	3	0.0229542255401611	11212078.4
io	read_table (csv, hoa)	read.csv(mix.csv)	30000	4	0.0210485458374023	11212078.4
io	read_table (csv, hoa)	read.csv(mix.csv)	30000	5	0.0198390483856201	11212078.4
io	read_table (csv, hoa)	read.csv(mix.csv)	30000	6	0.0220444202423096	11212078.4
io	write_table (csv, hoa)	write.csv(df, f, row.names = FALSE)	30000	0	0.0355110168457031	197766.399999999
io	write_table (csv, hoa)	write.csv(df, f, row.names = FALSE)	30000	1	0.0351324081420898	197766.399999999
io	write_table (csv, hoa)	write.csv(df, f, row.names = FALSE)	30000	2	0.0345027446746826	197766.399999999
io	write_table (csv, hoa)	write.csv(df, f, row.names = FALSE)	30000	3	0.034442663192749	197766.399999999
io	write_table (csv, hoa)	write.csv(df, f, row.names = FALSE)	30000	4	0.0344307422637939	197766.399999999
io	write_table (csv, hoa)	write.csv(df, f, row.names = FALSE)	30000	5	0.0343799591064453	197766.399999999
io	write_table (csv, hoa)	write.csv(df, f, row.names = FALSE)	30000	6	0.0403611660003662	197766.399999999
io	write_table (tsv, hoa)	write.table(df, f, sep = "\t")	30000	0	0.0351524353027344	193502.399999999
io	write_table (tsv, hoa)	write.table(df, f, sep = "\t")	30000	1	0.0348560810089111	193502.399999999
io	write_table (tsv, hoa)	write.table(df, f, sep = "\t")	30000	2	0.0343494415283203	193502.399999999
io	write_table (tsv, hoa)	write.table(df, f, sep = "\t")	30000	3	0.0343291759490967	193502.399999999
io	write_table (tsv, hoa)	write.table(df, f, sep = "\t")	30000	4	0.034203052520752	193502.399999999
io	write_table (tsv, hoa)	write.table(df, f, sep = "\t")	30000	5	0.0342435836791992	193502.399999999
io	write_table (tsv, hoa)	write.table(df, f, sep = "\t")	30000	6	0.0341806411743164	193502.399999999
io	write_table (csv, aoa)	write.csv(df, f, row.names = FALSE)	30000	0	0.0353877544403076	189238.399999999
io	write_table (csv, aoa)	write.csv(df, f, row.names = FALSE)	30000	1	0.0351040363311768	189238.399999999
io	write_table (csv, aoa)	write.csv(df, f, row.names = FALSE)	30000	2	0.0343475341796875	189238.399999999
io	write_table (csv, aoa)	write.csv(df, f, row.names = FALSE)	30000	3	0.0344233512878418	189238.399999999
io	write_table (csv, aoa)	write.csv(df, f, row.names = FALSE)	30000	4	0.03434157371521	189238.399999999
io	write_table (csv, aoa)	write.csv(df, f, row.names = FALSE)	30000	5	0.0347955226898193	189238.399999999
io	write_table (csv, aoa)	write.csv(df, f, row.names = FALSE)	30000	6	0.0342347621917725	189238.399999999
io	write_table (csv, row.names)	write.csv(df, f, row.names = TRUE)	30000	0	0.0418145656585693	2282126.40000001
io	write_table (csv, row.names)	write.csv(df, f, row.names = TRUE)	30000	1	0.0402829647064209	2282126.40000001
io	write_table (csv, row.names)	write.csv(df, f, row.names = TRUE)	30000	2	0.0393712520599365	2282126.40000001
io	write_table (csv, row.names)	write.csv(df, f, row.names = TRUE)	30000	3	0.0395662784576416	2282126.40000001
io	write_table (csv, row.names)	write.csv(df, f, row.names = TRUE)	30000	4	0.0396363735198975	2282126.40000001
io	write_table (csv, row.names)	write.csv(df, f, row.names = TRUE)	30000	5	0.0395400524139404	2282126.40000001
io	write_table (csv, row.names)	write.csv(df, f, row.names = TRUE)	30000	6	0.0393354892730713	2282126.40000001
io	read_table (xlsx)	readxl::read_excel(mix.xlsx)	30000	0	0.0647904872894287	23981537.6
io	read_table (xlsx)	readxl::read_excel(mix.xlsx)	30000	1	0.0619833469390869	23981537.6
io	read_table (xlsx)	readxl::read_excel(mix.xlsx)	30000	2	0.0639345645904541	23981537.6
io	read_table (xlsx)	readxl::read_excel(mix.xlsx)	30000	3	0.0573127269744873	23981537.6
io	read_table (xlsx)	readxl::read_excel(mix.xlsx)	30000	4	0.055161714553833	23981537.6
io	read_table (xlsx)	readxl::read_excel(mix.xlsx)	30000	5	0.058917760848999	23981537.6
io	read_table (xlsx)	readxl::read_excel(mix.xlsx)	30000	6	0.0545835494995117	23981537.6
io	read_table (csv, numeric)	read.csv(num.csv)	100000	0	0.133171319961548	43270918.4
io	read_table (csv, numeric)	read.csv(num.csv)	100000	1	0.128931045532227	43270918.4
io	read_table (csv, numeric)	read.csv(num.csv)	100000	2	0.126441478729248	43270918.4
io	read_table (csv, numeric)	read.csv(num.csv)	100000	3	0.180465459823608	43270918.4
io	read_table (csv, numeric)	read.csv(num.csv)	100000	4	0.121000051498413	43270918.4
io	read_table (csv, numeric)	read.csv(num.csv)	100000	5	0.112450361251831	43270918.4
io	read_table (csv, numeric)	read.csv(num.csv)	100000	6	0.147674322128296	43270918.4
io	read_table (csv, mixed)	read.csv(mix.csv)	100000	0	0.0851762294769287	38756937.6
io	read_table (csv, mixed)	read.csv(mix.csv)	100000	1	0.0849471092224121	38756937.6
io	read_table (csv, mixed)	read.csv(mix.csv)	100000	2	0.102591514587402	38756937.6
io	read_table (csv, mixed)	read.csv(mix.csv)	100000	3	0.0772507190704346	38756937.6
io	read_table (csv, mixed)	read.csv(mix.csv)	100000	4	0.0944554805755615	38756937.6
io	read_table (csv, mixed)	read.csv(mix.csv)	100000	5	0.0883712768554688	38756937.6
io	read_table (csv, mixed)	read.csv(mix.csv)	100000	6	0.0960993766784668	38756937.6
io	read_table (tsv, mixed)	read.delim(mix.tsv)	100000	0	0.0897367000579834	38752465.6
io	read_table (tsv, mixed)	read.delim(mix.tsv)	100000	1	0.084697961807251	38752465.6
io	read_table (tsv, mixed)	read.delim(mix.tsv)	100000	2	0.095609188079834	38752465.6
io	read_table (tsv, mixed)	read.delim(mix.tsv)	100000	3	0.0739495754241943	38752465.6
io	read_table (tsv, mixed)	read.delim(mix.tsv)	100000	4	0.0855844020843506	38752465.6
io	read_table (tsv, mixed)	read.delim(mix.tsv)	100000	5	0.0715925693511963	38752465.6
io	read_table (tsv, mixed)	read.delim(mix.tsv)	100000	6	0.0797195434570312	38752465.6
io	read_table (csv, hoa)	read.csv(mix.csv)	100000	0	0.0755488872528076	38748201.6
io	read_table (csv, hoa)	read.csv(mix.csv)	100000	1	0.0729465484619141	38748201.6
io	read_table (csv, hoa)	read.csv(mix.csv)	100000	2	0.0876402854919434	38748201.6
io	read_table (csv, hoa)	read.csv(mix.csv)	100000	3	0.0725274085998535	38748201.6
io	read_table (csv, hoa)	read.csv(mix.csv)	100000	4	0.0800888538360596	38748201.6
io	read_table (csv, hoa)	read.csv(mix.csv)	100000	5	0.0723052024841309	38748201.6
io	read_table (csv, hoa)	read.csv(mix.csv)	100000	6	0.0797107219696045	38748201.6
io	write_table (csv, hoa)	write.csv(df, f, row.names = FALSE)	100000	0	0.117459058761597	156132.799999997
io	write_table (csv, hoa)	write.csv(df, f, row.names = FALSE)	100000	1	0.117029428482056	156132.799999997
io	write_table (csv, hoa)	write.csv(df, f, row.names = FALSE)	100000	2	0.113948822021484	156132.799999997
io	write_table (csv, hoa)	write.csv(df, f, row.names = FALSE)	100000	3	0.116594791412354	156132.799999997
io	write_table (csv, hoa)	write.csv(df, f, row.names = FALSE)	100000	4	0.116741895675659	156132.799999997
io	write_table (csv, hoa)	write.csv(df, f, row.names = FALSE)	100000	5	0.11627197265625	156132.799999997
io	write_table (csv, hoa)	write.csv(df, f, row.names = FALSE)	100000	6	0.114700078964233	156132.799999997
io	write_table (tsv, hoa)	write.table(df, f, sep = "\t")	100000	0	0.116671800613403	151036.799999997
io	write_table (tsv, hoa)	write.table(df, f, sep = "\t")	100000	1	0.113931655883789	151036.799999997
io	write_table (tsv, hoa)	write.table(df, f, sep = "\t")	100000	2	0.11616587638855	151036.799999997
io	write_table (tsv, hoa)	write.table(df, f, sep = "\t")	100000	3	0.116062641143799	151036.799999997
io	write_table (tsv, hoa)	write.table(df, f, sep = "\t")	100000	4	0.115999460220337	151036.799999997
io	write_table (tsv, hoa)	write.table(df, f, sep = "\t")	100000	5	0.116175413131714	151036.799999997
io	write_table (tsv, hoa)	write.table(df, f, sep = "\t")	100000	6	0.112942934036255	151036.799999997
io	write_table (csv, aoa)	write.csv(df, f, row.names = FALSE)	100000	0	0.114288091659546	251630.400000006
io	write_table (csv, aoa)	write.csv(df, f, row.names = FALSE)	100000	1	0.113442420959473	251630.400000006
io	write_table (csv, aoa)	write.csv(df, f, row.names = FALSE)	100000	2	0.116380929946899	251630.400000006
io	write_table (csv, aoa)	write.csv(df, f, row.names = FALSE)	100000	3	0.116840839385986	251630.400000006
io	write_table (csv, aoa)	write.csv(df, f, row.names = FALSE)	100000	4	0.113352298736572	251630.400000006
io	write_table (csv, aoa)	write.csv(df, f, row.names = FALSE)	100000	5	0.116460084915161	251630.400000006
io	write_table (csv, aoa)	write.csv(df, f, row.names = FALSE)	100000	6	0.116289854049683	251630.400000006
io	write_table (csv, row.names)	write.csv(df, f, row.names = TRUE)	100000	0	0.132949829101562	7377683.2
io	write_table (csv, row.names)	write.csv(df, f, row.names = TRUE)	100000	1	0.133376598358154	7377683.2
io	write_table (csv, row.names)	write.csv(df, f, row.names = TRUE)	100000	2	0.131091833114624	7377683.2
io	write_table (csv, row.names)	write.csv(df, f, row.names = TRUE)	100000	3	0.133737087249756	7377683.2
io	write_table (csv, row.names)	write.csv(df, f, row.names = TRUE)	100000	4	0.136113166809082	7377683.2
io	write_table (csv, row.names)	write.csv(df, f, row.names = TRUE)	100000	5	0.1341552734375	7377683.2
io	write_table (csv, row.names)	write.csv(df, f, row.names = TRUE)	100000	6	0.13331413269043	7377683.2
io	read_table (xlsx)	readxl::read_excel(mix.xlsx)	100000	0	0.178236484527588	67562513.6
io	read_table (xlsx)	readxl::read_excel(mix.xlsx)	100000	1	0.178885221481323	67562513.6
io	read_table (xlsx)	readxl::read_excel(mix.xlsx)	100000	2	0.175976276397705	67562513.6
io	read_table (xlsx)	readxl::read_excel(mix.xlsx)	100000	3	0.180811882019043	67562513.6
io	read_table (xlsx)	readxl::read_excel(mix.xlsx)	100000	4	0.181302547454834	67562513.6
io	read_table (xlsx)	readxl::read_excel(mix.xlsx)	100000	5	0.176670074462891	67562513.6
io	read_table (xlsx)	readxl::read_excel(mix.xlsx)	100000	6	0.175908088684082	67562513.6
io	read_table (csv, numeric)	read.csv(num.csv)	300000	0	0.646850109100342	132815179.2
io	read_table (csv, numeric)	read.csv(num.csv)	300000	1	0.71003532409668	132815179.2
io	read_table (csv, numeric)	read.csv(num.csv)	300000	2	0.852280139923096	132815179.2
io	read_table (csv, numeric)	read.csv(num.csv)	300000	3	0.768192291259766	132815179.2
io	read_table (csv, numeric)	read.csv(num.csv)	300000	4	0.805990695953369	132815179.2
io	read_table (csv, numeric)	read.csv(num.csv)	300000	5	0.624273777008057	132815179.2
io	read_table (csv, numeric)	read.csv(num.csv)	300000	6	0.82254958152771	132815179.2
io	read_table (csv, mixed)	read.csv(mix.csv)	300000	0	0.305588483810425	124946595.2
io	read_table (csv, mixed)	read.csv(mix.csv)	300000	1	0.409117937088013	124946595.2
io	read_table (csv, mixed)	read.csv(mix.csv)	300000	2	0.3478844165802	124946595.2
io	read_table (csv, mixed)	read.csv(mix.csv)	300000	3	0.497390747070312	124946595.2
io	read_table (csv, mixed)	read.csv(mix.csv)	300000	4	0.375764608383179	124946595.2
io	read_table (csv, mixed)	read.csv(mix.csv)	300000	5	0.371651172637939	124946595.2
io	read_table (csv, mixed)	read.csv(mix.csv)	300000	6	0.410338163375854	124946595.2
io	read_table (tsv, mixed)	read.delim(mix.tsv)	300000	0	0.293715715408325	124942331.2
io	read_table (tsv, mixed)	read.delim(mix.tsv)	300000	1	0.405155420303345	124942331.2
io	read_table (tsv, mixed)	read.delim(mix.tsv)	300000	2	0.342930555343628	124942331.2
io	read_table (tsv, mixed)	read.delim(mix.tsv)	300000	3	0.502834796905518	124942331.2
io	read_table (tsv, mixed)	read.delim(mix.tsv)	300000	4	0.377950429916382	124942331.2
io	read_table (tsv, mixed)	read.delim(mix.tsv)	300000	5	0.377511024475098	124942331.2
io	read_table (tsv, mixed)	read.delim(mix.tsv)	300000	6	0.416411399841309	124942331.2
io	read_table (csv, hoa)	read.csv(mix.csv)	300000	0	0.307976484298706	124938067.2
io	read_table (csv, hoa)	read.csv(mix.csv)	300000	1	0.408189535140991	124938067.2
io	read_table (csv, hoa)	read.csv(mix.csv)	300000	2	0.439941883087158	124938067.2
io	read_table (csv, hoa)	read.csv(mix.csv)	300000	3	0.335227966308594	124938067.2
io	read_table (csv, hoa)	read.csv(mix.csv)	300000	4	0.517054319381714	124938067.2
io	read_table (csv, hoa)	read.csv(mix.csv)	300000	5	0.338916301727295	124938067.2
io	read_table (csv, hoa)	read.csv(mix.csv)	300000	6	0.383614778518677	124938067.2
io	write_table (csv, hoa)	write.csv(df, f, row.names = FALSE)	300000	0	0.346967458724976	257492.800000004
io	write_table (csv, hoa)	write.csv(df, f, row.names = FALSE)	300000	1	0.341575384140015	257492.800000004
io	write_table (csv, hoa)	write.csv(df, f, row.names = FALSE)	300000	2	0.344215631484985	257492.800000004
io	write_table (csv, hoa)	write.csv(df, f, row.names = FALSE)	300000	3	0.346104860305786	257492.800000004
io	write_table (csv, hoa)	write.csv(df, f, row.names = FALSE)	300000	4	0.346378087997437	257492.800000004
io	write_table (csv, hoa)	write.csv(df, f, row.names = FALSE)	300000	5	0.346355676651001	257492.800000004
io	write_table (csv, hoa)	write.csv(df, f, row.names = FALSE)	300000	6	0.346695899963379	257492.800000004
io	write_table (tsv, hoa)	write.table(df, f, sep = "\t")	300000	0	0.343945026397705	252188.800000004
io	write_table (tsv, hoa)	write.table(df, f, sep = "\t")	300000	1	0.344056606292725	252188.800000004
io	write_table (tsv, hoa)	write.table(df, f, sep = "\t")	300000	2	0.342774629592896	252188.800000004
io	write_table (tsv, hoa)	write.table(df, f, sep = "\t")	300000	3	0.345032453536987	252188.800000004
io	write_table (tsv, hoa)	write.table(df, f, sep = "\t")	300000	4	0.33875584602356	252188.800000004
io	write_table (tsv, hoa)	write.table(df, f, sep = "\t")	300000	5	0.369068384170532	252188.800000004
io	write_table (tsv, hoa)	write.table(df, f, sep = "\t")	300000	6	0.351290702819824	252188.800000004
io	write_table (csv, aoa)	write.csv(df, f, row.names = FALSE)	300000	0	0.342503070831299	247924.800000004
io	write_table (csv, aoa)	write.csv(df, f, row.names = FALSE)	300000	1	0.347030639648438	247924.800000004
io	write_table (csv, aoa)	write.csv(df, f, row.names = FALSE)	300000	2	0.345342636108398	247924.800000004
io	write_table (csv, aoa)	write.csv(df, f, row.names = FALSE)	300000	3	0.345921993255615	247924.800000004
io	write_table (csv, aoa)	write.csv(df, f, row.names = FALSE)	300000	4	0.344024896621704	247924.800000004
io	write_table (csv, aoa)	write.csv(df, f, row.names = FALSE)	300000	5	0.345687627792358	247924.800000004
io	write_table (csv, aoa)	write.csv(df, f, row.names = FALSE)	300000	6	0.345104932785034	247924.800000004
io	write_table (csv, row.names)	write.csv(df, f, row.names = TRUE)	300000	0	0.398817539215088	21739468.8
io	write_table (csv, row.names)	write.csv(df, f, row.names = TRUE)	300000	1	0.395946979522705	21739468.8
io	write_table (csv, row.names)	write.csv(df, f, row.names = TRUE)	300000	2	0.394391536712646	21739468.8
io	write_table (csv, row.names)	write.csv(df, f, row.names = TRUE)	300000	3	0.396105527877808	21739468.8
io	write_table (csv, row.names)	write.csv(df, f, row.names = TRUE)	300000	4	0.399715423583984	21739468.8
io	write_table (csv, row.names)	write.csv(df, f, row.names = TRUE)	300000	5	0.39599609375	21739468.8
io	write_table (csv, row.names)	write.csv(df, f, row.names = TRUE)	300000	6	0.399872541427612	21739468.8
io	read_table (xlsx)	readxl::read_excel(mix.xlsx)	300000	0	0.583832740783691	156267873.6
io	read_table (xlsx)	readxl::read_excel(mix.xlsx)	300000	1	0.554623603820801	156267873.6
io	read_table (xlsx)	readxl::read_excel(mix.xlsx)	300000	2	0.553296327590942	156267873.6
io	read_table (xlsx)	readxl::read_excel(mix.xlsx)	300000	3	0.611692190170288	156267873.6
io	read_table (xlsx)	readxl::read_excel(mix.xlsx)	300000	4	0.602242708206177	156267873.6
io	read_table (xlsx)	readxl::read_excel(mix.xlsx)	300000	5	0.601480007171631	156267873.6
io	read_table (xlsx)	readxl::read_excel(mix.xlsx)	300000	6	0.58483362197876	156267873.6
frame	filter	df[df$x > 0, ]	1000	0	8.54730606079102e-05	209233.600000001
frame	filter	df[df$x > 0, ]	1000	1	6.04391098022461e-05	209233.600000001
frame	filter	df[df$x > 0, ]	1000	2	6.28232955932617e-05	209233.600000001
frame	filter	df[df$x > 0, ]	1000	3	5.340576171875e-05	209233.600000001
frame	filter	df[df$x > 0, ]	1000	4	5.13792037963867e-05	209233.600000001
frame	filter	df[df$x > 0, ]	1000	5	5.12599945068359e-05	209233.600000001
frame	filter	df[df$x > 0, ]	1000	6	5.38825988769531e-05	209233.600000001
frame	select_cols	df[, c("x", "cat1")]	1000	0	3.20672988891602e-05	99152
frame	select_cols	df[, c("x", "cat1")]	1000	1	1.45435333251953e-05	99152
frame	select_cols	df[, c("x", "cat1")]	1000	2	1.16825103759766e-05	99152
frame	select_cols	df[, c("x", "cat1")]	1000	3	1.0371208190918e-05	99152
frame	select_cols	df[, c("x", "cat1")]	1000	4	9.77516174316406e-06	99152
frame	select_cols	df[, c("x", "cat1")]	1000	5	1.08480453491211e-05	99152
frame	select_cols	df[, c("x", "cat1")]	1000	6	9.65595245361328e-06	99152
frame	group_by + mean	group_by(cat1) %>% summarise(mean(x))	1000	0	0.00252866744995117	1252576.00000001
frame	group_by + mean	group_by(cat1) %>% summarise(mean(x))	1000	1	0.00197744369506836	1252576.00000001
frame	group_by + mean	group_by(cat1) %>% summarise(mean(x))	1000	2	0.0019843578338623	1252576.00000001
frame	group_by + mean	group_by(cat1) %>% summarise(mean(x))	1000	3	0.00184345245361328	1252576.00000001
frame	group_by + mean	group_by(cat1) %>% summarise(mean(x))	1000	4	0.00174331665039062	1252576.00000001
frame	group_by + mean	group_by(cat1) %>% summarise(mean(x))	1000	5	0.00206089019775391	1252576.00000001
frame	group_by + mean	group_by(cat1) %>% summarise(mean(x))	1000	6	0.00180959701538086	1252576.00000001
frame	merge	merge(df_id, df_id, by = "id")	1000	0	0.000667929649353027	715771.200000003
frame	merge	merge(df_id, df_id, by = "id")	1000	1	0.000650167465209961	715771.200000003
frame	merge	merge(df_id, df_id, by = "id")	1000	2	0.000530123710632324	715771.200000003
frame	merge	merge(df_id, df_id, by = "id")	1000	3	0.000538110733032227	715771.200000003
frame	merge	merge(df_id, df_id, by = "id")	1000	4	0.000511288642883301	715771.200000003
frame	merge	merge(df_id, df_id, by = "id")	1000	5	0.000522017478942871	715771.200000003
frame	merge	merge(df_id, df_id, by = "id")	1000	6	0.000495076179504395	715771.200000003
frame	value_counts	table(df$cat1)	1000	0	0.000137686729431152	165804.800000004
frame	value_counts	table(df$cat1)	1000	1	9.8109245300293e-05	165804.800000004
frame	value_counts	table(df$cat1)	1000	2	8.70227813720703e-05	165804.800000004
frame	value_counts	table(df$cat1)	1000	3	8.03470611572266e-05	165804.800000004
frame	value_counts	table(df$cat1)	1000	4	7.49826431274414e-05	165804.800000004
frame	value_counts	table(df$cat1)	1000	5	8.70227813720703e-05	165804.800000004
frame	value_counts	table(df$cat1)	1000	6	7.83205032348633e-05	165804.800000004
frame	drop_duplicates	unique(df)	1000	0	0.00123238563537598	2127787.2
frame	drop_duplicates	unique(df)	1000	1	0.00114870071411133	2127787.2
frame	drop_duplicates	unique(df)	1000	2	0.00108671188354492	2127787.2
frame	drop_duplicates	unique(df)	1000	3	0.00105094909667969	2127787.2
frame	drop_duplicates	unique(df)	1000	4	0.00105571746826172	2127787.2
frame	drop_duplicates	unique(df)	1000	5	0.00101661682128906	2127787.2
frame	drop_duplicates	unique(df)	1000	6	0.00107288360595703	2127787.2
frame	transpose	t(m)	1000	0	1.75237655639648e-05	128156.800000004
frame	transpose	t(m)	1000	1	1.02519989013672e-05	128156.800000004
frame	transpose	t(m)	1000	2	7.62939453125e-06	128156.800000004
frame	transpose	t(m)	1000	3	7.86781311035156e-06	128156.800000004
frame	transpose	t(m)	1000	4	7.62939453125e-06	128156.800000004
frame	transpose	t(m)	1000	5	8.46385955810547e-06	128156.800000004
frame	transpose	t(m)	1000	6	6.91413879394531e-06	128156.800000004
frame	filter	df[df$x > 0, ]	3000	0	8.86690048944382e-05	317913.600000009
frame	filter	df[df$x > 0, ]	3000	1	8.26517740885417e-05	317913.600000009
frame	filter	df[df$x > 0, ]	3000	2	9.17003268287295e-05	317913.600000009
frame	filter	df[df$x > 0, ]	3000	3	7.49883197602772e-05	317913.600000009
frame	filter	df[df$x > 0, ]	3000	4	7.34556288946243e-05	317913.600000009
frame	filter	df[df$x > 0, ]	3000	5	7.30469113304502e-05	317913.600000009
frame	filter	df[df$x > 0, ]	3000	6	7.21954164050874e-05	317913.600000009
frame	select_cols	df[, c("x", "cat1")]	3000	0	7.53097755964412e-06	103934.400000006
frame	select_cols	df[, c("x", "cat1")]	3000	1	7.34246054361033e-06	103934.400000006
frame	select_cols	df[, c("x", "cat1")]	3000	2	6.96819882060206e-06	103934.400000006
frame	select_cols	df[, c("x", "cat1")]	3000	3	6.7575033320937e-06	103934.400000006
frame	select_cols	df[, c("x", "cat1")]	3000	4	6.89473263053007e-06	103934.400000006
frame	select_cols	df[, c("x", "cat1")]	3000	5	6.89057416694109e-06	103934.400000006
frame	select_cols	df[, c("x", "cat1")]	3000	6	6.90027724864871e-06	103934.400000006
frame	group_by + mean	group_by(cat1) %>% summarise(mean(x))	3000	0	0.00223827362060547	1253104
frame	group_by + mean	group_by(cat1) %>% summarise(mean(x))	3000	1	0.00178372859954834	1253104
frame	group_by + mean	group_by(cat1) %>% summarise(mean(x))	3000	2	0.00169634819030762	1253104
frame	group_by + mean	group_by(cat1) %>% summarise(mean(x))	3000	3	0.00173163414001465	1253104
frame	group_by + mean	group_by(cat1) %>% summarise(mean(x))	3000	4	0.00164353847503662	1253104
frame	group_by + mean	group_by(cat1) %>% summarise(mean(x))	3000	5	0.00164520740509033	1253104
frame	group_by + mean	group_by(cat1) %>% summarise(mean(x))	3000	6	0.00201082229614258	1253104
frame	merge	merge(df_id, df_id, by = "id")	3000	0	0.0012974739074707	1563412.8
frame	merge	merge(df_id, df_id, by = "id")	3000	1	0.00114285945892334	1563412.8
frame	merge	merge(df_id, df_id, by = "id")	3000	2	0.0010913610458374	1563412.8
frame	merge	merge(df_id, df_id, by = "id")	3000	3	0.00106549263000488	1563412.8
frame	merge	merge(df_id, df_id, by = "id")	3000	4	0.00106179714202881	1563412.8
frame	merge	merge(df_id, df_id, by = "id")	3000	5	0.0010303258895874	1563412.8
frame	merge	merge(df_id, df_id, by = "id")	3000	6	0.00103509426116943	1563412.8
frame	value_counts	table(df$cat1)	3000	0	0.000145355860392253	405715.200000003
frame	value_counts	table(df$cat1)	3000	1	0.000128348668416341	405715.200000003
frame	value_counts	table(df$cat1)	3000	2	0.000121132532755534	405715.200000003
frame	value_counts	table(df$cat1)	3000	3	0.000117111206054687	405715.200000003
frame	value_counts	table(df$cat1)	3000	4	0.00011286735534668	405715.200000003
frame	value_counts	table(df$cat1)	3000	5	0.000120719273885091	405715.200000003
frame	value_counts	table(df$cat1)	3000	6	0.000113169352213542	405715.200000003
frame	drop_duplicates	unique(df)	3000	0	0.00331759452819824	6063761.60000001
frame	drop_duplicates	unique(df)	3000	1	0.00296330451965332	6063761.60000001
frame	drop_duplicates	unique(df)	3000	2	0.00293231010437012	6063761.60000001
frame	drop_duplicates	unique(df)	3000	3	0.00326895713806152	6063761.60000001
frame	drop_duplicates	unique(df)	3000	4	0.00317811965942383	6063761.60000001
frame	drop_duplicates	unique(df)	3000	5	0.00307202339172363	6063761.60000001
frame	drop_duplicates	unique(df)	3000	6	0.00307345390319824	6063761.60000001
frame	transpose	t(m)	3000	0	1.38140436428696e-05	187472
frame	transpose	t(m)	3000	1	1.32660367595616e-05	187472
frame	transpose	t(m)	3000	2	1.0990384799331e-05	187472
frame	transpose	t(m)	3000	3	1.05651456918289e-05	187472
frame	transpose	t(m)	3000	4	1.05687041780842e-05	187472
frame	transpose	t(m)	3000	5	1.0522443856766e-05	187472
frame	transpose	t(m)	3000	6	1.04993136961069e-05	187472
frame	filter	df[df$x > 0, ]	10000	0	0.000379006067911784	811720
frame	filter	df[df$x > 0, ]	10000	1	0.000358343124389648	811720
frame	filter	df[df$x > 0, ]	10000	2	0.000351508458455404	811720
frame	filter	df[df$x > 0, ]	10000	3	0.000362952550252279	811720
frame	filter	df[df$x > 0, ]	10000	4	0.000326871871948242	811720
frame	filter	df[df$x > 0, ]	10000	5	0.000340859095255534	811720
frame	filter	df[df$x > 0, ]	10000	6	0.000324646631876628	811720
frame	select_cols	df[, c("x", "cat1")]	10000	0	8.00689061482747e-06	73452.8000000045
frame	select_cols	df[, c("x", "cat1")]	10000	1	8.15138672337388e-06	73452.8000000045
frame	select_cols	df[, c("x", "cat1")]	10000	2	7.46503020777847e-06	73452.8000000045
frame	select_cols	df[, c("x", "cat1")]	10000	3	7.17423178932883e-06	73452.8000000045
frame	select_cols	df[, c("x", "cat1")]	10000	4	7.18868140018348e-06	73452.8000000045
frame	select_cols	df[, c("x", "cat1")]	10000	5	6.94484421701142e-06	73452.8000000045
frame	select_cols	df[, c("x", "cat1")]	10000	6	6.87801476680871e-06	73452.8000000045
frame	group_by + mean	group_by(cat1) %>% summarise(mean(x))	10000	0	0.00217711925506592	1536683.2
frame	group_by + mean	group_by(cat1) %>% summarise(mean(x))	10000	1	0.00179147720336914	1536683.2
frame	group_by + mean	group_by(cat1) %>% summarise(mean(x))	10000	2	0.0018150806427002	1536683.2
frame	group_by + mean	group_by(cat1) %>% summarise(mean(x))	10000	3	0.00186252593994141	1536683.2
frame	group_by + mean	group_by(cat1) %>% summarise(mean(x))	10000	4	0.00176739692687988	1536683.2
frame	group_by + mean	group_by(cat1) %>% summarise(mean(x))	10000	5	0.00179052352905273	1536683.2
frame	group_by + mean	group_by(cat1) %>% summarise(mean(x))	10000	6	0.00185751914978027	1536683.2
frame	merge	merge(df_id, df_id, by = "id")	10000	0	0.00423502922058105	4468432
frame	merge	merge(df_id, df_id, by = "id")	10000	1	0.00359678268432617	4468432
frame	merge	merge(df_id, df_id, by = "id")	10000	2	0.0035252571105957	4468432
frame	merge	merge(df_id, df_id, by = "id")	10000	3	0.00349807739257812	4468432
frame	merge	merge(df_id, df_id, by = "id")	10000	4	0.00340127944946289	4468432
frame	merge	merge(df_id, df_id, by = "id")	10000	5	0.00345373153686523	4468432
frame	merge	merge(df_id, df_id, by = "id")	10000	6	0.00349593162536621	4468432
frame	value_counts	table(df$cat1)	10000	0	0.00039060910542806	794152
frame	value_counts	table(df$cat1)	10000	1	0.000342806180318197	794152
frame	value_counts	table(df$cat1)	10000	2	0.000337839126586914	794152
frame	value_counts	table(df$cat1)	10000	3	0.000328222910563151	794152
frame	value_counts	table(df$cat1)	10000	4	0.00036156177520752	794152
frame	value_counts	table(df$cat1)	10000	5	0.000328262646993001	794152
frame	value_counts	table(df$cat1)	10000	6	0.000301520029703776	794152
frame	drop_duplicates	unique(df)	10000	0	0.0105366706848145	19873971.2
frame	drop_duplicates	unique(df)	10000	1	0.0105385780334473	19873971.2
frame	drop_duplicates	unique(df)	10000	2	0.0106539726257324	19873971.2
frame	drop_duplicates	unique(df)	10000	3	0.0104565620422363	19873971.2
frame	drop_duplicates	unique(df)	10000	4	0.0138838291168213	19873971.2
frame	drop_duplicates	unique(df)	10000	5	0.00919413566589355	19873971.2
frame	drop_duplicates	unique(df)	10000	6	0.00919508934020996	19873971.2
frame	transpose	t(m)	10000	0	3.95354102639591e-05	261336
frame	transpose	t(m)	10000	1	3.73382194369447e-05	261336
frame	transpose	t(m)	10000	2	3.54215210559321e-05	261336
frame	transpose	t(m)	10000	3	3.46969155704274e-05	261336
frame	transpose	t(m)	10000	4	3.94138635373583e-05	261336
frame	transpose	t(m)	10000	5	0.000117666581097771	261336
frame	transpose	t(m)	10000	6	3.19340649773093e-05	261336
frame	filter	df[df$x > 0, ]	30000	0	0.00158894062042236	2097878.40000001
frame	filter	df[df$x > 0, ]	30000	1	0.00145876407623291	2097878.40000001
frame	filter	df[df$x > 0, ]	30000	2	0.00135648250579834	2097878.40000001
frame	filter	df[df$x > 0, ]	30000	3	0.00131654739379883	2097878.40000001
frame	filter	df[df$x > 0, ]	30000	4	0.00129640102386475	2097878.40000001
frame	filter	df[df$x > 0, ]	30000	5	0.0013505220413208	2097878.40000001
frame	filter	df[df$x > 0, ]	30000	6	0.0013045072555542	2097878.40000001
frame	select_cols	df[, c("x", "cat1")]	30000	0	8.20415360586984e-06	206177.600000009
frame	select_cols	df[, c("x", "cat1")]	30000	1	7.40800585065569e-06	206177.600000009
frame	select_cols	df[, c("x", "cat1")]	30000	2	7.48605955214728e-06	206177.600000009
frame	select_cols	df[, c("x", "cat1")]	30000	3	7.11707841782343e-06	206177.600000009
frame	select_cols	df[, c("x", "cat1")]	30000	4	6.83608509245373e-06	206177.600000009
frame	select_cols	df[, c("x", "cat1")]	30000	5	7.09153357006255e-06	206177.600000009
frame	select_cols	df[, c("x", "cat1")]	30000	6	7.31717972528367e-06	206177.600000009
frame	group_by + mean	group_by(cat1) %>% summarise(mean(x))	30000	0	0.00324797630310059	2403923.2
frame	group_by + mean	group_by(cat1) %>% summarise(mean(x))	30000	1	0.00281572341918945	2403923.2
frame	group_by + mean	group_by(cat1) %>% summarise(mean(x))	30000	2	0.0022273063659668	2403923.2
frame	group_by + mean	group_by(cat1) %>% summarise(mean(x))	30000	3	0.00199031829833984	2403923.2
frame	group_by + mean	group_by(cat1) %>% summarise(mean(x))	30000	4	0.00202727317810059	2403923.2
frame	group_by + mean	group_by(cat1) %>% summarise(mean(x))	30000	5	0.00197696685791016	2403923.2
frame	group_by + mean	group_by(cat1) %>% summarise(mean(x))	30000	6	0.00201582908630371	2403923.2
frame	merge	merge(df_id, df_id, by = "id")	30000	0	0.0150587558746338	12046558.4
frame	merge	merge(df_id, df_id, by = "id")	30000	1	0.0134439468383789	12046558.4
frame	merge	merge(df_id, df_id, by = "id")	30000	2	0.01348876953125	12046558.4
frame	merge	merge(df_id, df_id, by = "id")	30000	3	0.0133805274963379	12046558.4
frame	merge	merge(df_id, df_id, by = "id")	30000	4	0.0139269828796387	12046558.4
frame	merge	merge(df_id, df_id, by = "id")	30000	5	0.0135352611541748	12046558.4
frame	merge	merge(df_id, df_id, by = "id")	30000	6	0.0186254978179932	12046558.4
frame	value_counts	table(df$cat1)	30000	0	0.000997622807820638	1870571.2
frame	value_counts	table(df$cat1)	30000	1	0.000931104024251302	1870571.2
frame	value_counts	table(df$cat1)	30000	2	0.000894705454508464	1870571.2
frame	value_counts	table(df$cat1)	30000	3	0.00086665153503418	1870571.2
frame	value_counts	table(df$cat1)	30000	4	0.000851631164550781	1870571.2
frame	value_counts	table(df$cat1)	30000	5	0.000876188278198242	1870571.2
frame	value_counts	table(df$cat1)	30000	6	0.000907500584920247	1870571.2
frame	drop_duplicates	unique(df)	30000	0	0.0297050476074219	59013699.2
frame	drop_duplicates	unique(df)	30000	1	0.033987283706665	59013699.2
frame	drop_duplicates	unique(df)	30000	2	0.0371527671813965	59013699.2
frame	drop_duplicates	unique(df)	30000	3	0.0345726013183594	59013699.2
frame	drop_duplicates	unique(df)	30000	4	0.035653829574585	59013699.2
frame	drop_duplicates	unique(df)	30000	5	0.0349576473236084	59013699.2
frame	drop_duplicates	unique(df)	30000	6	0.0661544799804688	59013699.2
frame	transpose	t(m)	30000	0	0.000109885868273283	918324.800000004
frame	transpose	t(m)	30000	1	0.000107790294446443	918324.800000004
frame	transpose	t(m)	30000	2	0.000125746977956671	918324.800000004
frame	transpose	t(m)	30000	3	9.47149176346628e-05	918324.800000004
frame	transpose	t(m)	30000	4	0.00030727135507684	918324.800000004
frame	transpose	t(m)	30000	5	9.31087293122944e-05	918324.800000004
frame	transpose	t(m)	30000	6	9.26820855391653e-05	918324.800000004
frame	filter	df[df$x > 0, ]	100000	0	0.00632643699645996	6675468.80000001
frame	filter	df[df$x > 0, ]	100000	1	0.00579404830932617	6675468.80000001
frame	filter	df[df$x > 0, ]	100000	2	0.00560235977172852	6675468.80000001
frame	filter	df[df$x > 0, ]	100000	3	0.00566959381103516	6675468.80000001
frame	filter	df[df$x > 0, ]	100000	4	0.00562882423400879	6675468.80000001
frame	filter	df[df$x > 0, ]	100000	5	0.00561380386352539	6675468.80000001
frame	filter	df[df$x > 0, ]	100000	6	0.00573062896728516	6675468.80000001
frame	select_cols	df[, c("x", "cat1")]	100000	0	7.78681192642603e-06	170033.600000009
frame	select_cols	df[, c("x", "cat1")]	100000	1	7.39556092482347e-06	170033.600000009
frame	select_cols	df[, c("x", "cat1")]	100000	2	7.12963250967172e-06	170033.600000009
frame	select_cols	df[, c("x", "cat1")]	100000	3	7.13727413079677e-06	170033.600000009
frame	select_cols	df[, c("x", "cat1")]	100000	4	6.98138505984575e-06	170033.600000009
frame	select_cols	df[, c("x", "cat1")]	100000	5	6.86064744606996e-06	170033.600000009
frame	select_cols	df[, c("x", "cat1")]	100000	6	6.9584601964706e-06	170033.600000009
frame	group_by + mean	group_by(cat1) %>% summarise(mean(x))	100000	0	0.00372695922851562	5303792
frame	group_by + mean	group_by(cat1) %>% summarise(mean(x))	100000	1	0.00324296951293945	5303792
frame	group_by + mean	group_by(cat1) %>% summarise(mean(x))	100000	2	0.00291800498962402	5303792
frame	group_by + mean	group_by(cat1) %>% summarise(mean(x))	100000	3	0.00275993347167969	5303792
frame	group_by + mean	group_by(cat1) %>% summarise(mean(x))	100000	4	0.00267362594604492	5303792
frame	group_by + mean	group_by(cat1) %>% summarise(mean(x))	100000	5	0.00265407562255859	5303792
frame	group_by + mean	group_by(cat1) %>% summarise(mean(x))	100000	6	0.00261998176574707	5303792
frame	merge	merge(df_id, df_id, by = "id")	100000	0	0.0835368633270264	40217108.8
frame	merge	merge(df_id, df_id, by = "id")	100000	1	0.0885133743286133	40217108.8
frame	merge	merge(df_id, df_id, by = "id")	100000	2	0.0832145214080811	40217108.8
frame	merge	merge(df_id, df_id, by = "id")	100000	3	0.087918758392334	40217108.8
frame	merge	merge(df_id, df_id, by = "id")	100000	4	0.0866334438323975	40217108.8
frame	merge	merge(df_id, df_id, by = "id")	100000	5	0.0882723331451416	40217108.8
frame	merge	merge(df_id, df_id, by = "id")	100000	6	0.0878183841705322	40217108.8
frame	value_counts	table(df$cat1)	100000	0	0.00349712371826172	6029267.2
frame	value_counts	table(df$cat1)	100000	1	0.00310063362121582	6029267.2
frame	value_counts	table(df$cat1)	100000	2	0.00283694267272949	6029267.2
frame	value_counts	table(df$cat1)	100000	3	0.00272059440612793	6029267.2
frame	value_counts	table(df$cat1)	100000	4	0.00269198417663574	6029267.2
frame	value_counts	table(df$cat1)	100000	5	0.00272870063781738	6029267.2
frame	value_counts	table(df$cat1)	100000	6	0.00269579887390137	6029267.2
frame	drop_duplicates	unique(df)	100000	0	0.118531227111816	98719121.6
frame	drop_duplicates	unique(df)	100000	1	0.143962621688843	98719121.6
frame	drop_duplicates	unique(df)	100000	2	0.20411229133606	98719121.6
frame	drop_duplicates	unique(df)	100000	3	0.189958333969116	98719121.6
frame	drop_duplicates	unique(df)	100000	4	0.200681924819946	98719121.6
frame	drop_duplicates	unique(df)	100000	5	0.187260627746582	98719121.6
frame	drop_duplicates	unique(df)	100000	6	0.200638771057129	98719121.6
frame	transpose	t(m)	100000	0	0.000366619655064174	2559870.40000001
frame	transpose	t(m)	100000	1	0.000327723366873605	2559870.40000001
frame	transpose	t(m)	100000	2	0.000312328338623047	2559870.40000001
frame	transpose	t(m)	100000	3	0.000866174697875977	2559870.40000001
frame	transpose	t(m)	100000	4	0.000302723475864955	2559870.40000001
frame	transpose	t(m)	100000	5	0.000330720629010882	2559870.40000001
frame	transpose	t(m)	100000	6	0.000325032642909459	2559870.40000001
frame	filter	df[df$x > 0, ]	300000	0	0.011502742767334	20230243.2
frame	filter	df[df$x > 0, ]	300000	1	0.0107941627502441	20230243.2
frame	filter	df[df$x > 0, ]	300000	2	0.0154170989990234	20230243.2
frame	filter	df[df$x > 0, ]	300000	3	0.0115385055541992	20230243.2
frame	filter	df[df$x > 0, ]	300000	4	0.0162580013275146	20230243.2
frame	filter	df[df$x > 0, ]	300000	5	0.010831356048584	20230243.2
frame	filter	df[df$x > 0, ]	300000	6	0.0150740146636963	20230243.2
frame	select_cols	df[, c("x", "cat1")]	300000	0	7.76184929741754e-06	93320
frame	select_cols	df[, c("x", "cat1")]	300000	1	7.36301327929085e-06	93320
frame	select_cols	df[, c("x", "cat1")]	300000	2	7.30708793357567e-06	93320
frame	select_cols	df[, c("x", "cat1")]	300000	3	6.98625305552541e-06	93320
frame	select_cols	df[, c("x", "cat1")]	300000	4	6.70221116807726e-06	93320
frame	select_cols	df[, c("x", "cat1")]	300000	5	6.87145892484688e-06	93320
frame	select_cols	df[, c("x", "cat1")]	300000	6	7.33357888680917e-06	93320
frame	group_by + mean	group_by(cat1) %>% summarise(mean(x))	300000	0	0.00614404678344727	12671968
frame	group_by + mean	group_by(cat1) %>% summarise(mean(x))	300000	1	0.00549149513244629	12671968
frame	group_by + mean	group_by(cat1) %>% summarise(mean(x))	300000	2	0.00556659698486328	12671968
frame	group_by + mean	group_by(cat1) %>% summarise(mean(x))	300000	3	0.0052497386932373	12671968
frame	group_by + mean	group_by(cat1) %>% summarise(mean(x))	300000	4	0.00975584983825684	12671968
frame	group_by + mean	group_by(cat1) %>% summarise(mean(x))	300000	5	0.00523710250854492	12671968
frame	group_by + mean	group_by(cat1) %>% summarise(mean(x))	300000	6	0.00517606735229492	12671968
frame	merge	merge(df_id, df_id, by = "id")	300000	0	0.109455823898315	104103531.2
frame	merge	merge(df_id, df_id, by = "id")	300000	1	0.111850500106812	104103531.2
frame	merge	merge(df_id, df_id, by = "id")	300000	2	0.15114688873291	104103531.2
frame	merge	merge(df_id, df_id, by = "id")	300000	3	0.169464349746704	104103531.2
frame	merge	merge(df_id, df_id, by = "id")	300000	4	0.171109676361084	104103531.2
frame	merge	merge(df_id, df_id, by = "id")	300000	5	0.163796186447144	104103531.2
frame	merge	merge(df_id, df_id, by = "id")	300000	6	0.168166399002075	104103531.2
frame	value_counts	table(df$cat1)	300000	0	0.00890183448791504	18745180.8
frame	value_counts	table(df$cat1)	300000	1	0.00814485549926758	18745180.8
frame	value_counts	table(df$cat1)	300000	2	0.00804996490478516	18745180.8
frame	value_counts	table(df$cat1)	300000	3	0.0081326961517334	18745180.8
frame	value_counts	table(df$cat1)	300000	4	0.0121121406555176	18745180.8
frame	value_counts	table(df$cat1)	300000	5	0.00812458992004395	18745180.8
frame	value_counts	table(df$cat1)	300000	6	0.00801920890808105	18745180.8
frame	drop_duplicates	unique(df)	300000	0	0.463705062866211	193748251.2
frame	drop_duplicates	unique(df)	300000	1	0.589733123779297	193748251.2
frame	drop_duplicates	unique(df)	300000	2	0.488337278366089	193748251.2
frame	drop_duplicates	unique(df)	300000	3	0.486006259918213	193748251.2
frame	drop_duplicates	unique(df)	300000	4	0.481487035751343	193748251.2
frame	drop_duplicates	unique(df)	300000	5	0.482303380966187	193748251.2
frame	drop_duplicates	unique(df)	300000	6	0.459292888641357	193748251.2
frame	transpose	t(m)	300000	0	0.00116157531738281	7307174.40000001
frame	transpose	t(m)	300000	1	0.00102674961090088	7307174.40000001
frame	transpose	t(m)	300000	2	0.000964999198913574	7307174.40000001
frame	transpose	t(m)	300000	3	0.000903606414794922	7307174.40000001
frame	transpose	t(m)	300000	4	0.000878572463989258	7307174.40000001
frame	transpose	t(m)	300000	5	0.000904440879821777	7307174.40000001
frame	transpose	t(m)	300000	6	0.00276219844818115	7307174.40000001
