run	seconds
0	0.363531864
1	0.301823713
2	0.301564697
3	0.303481044
4	0.313205870
5	0.301358673
6	0.302577625
7	0.303007385
8	0.301990920
9	0.303301007
