run	seconds
0	0.209408760070801
1	0.0574607849121094
2	0.0252406597137451
3	0.0282928943634033
4	0.0294911861419678
5	0.0241682529449463
6	0.0250434875488281
7	0.0231504440307617
8	0.0228621959686279
9	0.0255441665649414
